FilePath,CodeLines,CommentLines,BlankLines,TotalLines,CommentDensityPct
.\libs\shared\src\main\java\io\crate\common\annotations\GuardedBy.java,10,20,3,33,60.60606060606061
.\libs\shared\src\main\java\io\crate\common\annotations\Immutable.java,11,20,3,34,58.8235294117647
.\libs\shared\src\main\java\io\crate\common\annotations\NotThreadSafe.java,11,20,5,36,55.55555555555556
.\libs\shared\src\main\java\io\crate\common\annotations\OverridingMethodsMustInvokeSuper.java,11,20,3,34,58.8235294117647
.\libs\shared\src\main\java\io\crate\common\annotations\ThreadSafe.java,11,20,3,34,58.8235294117647
.\libs\shared\src\main\java\io\crate\common\annotations\VisibleForTesting.java,11,20,3,34,58.8235294117647
.\libs\shared\src\main\java\io\crate\common\Booleans.java,71,61,14,146,41.78082191780822
.\libs\shared\src\main\java\io\crate\common\CheckedFunction.java,6,23,3,32,71.875
.\libs\shared\src\main\java\io\crate\common\CheckedTriConsumer.java,4,23,2,29,79.3103448275862
.\libs\shared\src\main\java\io\crate\common\collections\AbstractIterator.java,63,66,17,146,45.205479452054796
.\libs\shared\src\main\java\io\crate\common\collections\BlockingEvictingQueue.java,15,20,5,40,50.0
.\libs\shared\src\main\java\io\crate\common\collections\BorrowedItem.java,16,20,6,42,47.61904761904762
.\libs\shared\src\main\java\io\crate\common\collections\CartesianList.java,81,24,13,118,20.338983050847457
.\libs\shared\src\main\java\io\crate\common\collections\CompoundOrdering.java,43,20,11,74,27.027027027027028
.\libs\shared\src\main\java\io\crate\common\collections\EnumSets.java,22,26,5,53,49.056603773584904
.\libs\shared\src\main\java\io\crate\common\collections\Iterables.java,150,157,36,343,45.77259475218659
.\libs\shared\src\main\java\io\crate\common\collections\Iterators.java,378,167,81,626,26.677316293929714
.\libs\shared\src\main\java\io\crate\common\collections\LexicographicalOrdering.java,49,35,12,96,36.458333333333336
.\libs\shared\src\main\java\io\crate\common\collections\Lists.java,494,112,87,693,16.161616161616163
.\libs\shared\src\main\java\io\crate\common\collections\MapBuilder.java,83,24,24,131,18.3206106870229
.\libs\shared\src\main\java\io\crate\common\collections\Maps.java,267,40,26,333,12.012012012012011
.\libs\shared\src\main\java\io\crate\common\collections\PeekingIterator.java,10,49,6,65,75.38461538461539
.\libs\shared\src\main\java\io\crate\common\collections\RefCountedItem.java,46,28,10,84,33.333333333333336
.\libs\shared\src\main\java\io\crate\common\collections\RingBuffer.java,38,20,11,69,28.985507246376812
.\libs\shared\src\main\java\io\crate\common\collections\Sets.java,101,20,19,140,14.285714285714286
.\libs\shared\src\main\java\io\crate\common\collections\Tuple.java,7,24,3,34,70.58823529411765
.\libs\shared\src\main\java\io\crate\common\concurrent\CompletableFutures.java,43,32,9,84,38.095238095238095
.\libs\shared\src\main\java\io\crate\common\concurrent\ConcurrencyLimit.java,95,82,34,211,38.86255924170616
.\libs\shared\src\main\java\io\crate\common\concurrent\ExpAvgMeasurement.java,43,15,11,69,21.73913043478261
.\libs\shared\src\main\java\io\crate\common\concurrent\Killable.java,18,46,7,71,64.78873239436619
.\libs\shared\src\main\java\io\crate\common\concurrent\Measurement.java,8,29,6,43,67.44186046511628
.\libs\shared\src\main\java\io\crate\common\exceptions\Exceptions.java,170,68,23,261,26.053639846743295
.\libs\shared\src\main\java\io\crate\common\FourFunction.java,5,38,2,45,84.44444444444444
.\libs\shared\src\main\java\io\crate\common\Hex.java,67,79,20,166,47.59036144578313
.\libs\shared\src\main\java\io\crate\common\io\IOUtils.java,150,104,23,277,37.545126353790614
.\libs\shared\src\main\java\io\crate\common\io\Streams.java,19,37,4,60,61.666666666666664
.\libs\shared\src\main\java\io\crate\common\MutableDouble.java,20,20,8,48,41.666666666666664
.\libs\shared\src\main\java\io\crate\common\MutableFloat.java,20,20,8,48,41.666666666666664
.\libs\shared\src\main\java\io\crate\common\MutableLong.java,49,20,15,84,23.80952380952381
.\libs\shared\src\main\java\io\crate\common\MutableObject.java,21,20,9,50,40.0
.\libs\shared\src\main\java\io\crate\common\Octal.java,69,32,11,112,28.571428571428573
.\libs\shared\src\main\java\io\crate\common\Optionals.java,14,20,5,39,51.282051282051285
.\libs\shared\src\main\java\io\crate\common\StringUtils.java,130,32,21,183,17.48633879781421
.\libs\shared\src\main\java\io\crate\common\Suppliers.java,89,37,20,146,25.34246575342466
.\libs\shared\src\main\java\io\crate\common\SuppressForbidden.java,10,23,3,36,63.888888888888886
.\libs\shared\src\main\java\io\crate\common\time\IsoLocale.java,10,27,4,41,65.85365853658537
.\libs\shared\src\main\java\io\crate\common\TriConsumer.java,4,33,3,40,82.5
.\libs\shared\src\main\java\io\crate\common\unit\TimeValue.java,218,36,36,290,12.413793103448276
.\libs\dex\src\main\java\io\crate\data\ArrayBucket.java,45,26,14,85,30.58823529411765
.\libs\dex\src\main\java\io\crate\data\ArrayRow.java,28,25,9,62,40.32258064516129
.\libs\dex\src\main\java\io\crate\data\AsyncFlatMapBatchIterator.java,92,23,17,132,17.424242424242426
.\libs\dex\src\main\java\io\crate\data\AsyncFlatMapper.java,8,20,5,33,60.60606060606061
.\libs\dex\src\main\java\io\crate\data\BatchIterator.java,94,141,25,260,54.23076923076923
.\libs\dex\src\main\java\io\crate\data\BatchIterators.java,61,46,9,116,39.6551724137931
.\libs\dex\src\main\java\io\crate\data\BiArrayRow.java,28,23,7,58,39.6551724137931
.\libs\dex\src\main\java\io\crate\data\breaker\BlockBasedRamAccounting.java,66,36,18,120,30.0
.\libs\dex\src\main\java\io\crate\data\breaker\RamAccounting.java,22,35,11,68,51.470588235294116
.\libs\dex\src\main\java\io\crate\data\breaker\RowAccounting.java,5,34,4,43,79.06976744186046
.\libs\dex\src\main\java\io\crate\data\Bucket.java,20,25,7,52,48.07692307692308
.\libs\dex\src\main\java\io\crate\data\Buckets.java,24,20,8,52,38.46153846153846
.\libs\dex\src\main\java\io\crate\data\CapturingRowConsumer.java,36,20,11,67,29.850746268656717
.\libs\dex\src\main\java\io\crate\data\CloseableIterator.java,19,20,7,46,43.47826086956522
.\libs\dex\src\main\java\io\crate\data\CollectingBatchIterator.java,143,34,21,198,17.171717171717173
.\libs\dex\src\main\java\io\crate\data\CollectingRowConsumer.java,26,20,7,53,37.735849056603776
.\libs\dex\src\main\java\io\crate\data\CollectionBucket.java,28,20,9,57,35.08771929824562
.\libs\dex\src\main\java\io\crate\data\CompositeBatchIterator.java,179,30,29,238,12.605042016806722
.\libs\dex\src\main\java\io\crate\data\FilteringBatchIterator.java,23,20,7,50,40.0
.\libs\dex\src\main\java\io\crate\data\FlatMapBatchIterator.java,68,21,14,103,20.388349514563107
.\libs\dex\src\main\java\io\crate\data\ForwardingBatchIterator.java,11,23,5,39,58.97435897435897
.\libs\dex\src\main\java\io\crate\data\InMemoryBatchIterator.java,75,28,20,123,22.764227642276424
.\libs\dex\src\main\java\io\crate\data\Input.java,4,20,3,27,74.07407407407408
.\libs\dex\src\main\java\io\crate\data\join\AntiJoinNLBatchIterator.java,28,38,6,72,52.77777777777778
.\libs\dex\src\main\java\io\crate\data\join\CombinedRow.java,55,20,13,88,22.727272727272727
.\libs\dex\src\main\java\io\crate\data\join\CrossJoinBlockNLBatchIterator.java,102,46,14,162,28.395061728395063
.\libs\dex\src\main\java\io\crate\data\join\CrossJoinNLBatchIterator.java,44,36,9,89,40.449438202247194
.\libs\dex\src\main\java\io\crate\data\join\ElementCombiner.java,8,20,7,35,57.142857142857146
.\libs\dex\src\main\java\io\crate\data\join\FullOuterJoinNLBatchIterator.java,91,46,12,149,30.87248322147651
.\libs\dex\src\main\java\io\crate\data\join\JoinBatchIterator.java,61,39,17,117,33.333333333333336
.\libs\dex\src\main\java\io\crate\data\join\LeftJoinNLBatchIterator.java,62,40,11,113,35.39823008849557
.\libs\dex\src\main\java\io\crate\data\join\RightJoinNLBatchIterator.java,82,45,12,139,32.37410071942446
.\libs\dex\src\main\java\io\crate\data\join\SemiJoinNLBatchIterator.java,107,38,20,165,23.03030303030303
.\libs\dex\src\main\java\io\crate\data\LimitingBatchIterator.java,45,20,11,76,26.31578947368421
.\libs\dex\src\main\java\io\crate\data\MappedForwardingBatchIterator.java,33,23,11,67,34.32835820895522
.\libs\dex\src\main\java\io\crate\data\package-info.java,1,52,1,54,96.29629629629629
.\libs\dex\src\main\java\io\crate\data\Paging.java,30,45,10,85,52.94117647058823
.\libs\dex\src\main\java\io\crate\data\Projector.java,8,30,6,44,68.18181818181819
.\libs\dex\src\main\java\io\crate\data\Row.java,61,45,14,120,37.5
.\libs\dex\src\main\java\io\crate\data\Row1.java,28,20,10,58,34.48275862068966
.\libs\dex\src\main\java\io\crate\data\RowConsumer.java,16,64,9,89,71.91011235955057
.\libs\dex\src\main\java\io\crate\data\RowN.java,36,20,11,67,29.850746268656717
.\libs\dex\src\main\java\io\crate\data\Rows.java,12,20,4,36,55.55555555555556
.\libs\dex\src\main\java\io\crate\data\SentinelRow.java,19,20,6,45,44.44444444444444
.\libs\dex\src\main\java\io\crate\data\SkippingBatchIterator.java,28,20,7,55,36.36363636363637
.\libs\dex\src\main\java\io\crate\data\TopNDistinctBatchIterator.java,65,20,13,98,20.408163265306122
.\libs\dex\src\main\java\io\crate\data\UnsafeArrayRow.java,24,27,8,59,45.76271186440678
.\libs\es-x-content\src\main\java\org\elasticsearch\common\xcontent\AbstractObjectParser.java,82,113,22,217,52.07373271889401
.\libs\es-x-content\src\main\java\org\elasticsearch\common\xcontent\ConstructingObjectParser.java,243,220,33,496,44.354838709677416
.\libs\es-x-content\src\main\java\org\elasticsearch\common\xcontent\ContextParser.java,6,21,3,30,70.0
.\libs\es-x-content\src\main\java\org\elasticsearch\common\xcontent\DeprecationHandler.java,17,39,6,62,62.903225806451616
.\libs\es-x-content\src\main\java\org\elasticsearch\common\xcontent\json\JsonXContent.java,73,23,15,111,20.72072072072072
.\libs\es-x-content\src\main\java\org\elasticsearch\common\xcontent\json\JsonXContentGenerator.java,277,40,59,376,10.638297872340425
.\libs\es-x-content\src\main\java\org\elasticsearch\common\xcontent\json\JsonXContentParser.java,181,18,34,233,7.725321888412017
.\libs\es-x-content\src\main\java\org\elasticsearch\common\xcontent\NamedObjectNotFoundException.java,9,22,4,35,62.857142857142854
.\libs\es-x-content\src\main\java\org\elasticsearch\common\xcontent\NamedXContentRegistry.java,74,44,16,134,32.83582089552239
.\libs\es-x-content\src\main\java\org\elasticsearch\common\xcontent\ObjectParser.java,302,88,34,424,20.754716981132077
.\libs\es-x-content\src\main\java\org\elasticsearch\common\xcontent\ParseField.java,62,67,13,142,47.183098591549296
.\libs\es-x-content\src\main\java\org\elasticsearch\common\xcontent\smile\SmileXContent.java,64,23,16,103,22.33009708737864
.\libs\es-x-content\src\main\java\org\elasticsearch\common\xcontent\smile\SmileXContentGenerator.java,21,19,9,49,38.775510204081634
.\libs\es-x-content\src\main\java\org\elasticsearch\common\xcontent\smile\SmileXContentParser.java,16,18,5,39,46.15384615384615
.\libs\es-x-content\src\main\java\org\elasticsearch\common\xcontent\support\AbstractXContentParser.java,327,50,67,444,11.26126126126126
.\libs\es-x-content\src\main\java\org\elasticsearch\common\xcontent\XContent.java,22,59,13,94,62.765957446808514
.\libs\es-x-content\src\main\java\org\elasticsearch\common\xcontent\XContentBuilder.java,627,161,144,932,17.27467811158798
.\libs\es-x-content\src\main\java\org\elasticsearch\common\xcontent\XContentBuilderExtension.java,8,67,6,81,82.71604938271605
.\libs\es-x-content\src\main\java\org\elasticsearch\common\xcontent\XContentFactory.java,28,40,9,77,51.94805194805195
.\libs\es-x-content\src\main\java\org\elasticsearch\common\xcontent\XContentGenerator.java,103,24,45,172,13.953488372093023
.\libs\es-x-content\src\main\java\org\elasticsearch\common\xcontent\XContentLocation.java,14,24,4,42,57.142857142857146
.\libs\es-x-content\src\main\java\org\elasticsearch\common\xcontent\XContentParseException.java,31,21,13,65,32.30769230769231
.\libs\es-x-content\src\main\java\org\elasticsearch\common\xcontent\XContentParser.java,115,94,55,264,35.60606060606061
.\libs\es-x-content\src\main\java\org\elasticsearch\common\xcontent\XContentType.java,58,30,16,104,28.846153846153847
.\libs\es-x-content\src\main\java\org\elasticsearch\common\xcontent\yaml\YamlXContent.java,59,21,15,95,22.105263157894736
.\libs\es-x-content\src\main\java\org\elasticsearch\common\xcontent\yaml\YamlXContentGenerator.java,21,19,9,49,38.775510204081634
.\libs\es-x-content\src\main\java\org\elasticsearch\common\xcontent\yaml\YamlXContentParser.java,16,18,5,39,46.15384615384615
.\libs\cli\src\main\java\org\elasticsearch\cli\Command.java,87,43,22,152,28.289473684210527
.\libs\cli\src\main\java\org\elasticsearch\cli\ExitCodes.java,8,22,3,33,66.66666666666667
.\libs\cli\src\main\java\org\elasticsearch\cli\MultiCommand.java,74,44,13,131,33.587786259541986
.\libs\cli\src\main\java\org\elasticsearch\cli\Terminal.java,86,39,27,152,25.657894736842106
.\libs\cli\src\main\java\org\elasticsearch\cli\UserException.java,12,30,6,48,62.5
.\libs\guice\src\main\java\org\elasticsearch\common\inject\AbstractModule.java,92,119,28,239,49.7907949790795
.\libs\guice\src\main\java\org\elasticsearch\common\inject\AbstractProcessor.java,84,24,18,126,19.047619047619047
.\libs\guice\src\main\java\org\elasticsearch\common\inject\assistedinject\Assisted.java,14,25,6,45,55.55555555555556
.\libs\guice\src\main\java\org\elasticsearch\common\inject\assistedinject\AssistedConstructor.java,52,36,14,102,35.294117647058826
.\libs\guice\src\main\java\org\elasticsearch\common\inject\assistedinject\AssistedInject.java,10,30,4,44,68.18181818181819
.\libs\guice\src\main\java\org\elasticsearch\common\inject\assistedinject\FactoryProvider.java,101,106,18,225,47.111111111111114
.\libs\guice\src\main\java\org\elasticsearch\common\inject\assistedinject\package-info.java,1,19,1,21,90.47619047619048
.\libs\guice\src\main\java\org\elasticsearch\common\inject\assistedinject\Parameter.java,82,30,16,128,23.4375
.\libs\guice\src\main\java\org\elasticsearch\common\inject\assistedinject\ParameterListKey.java,34,22,10,66,33.333333333333336
.\libs\guice\src\main\java\org\elasticsearch\common\inject\binder\AnnotatedBindingBuilder.java,7,26,5,38,68.42105263157895
.\libs\guice\src\main\java\org\elasticsearch\common\inject\binder\AnnotatedConstantBindingBuilder.java,7,26,5,38,68.42105263157895
.\libs\guice\src\main\java\org\elasticsearch\common\inject\binder\AnnotatedElementBuilder.java,6,27,5,38,71.05263157894737
.\libs\guice\src\main\java\org\elasticsearch\common\inject\binder\ConstantBindingBuilder.java,13,48,12,73,65.75342465753425
.\libs\guice\src\main\java\org\elasticsearch\common\inject\binder\LinkedBindingBuilder.java,15,45,10,70,64.28571428571429
.\libs\guice\src\main\java\org\elasticsearch\common\inject\binder\package-info.java,1,19,1,21,90.47619047619048
.\libs\guice\src\main\java\org\elasticsearch\common\inject\binder\ScopedBindingBuilder.java,8,32,7,47,68.08510638297872
.\libs\guice\src\main\java\org\elasticsearch\common\inject\Binder.java,35,314,26,375,83.73333333333333
.\libs\guice\src\main\java\org\elasticsearch\common\inject\Binding.java,10,74,7,91,81.31868131868131
.\libs\guice\src\main\java\org\elasticsearch\common\inject\BindingAnnotation.java,9,28,4,41,68.29268292682927
.\libs\guice\src\main\java\org\elasticsearch\common\inject\BindingProcessor.java,223,37,41,301,12.29235880398671
.\libs\guice\src\main\java\org\elasticsearch\common\inject\BoundProviderFactory.java,44,18,8,70,25.714285714285715
.\libs\guice\src\main\java\org\elasticsearch\common\inject\Classes.java,14,18,6,38,47.36842105263158
.\libs\guice\src\main\java\org\elasticsearch\common\inject\ConfigurationException.java,38,38,10,86,44.18604651162791
.\libs\guice\src\main\java\org\elasticsearch\common\inject\ConstantFactory.java,24,18,7,49,36.734693877551024
.\libs\guice\src\main\java\org\elasticsearch\common\inject\ConstructionProxy.java,9,31,7,47,65.95744680851064
.\libs\guice\src\main\java\org\elasticsearch\common\inject\ConstructionProxyFactory.java,4,23,3,30,76.66666666666667
.\libs\guice\src\main\java\org\elasticsearch\common\inject\ConstructorBindingImpl.java,85,17,17,119,14.285714285714286
.\libs\guice\src\main\java\org\elasticsearch\common\inject\ConstructorInjector.java,63,31,15,109,28.440366972477065
.\libs\guice\src\main\java\org\elasticsearch\common\inject\ConstructorInjectorStore.java,40,23,13,76,30.263157894736842
.\libs\guice\src\main\java\org\elasticsearch\common\inject\ContextualCallable.java,6,18,3,27,66.66666666666667
.\libs\guice\src\main\java\org\elasticsearch\common\inject\CreationException.java,21,27,7,55,49.09090909090909
.\libs\guice\src\main\java\org\elasticsearch\common\inject\DefaultConstructionProxyFactory.java,35,23,10,68,33.8235294117647
.\libs\guice\src\main\java\org\elasticsearch\common\inject\DeferredLookups.java,30,24,8,62,38.70967741935484
.\libs\guice\src\main\java\org\elasticsearch\common\inject\EncounterImpl.java,95,18,22,135,13.333333333333334
.\libs\guice\src\main\java\org\elasticsearch\common\inject\Exposed.java,11,22,4,37,59.45945945945946
.\libs\guice\src\main\java\org\elasticsearch\common\inject\ExposedKeyFactory.java,32,22,8,62,35.483870967741936
.\libs\guice\src\main\java\org\elasticsearch\common\inject\FactoryProxy.java,40,18,10,68,26.470588235294116
.\libs\guice\src\main\java\org\elasticsearch\common\inject\Guice.java,22,68,8,98,69.38775510204081
.\libs\guice\src\main\java\org\elasticsearch\common\inject\ImplementedBy.java,10,23,5,38,60.526315789473685
.\libs\guice\src\main\java\org\elasticsearch\common\inject\InheritingState.java,126,19,24,169,11.242603550295858
.\libs\guice\src\main\java\org\elasticsearch\common\inject\Initializable.java,6,23,4,33,69.6969696969697
.\libs\guice\src\main\java\org\elasticsearch\common\inject\Initializables.java,17,21,5,43,48.83720930232558
.\libs\guice\src\main\java\org\elasticsearch\common\inject\Initializer.java,86,57,21,164,34.75609756097561
.\libs\guice\src\main\java\org\elasticsearch\common\inject\Inject.java,14,47,5,66,71.21212121212122
.\libs\guice\src\main\java\org\elasticsearch\common\inject\InjectionRequestProcessor.java,84,25,15,124,20.161290322580644
.\libs\guice\src\main\java\org\elasticsearch\common\inject\Injector.java,12,104,11,127,81.88976377952756
.\libs\guice\src\main\java\org\elasticsearch\common\inject\InjectorBuilder.java,117,55,33,205,26.829268292682926
.\libs\guice\src\main\java\org\elasticsearch\common\inject\InjectorImpl.java,587,149,113,849,17.550058892815077
.\libs\guice\src\main\java\org\elasticsearch\common\inject\InjectorShell.java,180,45,44,269,16.728624535315983
.\libs\guice\src\main\java\org\elasticsearch\common\inject\internal\AbstractBindingBuilder.java,88,27,20,135,20.0
.\libs\guice\src\main\java\org\elasticsearch\common\inject\internal\Annotations.java,68,39,16,123,31.70731707317073
.\libs\guice\src\main\java\org\elasticsearch\common\inject\internal\BindingBuilder.java,106,22,21,149,14.765100671140939
.\libs\guice\src\main\java\org\elasticsearch\common\inject\internal\BindingImpl.java,83,22,20,125,17.6
.\libs\guice\src\main\java\org\elasticsearch\common\inject\internal\ConstantBindingBuilderImpl.java,95,21,24,140,15.0
.\libs\guice\src\main\java\org\elasticsearch\common\inject\internal\ConstructionContext.java,77,26,22,125,20.8
.\libs\guice\src\main\java\org\elasticsearch\common\inject\internal\Errors.java,475,69,113,657,10.502283105022832
.\libs\guice\src\main\java\org\elasticsearch\common\inject\internal\ErrorsException.java,10,22,6,38,57.89473684210526
.\libs\guice\src\main\java\org\elasticsearch\common\inject\internal\ExposedBindingImpl.java,55,15,15,85,17.647058823529413
.\libs\guice\src\main\java\org\elasticsearch\common\inject\internal\ExposureBuilder.java,43,18,11,72,25.0
.\libs\guice\src\main\java\org\elasticsearch\common\inject\internal\FailableCache.java,33,22,8,63,34.92063492063492
.\libs\guice\src\main\java\org\elasticsearch\common\inject\internal\InstanceBindingImpl.java,76,16,17,109,14.678899082568808
.\libs\guice\src\main\java\org\elasticsearch\common\inject\internal\InternalContext.java,24,21,8,53,39.62264150943396
.\libs\guice\src\main\java\org\elasticsearch\common\inject\internal\InternalFactory.java,20,32,9,61,52.459016393442624
.\libs\guice\src\main\java\org\elasticsearch\common\inject\internal\LinkedBindingImpl.java,48,15,12,75,20.0
.\libs\guice\src\main\java\org\elasticsearch\common\inject\internal\LinkedProviderBindingImpl.java,52,15,12,79,18.9873417721519
.\libs\guice\src\main\java\org\elasticsearch\common\inject\internal\MatcherAndConverter.java,30,18,10,58,31.03448275862069
.\libs\guice\src\main\java\org\elasticsearch\common\inject\internal\MoreTypes.java,481,91,110,682,13.343108504398828
.\libs\guice\src\main\java\org\elasticsearch\common\inject\internal\Nullability.java,14,28,4,46,60.869565217391305
.\libs\guice\src\main\java\org\elasticsearch\common\inject\internal\package-info.java,1,18,2,21,85.71428571428571
.\libs\guice\src\main\java\org\elasticsearch\common\inject\internal\PrivateElementsImpl.java,98,29,26,153,18.954248366013072
.\libs\guice\src\main\java\org\elasticsearch\common\inject\internal\ProviderInstanceBindingImpl.java,74,18,16,108,16.666666666666668
.\libs\guice\src\main\java\org\elasticsearch\common\inject\internal\ProviderMethod.java,73,27,14,114,23.68421052631579
.\libs\guice\src\main\java\org\elasticsearch\common\inject\internal\ProviderMethodsModule.java,89,31,20,140,22.142857142857142
.\libs\guice\src\main\java\org\elasticsearch\common\inject\internal\Scoping.java,152,43,40,235,18.29787234042553
.\libs\guice\src\main\java\org\elasticsearch\common\inject\internal\SourceProvider.java,34,30,11,75,40.0
.\libs\guice\src\main\java\org\elasticsearch\common\inject\internal\StackTraceElements.java,21,20,9,50,40.0
.\libs\guice\src\main\java\org\elasticsearch\common\inject\internal\Stopwatch.java,19,26,7,52,50.0
.\libs\guice\src\main\java\org\elasticsearch\common\inject\internal\Strings.java,15,40,3,58,68.96551724137932
.\libs\guice\src\main\java\org\elasticsearch\common\inject\internal\ToStringBuilder.java,23,21,9,53,39.62264150943396
.\libs\guice\src\main\java\org\elasticsearch\common\inject\internal\UniqueAnnotations.java,44,22,14,80,27.5
.\libs\guice\src\main\java\org\elasticsearch\common\inject\internal\UntargettedBindingImpl.java,43,15,10,68,22.058823529411764
.\libs\guice\src\main\java\org\elasticsearch\common\inject\InternalFactoryToProviderAdapter.java,33,18,9,60,30.0
.\libs\guice\src\main\java\org\elasticsearch\common\inject\Key.java,292,152,80,524,29.00763358778626
.\libs\guice\src\main\java\org\elasticsearch\common\inject\LookupProcessor.java,31,22,8,61,36.0655737704918
.\libs\guice\src\main\java\org\elasticsearch\common\inject\Lookups.java,5,21,4,30,70.0
.\libs\guice\src\main\java\org\elasticsearch\common\inject\matcher\AbstractMatcher.java,63,20,17,100,20.0
.\libs\guice\src\main\java\org\elasticsearch\common\inject\matcher\Matcher.java,6,31,5,42,73.80952380952381
.\libs\guice\src\main\java\org\elasticsearch\common\inject\matcher\Matchers.java,282,57,73,412,13.83495145631068
.\libs\guice\src\main\java\org\elasticsearch\common\inject\matcher\package-info.java,1,19,1,21,90.47619047619048
.\libs\guice\src\main\java\org\elasticsearch\common\inject\MembersInjector.java,4,34,3,41,82.92682926829268
.\libs\guice\src\main\java\org\elasticsearch\common\inject\MembersInjectorImpl.java,84,22,17,123,17.88617886178862
.\libs\guice\src\main\java\org\elasticsearch\common\inject\MembersInjectorStore.java,76,34,14,124,27.419354838709676
.\libs\guice\src\main\java\org\elasticsearch\common\inject\MessageProcessor.java,17,22,7,46,47.82608695652174
.\libs\guice\src\main\java\org\elasticsearch\common\inject\Module.java,4,36,3,43,83.72093023255815
.\libs\guice\src\main\java\org\elasticsearch\common\inject\ModulesBuilder.java,22,20,7,49,40.816326530612244
.\libs\guice\src\main\java\org\elasticsearch\common\inject\multibindings\Element.java,10,22,7,39,56.41025641025641
.\libs\guice\src\main\java\org\elasticsearch\common\inject\multibindings\MapBinder.java,221,135,45,401,33.66583541147132
.\libs\guice\src\main\java\org\elasticsearch\common\inject\multibindings\Multibinder.java,177,121,38,336,36.01190476190476
.\libs\guice\src\main\java\org\elasticsearch\common\inject\multibindings\package-info.java,1,19,1,21,90.47619047619048
.\libs\guice\src\main\java\org\elasticsearch\common\inject\multibindings\RealElement.java,40,18,12,70,25.714285714285715
.\libs\guice\src\main\java\org\elasticsearch\common\inject\name\Named.java,12,20,5,37,54.054054054054056
.\libs\guice\src\main\java\org\elasticsearch\common\inject\name\NamedImpl.java,33,16,11,60,26.666666666666668
.\libs\guice\src\main\java\org\elasticsearch\common\inject\name\Names.java,29,33,9,71,46.478873239436616
.\libs\guice\src\main\java\org\elasticsearch\common\inject\name\package-info.java,1,18,1,20,90.0
.\libs\guice\src\main\java\org\elasticsearch\common\inject\OutOfScopeException.java,12,22,5,39,56.41025641025641
.\libs\guice\src\main\java\org\elasticsearch\common\inject\package-info.java,1,45,1,47,95.74468085106383
.\libs\guice\src\main\java\org\elasticsearch\common\inject\PrivateBinder.java,11,35,8,54,64.81481481481481
.\libs\guice\src\main\java\org\elasticsearch\common\inject\PrivateElementProcessor.java,25,20,8,53,37.735849056603776
.\libs\guice\src\main\java\org\elasticsearch\common\inject\PrivateModule.java,66,123,24,213,57.74647887323944
.\libs\guice\src\main\java\org\elasticsearch\common\inject\ProvidedBy.java,10,23,5,38,60.526315789473685
.\libs\guice\src\main\java\org\elasticsearch\common\inject\Provider.java,4,44,3,51,86.27450980392157
.\libs\guice\src\main\java\org\elasticsearch\common\inject\ProviderToInternalFactoryAdapter.java,36,18,7,61,29.508196721311474
.\libs\guice\src\main\java\org\elasticsearch\common\inject\Provides.java,11,22,4,37,59.45945945945946
.\libs\guice\src\main\java\org\elasticsearch\common\inject\ProvisionException.java,33,28,10,71,39.436619718309856
.\libs\guice\src\main\java\org\elasticsearch\common\inject\Reflection.java,17,26,6,49,53.06122448979592
.\libs\guice\src\main\java\org\elasticsearch\common\inject\Scope.java,6,50,4,60,83.33333333333333
.\libs\guice\src\main\java\org\elasticsearch\common\inject\ScopeAnnotation.java,9,28,4,41,68.29268292682927
.\libs\guice\src\main\java\org\elasticsearch\common\inject\ScopeBindingProcessor.java,30,23,10,63,36.507936507936506
.\libs\guice\src\main\java\org\elasticsearch\common\inject\Scopes.java,71,51,19,141,36.170212765957444
.\libs\guice\src\main\java\org\elasticsearch\common\inject\SingleFieldInjector.java,40,18,8,66,27.272727272727273
.\libs\guice\src\main\java\org\elasticsearch\common\inject\SingleMemberInjector.java,8,18,4,30,60.0
.\libs\guice\src\main\java\org\elasticsearch\common\inject\SingleMethodInjector.java,53,18,9,80,22.5
.\libs\guice\src\main\java\org\elasticsearch\common\inject\SingleParameterInjector.java,42,22,11,75,29.333333333333332
.\libs\guice\src\main\java\org\elasticsearch\common\inject\Singleton.java,10,21,4,35,60.0
.\libs\guice\src\main\java\org\elasticsearch\common\inject\spi\BindingScopingVisitor.java,9,40,8,57,70.17543859649123
.\libs\guice\src\main\java\org\elasticsearch\common\inject\spi\BindingTargetVisitor.java,12,60,11,83,72.28915662650603
.\libs\guice\src\main\java\org\elasticsearch\common\inject\spi\ConstructorBinding.java,7,32,6,45,71.11111111111111
.\libs\guice\src\main\java\org\elasticsearch\common\inject\spi\ConvertedConstantBinding.java,10,31,7,48,64.58333333333333
.\libs\guice\src\main\java\org\elasticsearch\common\inject\spi\DefaultBindingScopingVisitor.java,24,27,9,60,45.0
.\libs\guice\src\main\java\org\elasticsearch\common\inject\spi\DefaultBindingTargetVisitor.java,44,28,13,85,32.94117647058823
.\libs\guice\src\main\java\org\elasticsearch\common\inject\spi\DefaultElementVisitor.java,47,27,14,88,30.681818181818183
.\libs\guice\src\main\java\org\elasticsearch\common\inject\spi\Dependency.java,68,47,15,130,36.15384615384615
.\libs\guice\src\main\java\org\elasticsearch\common\inject\spi\Element.java,7,47,7,61,77.04918032786885
.\libs\guice\src\main\java\org\elasticsearch\common\inject\spi\Elements.java,279,45,50,374,12.032085561497325
.\libs\guice\src\main\java\org\elasticsearch\common\inject\spi\ElementVisitor.java,14,54,13,81,66.66666666666667
.\libs\guice\src\main\java\org\elasticsearch\common\inject\spi\ExposedBinding.java,8,27,5,40,67.5
.\libs\guice\src\main\java\org\elasticsearch\common\inject\spi\HasDependencies.java,5,29,4,38,76.3157894736842
.\libs\guice\src\main\java\org\elasticsearch\common\inject\spi\InjectionListener.java,4,28,3,35,80.0
.\libs\guice\src\main\java\org\elasticsearch\common\inject\spi\InjectionPoint.java,249,110,61,420,26.19047619047619
.\libs\guice\src\main\java\org\elasticsearch\common\inject\spi\InjectionRequest.java,37,37,12,86,43.02325581395349
.\libs\guice\src\main\java\org\elasticsearch\common\inject\spi\InstanceBinding.java,7,30,7,44,68.18181818181819
.\libs\guice\src\main\java\org\elasticsearch\common\inject\spi\LinkedKeyBinding.java,6,24,5,35,68.57142857142857
.\libs\guice\src\main\java\org\elasticsearch\common\inject\spi\MembersInjectorLookup.java,53,43,14,110,39.09090909090909
.\libs\guice\src\main\java\org\elasticsearch\common\inject\spi\Message.java,65,49,17,131,37.404580152671755
.\libs\guice\src\main\java\org\elasticsearch\common\inject\spi\package-info.java,1,18,2,21,85.71428571428571
.\libs\guice\src\main\java\org\elasticsearch\common\inject\spi\PrivateElements.java,11,42,8,61,68.85245901639344
.\libs\guice\src\main\java\org\elasticsearch\common\inject\spi\ProviderBinding.java,7,25,4,36,69.44444444444444
.\libs\guice\src\main\java\org\elasticsearch\common\inject\spi\ProviderInstanceBinding.java,8,31,7,46,67.3913043478261
.\libs\guice\src\main\java\org\elasticsearch\common\inject\spi\ProviderKeyBinding.java,7,25,5,37,67.56756756756756
.\libs\guice\src\main\java\org\elasticsearch\common\inject\spi\ProviderLookup.java,61,40,18,119,33.61344537815126
.\libs\guice\src\main\java\org\elasticsearch\common\inject\spi\ProviderWithDependencies.java,4,21,3,28,75.0
.\libs\guice\src\main\java\org\elasticsearch\common\inject\spi\ScopeBinding.java,33,26,10,69,37.68115942028985
.\libs\guice\src\main\java\org\elasticsearch\common\inject\spi\StaticInjectionRequest.java,31,37,10,78,47.43589743589744
.\libs\guice\src\main\java\org\elasticsearch\common\inject\spi\TypeConverter.java,5,24,4,33,72.72727272727273
.\libs\guice\src\main\java\org\elasticsearch\common\inject\spi\TypeConverterBinding.java,34,25,10,69,36.231884057971016
.\libs\guice\src\main\java\org\elasticsearch\common\inject\spi\TypeEncounter.java,17,72,12,101,71.2871287128713
.\libs\guice\src\main\java\org\elasticsearch\common\inject\spi\TypeListener.java,5,37,5,47,78.72340425531915
.\libs\guice\src\main\java\org\elasticsearch\common\inject\spi\TypeListenerBinding.java,33,30,10,73,41.0958904109589
.\libs\guice\src\main\java\org\elasticsearch\common\inject\spi\UntargettedBinding.java,4,22,3,29,75.86206896551724
.\libs\guice\src\main\java\org\elasticsearch\common\inject\Stage.java,6,33,5,44,75.0
.\libs\guice\src\main\java\org\elasticsearch\common\inject\State.java,93,50,37,180,27.77777777777778
.\libs\guice\src\main\java\org\elasticsearch\common\inject\TypeConverterBindingProcessor.java,142,25,23,190,13.157894736842104
.\libs\guice\src\main\java\org\elasticsearch\common\inject\TypeListenerBindingProcessor.java,13,20,5,38,52.63157894736842
.\libs\guice\src\main\java\org\elasticsearch\common\inject\TypeLiteral.java,194,121,45,360,33.611111111111114
.\libs\guice\src\main\java\org\elasticsearch\common\inject\util\Modules.java,179,72,37,288,25.0
.\libs\guice\src\main\java\org\elasticsearch\common\inject\util\package-info.java,1,18,1,20,90.0
.\libs\guice\src\main\java\org\elasticsearch\common\inject\util\Providers.java,18,31,6,55,56.36363636363637
.\libs\guice\src\main\java\org\elasticsearch\common\inject\util\Types.java,45,75,15,135,55.55555555555556
.\libs\guice\src\main\java\org\elasticsearch\common\inject\WeakKeySet.java,12,27,6,45,60.0
.\libs\sql-parser\src\main\java\io\crate\sql\AbstractSqlBaseLexer.java,20,20,8,48,41.666666666666664
.\libs\sql-parser\src\main\java\io\crate\sql\ExpressionFormatter.java,626,26,93,745,3.48993288590604
.\libs\sql-parser\src\main\java\io\crate\sql\Identifiers.java,120,36,25,181,19.88950276243094
.\libs\sql-parser\src\main\java\io\crate\sql\Literals.java,125,46,13,184,25.0
.\libs\sql-parser\src\main\java\io\crate\sql\parser\AstBuilder.java,2492,61,335,2888,2.1121883656509697
.\libs\sql-parser\src\main\java\io\crate\sql\parser\CaseInsensitiveStream.java,50,20,15,85,23.529411764705884
.\libs\sql-parser\src\main\java\io\crate\sql\parser\ExceptionErrorStrategy.java,27,20,8,55,36.36363636363637
.\libs\sql-parser\src\main\java\io\crate\sql\parser\IdentifierSymbol.java,11,20,5,36,55.55555555555556
.\libs\sql-parser\src\main\java\io\crate\sql\parser\ParsingException.java,29,20,13,62,32.25806451612903
.\libs\sql-parser\src\main\java\io\crate\sql\parser\SqlParser.java,209,39,35,283,13.780918727915195
.\libs\sql-parser\src\main\java\io\crate\sql\parser\SqlParserOptions.java,15,20,6,41,48.78048780487805
.\libs\sql-parser\src\main\java\io\crate\sql\SqlFormatter.java,1677,23,175,1875,1.2266666666666666
.\libs\sql-parser\src\main\java\io\crate\sql\tree\AbstractCast.java,47,20,15,82,24.390243902439025
.\libs\sql-parser\src\main\java\io\crate\sql\tree\AddColumnDefinition.java,65,20,14,99,20.2020202020202
.\libs\sql-parser\src\main\java\io\crate\sql\tree\AliasedRelation.java,52,20,13,85,23.529411764705884
.\libs\sql-parser\src\main\java\io\crate\sql\tree\AllColumns.java,38,20,11,69,28.985507246376812
.\libs\sql-parser\src\main\java\io\crate\sql\tree\AllocatePrimaryShard.java,72,20,16,108,18.51851851851852
.\libs\sql-parser\src\main\java\io\crate\sql\tree\AlterClusterRerouteRetryFailed.java,11,20,4,35,57.142857142857146
.\libs\sql-parser\src\main\java\io\crate\sql\tree\AlterPublication.java,56,20,14,90,22.22222222222222
.\libs\sql-parser\src\main\java\io\crate\sql\tree\AlterRepository.java,57,20,13,90,22.22222222222222
.\libs\sql-parser\src\main\java\io\crate\sql\tree\AlterRoleReset.java,15,20,5,40,50.0
.\libs\sql-parser\src\main\java\io\crate\sql\tree\AlterRoleSet.java,47,20,12,79,25.31645569620253
.\libs\sql-parser\src\main\java\io\crate\sql\tree\AlterServer.java,19,20,8,47,42.5531914893617
.\libs\sql-parser\src\main\java\io\crate\sql\tree\AlterSubscription.java,18,20,5,43,46.51162790697674
.\libs\sql-parser\src\main\java\io\crate\sql\tree\AlterTable.java,70,20,14,104,19.23076923076923
.\libs\sql-parser\src\main\java\io\crate\sql\tree\AlterTableAddColumn.java,44,20,11,75,26.666666666666668
.\libs\sql-parser\src\main\java\io\crate\sql\tree\AlterTableAlterColumnDefault.java,47,20,13,80,25.0
.\libs\sql-parser\src\main\java\io\crate\sql\tree\AlterTableDropColumn.java,44,20,11,75,26.666666666666668
.\libs\sql-parser\src\main\java\io\crate\sql\tree\AlterTableOpenClose.java,50,20,12,82,24.390243902439025
.\libs\sql-parser\src\main\java\io\crate\sql\tree\AlterTableRenameColumn.java,44,20,12,76,26.31578947368421
.\libs\sql-parser\src\main\java\io\crate\sql\tree\AlterTableRenameTable.java,50,20,12,82,24.390243902439025
.\libs\sql-parser\src\main\java\io\crate\sql\tree\AlterTableReroute.java,52,20,12,84,23.80952380952381
.\libs\sql-parser\src\main\java\io\crate\sql\tree\AnalyzerElement.java,3,20,2,25,80.0
.\libs\sql-parser\src\main\java\io\crate\sql\tree\AnalyzeStatement.java,19,20,6,45,44.44444444444444
.\libs\sql-parser\src\main\java\io\crate\sql\tree\ArithmeticExpression.java,29,20,8,57,35.08771929824562
.\libs\sql-parser\src\main\java\io\crate\sql\tree\ArrayComparison.java,8,20,4,32,62.5
.\libs\sql-parser\src\main\java\io\crate\sql\tree\ArrayComparisonExpression.java,16,31,5,52,59.61538461538461
.\libs\sql-parser\src\main\java\io\crate\sql\tree\ArrayLikePredicate.java,17,23,5,45,51.111111111111114
.\libs\sql-parser\src\main\java\io\crate\sql\tree\ArrayLiteral.java,13,20,6,39,51.282051282051285
.\libs\sql-parser\src\main\java\io\crate\sql\tree\ArraySliceExpression.java,15,34,7,56,60.714285714285715
.\libs\sql-parser\src\main\java\io\crate\sql\tree\ArraySubQueryExpression.java,12,20,5,37,54.054054054054056
.\libs\sql-parser\src\main\java\io\crate\sql\tree\Assignment.java,58,32,16,106,30.18867924528302
.\libs\sql-parser\src\main\java\io\crate\sql\tree\AstVisitor.java,573,20,193,786,2.544529262086514
.\libs\sql-parser\src\main\java\io\crate\sql\tree\BeginStatement.java,11,20,4,35,57.142857142857146
.\libs\sql-parser\src\main\java\io\crate\sql\tree\BetweenPredicate.java,14,20,5,39,51.282051282051285
.\libs\sql-parser\src\main\java\io\crate\sql\tree\BitString.java,72,36,14,122,29.508196721311474
.\libs\sql-parser\src\main\java\io\crate\sql\tree\BitwiseExpression.java,26,20,8,54,37.03703703703704
.\libs\sql-parser\src\main\java\io\crate\sql\tree\BooleanLiteral.java,14,20,6,40,50.0
.\libs\sql-parser\src\main\java\io\crate\sql\tree\CascadeMode.java,5,20,2,27,74.07407407407408
.\libs\sql-parser\src\main\java\io\crate\sql\tree\Cast.java,12,20,6,38,52.63157894736842
.\libs\sql-parser\src\main\java\io\crate\sql\tree\CharFilters.java,37,20,10,67,29.850746268656717
.\libs\sql-parser\src\main\java\io\crate\sql\tree\CheckColumnConstraint.java,68,20,16,104,19.23076923076923
.\libs\sql-parser\src\main\java\io\crate\sql\tree\CheckConstraint.java,60,20,16,96,20.833333333333332
.\libs\sql-parser\src\main\java\io\crate\sql\tree\Close.java,12,20,5,37,54.054054054054056
.\libs\sql-parser\src\main\java\io\crate\sql\tree\ClusteredBy.java,49,20,12,81,24.691358024691358
.\libs\sql-parser\src\main\java\io\crate\sql\tree\CollectionColumnType.java,35,23,11,69,33.333333333333336
.\libs\sql-parser\src\main\java\io\crate\sql\tree\ColumnConstraint.java,19,20,6,45,44.44444444444444
.\libs\sql-parser\src\main\java\io\crate\sql\tree\ColumnDefinition.java,117,23,20,160,14.375
.\libs\sql-parser\src\main\java\io\crate\sql\tree\ColumnPolicy.java,64,20,15,99,20.2020202020202
.\libs\sql-parser\src\main\java\io\crate\sql\tree\ColumnStorageDefinition.java,46,20,12,78,25.641025641025642
.\libs\sql-parser\src\main\java\io\crate\sql\tree\ColumnType.java,48,20,15,83,24.096385542168676
.\libs\sql-parser\src\main\java\io\crate\sql\tree\CommitStatement.java,11,20,4,35,57.142857142857146
.\libs\sql-parser\src\main\java\io\crate\sql\tree\ComparisonExpression.java,35,20,10,65,30.76923076923077
.\libs\sql-parser\src\main\java\io\crate\sql\tree\CopyFrom.java,22,20,5,47,42.5531914893617
.\libs\sql-parser\src\main\java\io\crate\sql\tree\CopyTo.java,25,20,5,50,40.0
.\libs\sql-parser\src\main\java\io\crate\sql\tree\CreateAnalyzer.java,22,20,7,49,40.816326530612244
.\libs\sql-parser\src\main\java\io\crate\sql\tree\CreateBlobTable.java,30,20,8,58,34.48275862068966
.\libs\sql-parser\src\main\java\io\crate\sql\tree\CreateForeignTable.java,17,20,5,42,47.61904761904762
.\libs\sql-parser\src\main\java\io\crate\sql\tree\CreateFunction.java,24,20,5,49,40.816326530612244
.\libs\sql-parser\src\main\java\io\crate\sql\tree\CreatePublication.java,18,20,5,43,46.51162790697674
.\libs\sql-parser\src\main\java\io\crate\sql\tree\CreateRepository.java,17,20,4,41,48.78048780487805
.\libs\sql-parser\src\main\java\io\crate\sql\tree\CreateRole.java,17,20,4,41,48.78048780487805
.\libs\sql-parser\src\main\java\io\crate\sql\tree\CreateSchema.java,11,20,4,35,57.142857142857146
.\libs\sql-parser\src\main\java\io\crate\sql\tree\CreateServer.java,15,20,5,40,50.0
.\libs\sql-parser\src\main\java\io\crate\sql\tree\CreateSnapshot.java,22,20,6,48,41.666666666666664
.\libs\sql-parser\src\main\java\io\crate\sql\tree\CreateSubscription.java,20,20,5,45,44.44444444444444
.\libs\sql-parser\src\main\java\io\crate\sql\tree\CreateTable.java,93,20,17,130,15.384615384615385
.\libs\sql-parser\src\main\java\io\crate\sql\tree\CreateTableAs.java,14,20,5,39,51.282051282051285
.\libs\sql-parser\src\main\java\io\crate\sql\tree\CreateTableLike.java,19,20,5,44,45.45454545454545
.\libs\sql-parser\src\main\java\io\crate\sql\tree\CreateUserMapping.java,19,20,6,45,44.44444444444444
.\libs\sql-parser\src\main\java\io\crate\sql\tree\CreateView.java,15,20,4,39,51.282051282051285
.\libs\sql-parser\src\main\java\io\crate\sql\tree\CurrentTime.java,21,20,8,49,40.816326530612244
.\libs\sql-parser\src\main\java\io\crate\sql\tree\DeallocateStatement.java,15,20,6,41,48.78048780487805
.\libs\sql-parser\src\main\java\io\crate\sql\tree\Declare.java,20,20,5,45,44.44444444444444
.\libs\sql-parser\src\main\java\io\crate\sql\tree\DecommissionNodeStatement.java,13,20,4,37,54.054054054054056
.\libs\sql-parser\src\main\java\io\crate\sql\tree\DefaultColumnValue.java,15,20,7,42,47.61904761904762
.\libs\sql-parser\src\main\java\io\crate\sql\tree\DefaultConstraint.java,57,20,16,93,21.50537634408602
.\libs\sql-parser\src\main\java\io\crate\sql\tree\DefaultTraversalVisitor.java,281,21,67,369,5.691056910569106
.\libs\sql-parser\src\main\java\io\crate\sql\tree\Delete.java,15,20,5,40,50.0
.\libs\sql-parser\src\main\java\io\crate\sql\tree\DenyPrivilege.java,25,20,8,53,37.735849056603776
.\libs\sql-parser\src\main\java\io\crate\sql\tree\DiscardStatement.java,33,20,11,64,31.25
.\libs\sql-parser\src\main\java\io\crate\sql\tree\DoubleLiteral.java,12,20,5,37,54.054054054054056
.\libs\sql-parser\src\main\java\io\crate\sql\tree\DropAnalyzer.java,30,20,10,60,33.333333333333336
.\libs\sql-parser\src\main\java\io\crate\sql\tree\DropBlobTable.java,43,20,13,76,26.31578947368421
.\libs\sql-parser\src\main\java\io\crate\sql\tree\DropCheckConstraint.java,14,20,4,38,52.63157894736842
.\libs\sql-parser\src\main\java\io\crate\sql\tree\DropColumnDefinition.java,44,20,12,76,26.31578947368421
.\libs\sql-parser\src\main\java\io\crate\sql\tree\DropForeignTable.java,17,20,5,42,47.61904761904762
.\libs\sql-parser\src\main\java\io\crate\sql\tree\DropFunction.java,18,20,5,43,46.51162790697674
.\libs\sql-parser\src\main\java\io\crate\sql\tree\DropPublication.java,14,20,4,38,52.63157894736842
.\libs\sql-parser\src\main\java\io\crate\sql\tree\DropRepository.java,11,20,4,35,57.142857142857146
.\libs\sql-parser\src\main\java\io\crate\sql\tree\DropRole.java,14,20,4,38,52.63157894736842
.\libs\sql-parser\src\main\java\io\crate\sql\tree\DropSchema.java,14,20,5,39,51.282051282051285
.\libs\sql-parser\src\main\java\io\crate\sql\tree\DropServer.java,14,20,5,39,51.282051282051285
.\libs\sql-parser\src\main\java\io\crate\sql\tree\DropSnapshot.java,13,20,4,37,54.054054054054056
.\libs\sql-parser\src\main\java\io\crate\sql\tree\DropSubscription.java,14,20,4,38,52.63157894736842
.\libs\sql-parser\src\main\java\io\crate\sql\tree\DropTable.java,15,20,6,41,48.78048780487805
.\libs\sql-parser\src\main\java\io\crate\sql\tree\DropUserMapping.java,14,20,5,39,51.282051282051285
.\libs\sql-parser\src\main\java\io\crate\sql\tree\DropView.java,15,20,5,40,50.0
.\libs\sql-parser\src\main\java\io\crate\sql\tree\EmptyStatement.java,23,20,8,51,39.21568627450981
.\libs\sql-parser\src\main\java\io\crate\sql\tree\EscapedCharStringLiteral.java,16,20,6,42,47.61904761904762
.\libs\sql-parser\src\main\java\io\crate\sql\tree\Except.java,44,20,12,76,26.31578947368421
.\libs\sql-parser\src\main\java\io\crate\sql\tree\ExistsPredicate.java,12,20,5,37,54.054054054054056
.\libs\sql-parser\src\main\java\io\crate\sql\tree\Explain.java,25,22,8,55,40.0
.\libs\sql-parser\src\main\java\io\crate\sql\tree\Expression.java,7,20,3,30,66.66666666666667
.\libs\sql-parser\src\main\java\io\crate\sql\tree\Extract.java,31,20,6,57,35.08771929824562
.\libs\sql-parser\src\main\java\io\crate\sql\tree\Fetch.java,52,45,13,110,40.90909090909091
.\libs\sql-parser\src\main\java\io\crate\sql\tree\FrameBound.java,221,58,25,304,19.07894736842105
.\libs\sql-parser\src\main\java\io\crate\sql\tree\FunctionArgument.java,40,20,12,72,27.77777777777778
.\libs\sql-parser\src\main\java\io\crate\sql\tree\FunctionCall.java,23,20,8,51,39.21568627450981
.\libs\sql-parser\src\main\java\io\crate\sql\tree\GCDanglingArtifacts.java,22,20,8,50,40.0
.\libs\sql-parser\src\main\java\io\crate\sql\tree\GeneratedExpressionConstraint.java,57,20,16,93,21.50537634408602
.\libs\sql-parser\src\main\java\io\crate\sql\tree\GenericProperties.java,107,41,27,175,23.428571428571427
.\libs\sql-parser\src\main\java\io\crate\sql\tree\GenericProperty.java,43,30,11,84,35.714285714285715
.\libs\sql-parser\src\main\java\io\crate\sql\tree\GrantPrivilege.java,25,20,9,54,37.03703703703704
.\libs\sql-parser\src\main\java\io\crate\sql\tree\GroupBy.java,51,20,14,85,23.529411764705884
.\libs\sql-parser\src\main\java\io\crate\sql\tree\IfExpression.java,15,23,6,44,52.27272727272727
.\libs\sql-parser\src\main\java\io\crate\sql\tree\IndexColumnConstraint.java,58,20,15,93,21.50537634408602
.\libs\sql-parser\src\main\java\io\crate\sql\tree\IndexDefinition.java,64,20,14,98,20.408163265306122
.\libs\sql-parser\src\main\java\io\crate\sql\tree\InListExpression.java,13,20,6,39,51.282051282051285
.\libs\sql-parser\src\main\java\io\crate\sql\tree\InPredicate.java,12,20,5,37,54.054054054054056
.\libs\sql-parser\src\main\java\io\crate\sql\tree\Insert.java,139,20,26,185,10.81081081081081
.\libs\sql-parser\src\main\java\io\crate\sql\tree\IntegerLiteral.java,12,20,5,37,54.054054054054056
.\libs\sql-parser\src\main\java\io\crate\sql\tree\Intersect.java,44,20,12,76,26.31578947368421
.\libs\sql-parser\src\main\java\io\crate\sql\tree\IntervalLiteral.java,44,23,9,76,30.263157894736842
.\libs\sql-parser\src\main\java\io\crate\sql\tree\IsNotNullPredicate.java,12,20,5,37,54.054054054054056
.\libs\sql-parser\src\main\java\io\crate\sql\tree\IsNullPredicate.java,12,20,5,37,54.054054054054056
.\libs\sql-parser\src\main\java\io\crate\sql\tree\Join.java,68,20,15,103,19.41747572815534
.\libs\sql-parser\src\main\java\io\crate\sql\tree\JoinCriteria.java,9,21,4,34,61.76470588235294
.\libs\sql-parser\src\main\java\io\crate\sql\tree\JoinOn.java,33,20,10,63,31.746031746031747
.\libs\sql-parser\src\main\java\io\crate\sql\tree\JoinType.java,33,20,5,58,34.48275862068966
.\libs\sql-parser\src\main\java\io\crate\sql\tree\JoinUsing.java,72,20,12,104,19.23076923076923
.\libs\sql-parser\src\main\java\io\crate\sql\tree\KillStatement.java,12,20,5,37,54.054054054054056
.\libs\sql-parser\src\main\java\io\crate\sql\tree\LikeOption.java,11,20,4,35,57.142857142857146
.\libs\sql-parser\src\main\java\io\crate\sql\tree\LikePredicate.java,15,20,5,40,50.0
.\libs\sql-parser\src\main\java\io\crate\sql\tree\Literal.java,52,20,5,77,25.974025974025974
.\libs\sql-parser\src\main\java\io\crate\sql\tree\LocStmt.java,7,22,5,34,64.70588235294117
.\libs\sql-parser\src\main\java\io\crate\sql\tree\LogicalBinaryExpression.java,17,20,6,43,46.51162790697674
.\libs\sql-parser\src\main\java\io\crate\sql\tree\LongLiteral.java,12,20,5,37,54.054054054054056
.\libs\sql-parser\src\main\java\io\crate\sql\tree\MatchPredicate.java,22,20,8,50,40.0
.\libs\sql-parser\src\main\java\io\crate\sql\tree\MatchPredicateColumnIdent.java,26,20,7,53,37.735849056603776
.\libs\sql-parser\src\main\java\io\crate\sql\tree\MultiStatement.java,8,20,5,33,60.60606060606061
.\libs\sql-parser\src\main\java\io\crate\sql\tree\NamedProperties.java,39,20,10,69,28.985507246376812
.\libs\sql-parser\src\main\java\io\crate\sql\tree\NaturalJoin.java,18,20,5,43,46.51162790697674
.\libs\sql-parser\src\main\java\io\crate\sql\tree\NegativeExpression.java,21,24,6,51,47.05882352941177
.\libs\sql-parser\src\main\java\io\crate\sql\tree\Node.java,6,20,3,29,68.96551724137932
.\libs\sql-parser\src\main\java\io\crate\sql\tree\NotExpression.java,12,20,5,37,54.054054054054056
.\libs\sql-parser\src\main\java\io\crate\sql\tree\NotNullColumnConstraint.java,29,20,10,59,33.898305084745765
.\libs\sql-parser\src\main\java\io\crate\sql\tree\NullColumnConstraint.java,29,20,9,58,34.48275862068966
.\libs\sql-parser\src\main\java\io\crate\sql\tree\NullLiteral.java,15,20,7,42,47.61904761904762
.\libs\sql-parser\src\main\java\io\crate\sql\tree\NumericLiteral.java,13,20,6,39,51.282051282051285
.\libs\sql-parser\src\main\java\io\crate\sql\tree\ObjectColumnType.java,47,20,13,80,25.0
.\libs\sql-parser\src\main\java\io\crate\sql\tree\ObjectLiteral.java,13,20,6,39,51.282051282051285
.\libs\sql-parser\src\main\java\io\crate\sql\tree\OptimizeStatement.java,24,20,7,51,39.21568627450981
.\libs\sql-parser\src\main\java\io\crate\sql\tree\ParameterExpression.java,15,20,6,41,48.78048780487805
.\libs\sql-parser\src\main\java\io\crate\sql\tree\PartitionedBy.java,35,20,13,68,29.41176470588235
.\libs\sql-parser\src\main\java\io\crate\sql\tree\PrimaryKeyColumnConstraint.java,41,20,12,73,27.397260273972602
.\libs\sql-parser\src\main\java\io\crate\sql\tree\PrimaryKeyConstraint.java,51,20,12,83,24.096385542168676
.\libs\sql-parser\src\main\java\io\crate\sql\tree\PrivilegeStatement.java,54,20,14,88,22.727272727272727
.\libs\sql-parser\src\main\java\io\crate\sql\tree\PromoteReplica.java,60,20,14,94,21.27659574468085
.\libs\sql-parser\src\main\java\io\crate\sql\tree\QualifiedName.java,63,24,17,104,23.076923076923077
.\libs\sql-parser\src\main\java\io\crate\sql\tree\QualifiedNameReference.java,12,20,5,37,54.054054054054056
.\libs\sql-parser\src\main\java\io\crate\sql\tree\Query.java,23,20,5,48,41.666666666666664
.\libs\sql-parser\src\main\java\io\crate\sql\tree\QueryBody.java,7,20,3,30,66.66666666666667
.\libs\sql-parser\src\main\java\io\crate\sql\tree\QuerySpecification.java,104,20,19,143,13.986013986013987
.\libs\sql-parser\src\main\java\io\crate\sql\tree\QueryUtil.java,15,20,5,40,50.0
.\libs\sql-parser\src\main\java\io\crate\sql\tree\RecordSubscript.java,12,20,5,37,54.054054054054056
.\libs\sql-parser\src\main\java\io\crate\sql\tree\RefreshStatement.java,14,20,5,39,51.282051282051285
.\libs\sql-parser\src\main\java\io\crate\sql\tree\Relation.java,7,20,3,30,66.66666666666667
.\libs\sql-parser\src\main\java\io\crate\sql\tree\RerouteAllocateReplicaShard.java,49,20,12,81,24.691358024691358
.\libs\sql-parser\src\main\java\io\crate\sql\tree\RerouteCancelShard.java,57,20,13,90,22.22222222222222
.\libs\sql-parser\src\main\java\io\crate\sql\tree\RerouteMoveShard.java,57,20,13,90,22.22222222222222
.\libs\sql-parser\src\main\java\io\crate\sql\tree\RerouteOption.java,3,20,2,25,80.0
.\libs\sql-parser\src\main\java\io\crate\sql\tree\ResetStatement.java,19,20,7,46,43.47826086956522
.\libs\sql-parser\src\main\java\io\crate\sql\tree\RestoreSnapshot.java,82,20,17,119,16.80672268907563
.\libs\sql-parser\src\main\java\io\crate\sql\tree\RevokePrivilege.java,25,20,8,53,37.735849056603776
.\libs\sql-parser\src\main\java\io\crate\sql\tree\SearchedCaseExpression.java,13,20,6,39,51.282051282051285
.\libs\sql-parser\src\main\java\io\crate\sql\tree\Select.java,45,20,11,76,26.31578947368421
.\libs\sql-parser\src\main\java\io\crate\sql\tree\SelectItem.java,7,20,3,30,66.66666666666667
.\libs\sql-parser\src\main\java\io\crate\sql\tree\SetOperation.java,8,20,2,30,66.66666666666667
.\libs\sql-parser\src\main\java\io\crate\sql\tree\SetSessionAuthorizationStatement.java,29,27,9,65,41.53846153846154
.\libs\sql-parser\src\main\java\io\crate\sql\tree\SetStatement.java,75,20,19,114,17.54385964912281
.\libs\sql-parser\src\main\java\io\crate\sql\tree\SetTransactionStatement.java,35,20,13,68,29.41176470588235
.\libs\sql-parser\src\main\java\io\crate\sql\tree\ShowColumns.java,21,20,6,47,42.5531914893617
.\libs\sql-parser\src\main\java\io\crate\sql\tree\ShowCreateTable.java,17,20,6,43,46.51162790697674
.\libs\sql-parser\src\main\java\io\crate\sql\tree\ShowSchemas.java,17,20,6,43,46.51162790697674
.\libs\sql-parser\src\main\java\io\crate\sql\tree\ShowSessionParameter.java,16,20,5,41,48.78048780487805
.\libs\sql-parser\src\main\java\io\crate\sql\tree\ShowTables.java,19,20,6,45,44.44444444444444
.\libs\sql-parser\src\main\java\io\crate\sql\tree\ShowTransaction.java,11,20,4,35,57.142857142857146
.\libs\sql-parser\src\main\java\io\crate\sql\tree\SimpleCaseExpression.java,13,20,6,39,51.282051282051285
.\libs\sql-parser\src\main\java\io\crate\sql\tree\SingleColumn.java,48,20,12,80,25.0
.\libs\sql-parser\src\main\java\io\crate\sql\tree\SortItem.java,56,20,14,90,22.22222222222222
.\libs\sql-parser\src\main\java\io\crate\sql\tree\Statement.java,7,20,3,30,66.66666666666667
.\libs\sql-parser\src\main\java\io\crate\sql\tree\StringLiteral.java,16,20,7,43,46.51162790697674
.\libs\sql-parser\src\main\java\io\crate\sql\tree\SubqueryExpression.java,12,20,5,37,54.054054054054056
.\libs\sql-parser\src\main\java\io\crate\sql\tree\SubscriptExpression.java,12,32,5,49,65.3061224489796
.\libs\sql-parser\src\main\java\io\crate\sql\tree\SwapTable.java,17,20,4,41,48.78048780487805
.\libs\sql-parser\src\main\java\io\crate\sql\tree\Table.java,72,20,17,109,18.34862385321101
.\libs\sql-parser\src\main\java\io\crate\sql\tree\TableElement.java,9,20,5,34,58.8235294117647
.\libs\sql-parser\src\main\java\io\crate\sql\tree\TableFunction.java,39,20,11,70,28.571428571428573
.\libs\sql-parser\src\main\java\io\crate\sql\tree\TableSubquery.java,36,20,10,66,30.303030303030305
.\libs\sql-parser\src\main\java\io\crate\sql\tree\TokenFilters.java,37,20,10,67,29.850746268656717
.\libs\sql-parser\src\main\java\io\crate\sql\tree\Tokenizer.java,39,20,11,70,28.571428571428573
.\libs\sql-parser\src\main\java\io\crate\sql\tree\TrimMode.java,39,20,9,68,29.41176470588235
.\libs\sql-parser\src\main\java\io\crate\sql\tree\TryCast.java,10,20,4,34,58.8235294117647
.\libs\sql-parser\src\main\java\io\crate\sql\tree\Union.java,51,20,13,84,23.80952380952381
.\libs\sql-parser\src\main\java\io\crate\sql\tree\Update.java,21,20,5,46,43.47826086956522
.\libs\sql-parser\src\main\java\io\crate\sql\tree\Values.java,36,20,12,68,29.41176470588235
.\libs\sql-parser\src\main\java\io\crate\sql\tree\ValuesList.java,37,20,10,67,29.850746268656717
.\libs\sql-parser\src\main\java\io\crate\sql\tree\WhenClause.java,12,20,5,37,54.054054054054056
.\libs\sql-parser\src\main\java\io\crate\sql\tree\Window.java,51,36,12,99,36.36363636363637
.\libs\sql-parser\src\main\java\io\crate\sql\tree\WindowFrame.java,51,20,13,84,23.80952380952381
.\libs\sql-parser\src\main\java\io\crate\sql\tree\With.java,14,20,5,39,51.282051282051285
.\libs\sql-parser\src\main\java\io\crate\sql\tree\WithQuery.java,45,20,12,77,25.974025974025974
.\libs\pgwire\src\main\java\io\crate\protocols\postgres\parser\PgArrayASTVisitor.java,58,23,12,93,24.731182795698924
.\libs\pgwire\src\main\java\io\crate\protocols\postgres\parser\PgArrayParser.java,62,22,13,97,22.68041237113402
.\libs\pgwire\src\main\java\io\crate\protocols\postgres\parser\PgArrayParsingException.java,23,20,11,54,37.03703703703704
.\libs\opendal\src\main\java\io\crate\opendal\OpenDALBlobContainer.java,98,20,16,134,14.925373134328359
.\libs\opendal\src\main\java\io\crate\opendal\OpenDALBlobStore.java,36,20,8,64,31.25
.\libs\opendal\src\main\java\io\crate\opendal\OpenDALFileInput.java,70,21,14,105,20.0
.\libs\opendal\src\main\java\io\crate\opendal\OpenDALFileOutput.java,29,24,10,63,38.095238095238095
.\libs\opendal\src\main\java\io\crate\opendal\S3.java,48,28,9,85,32.94117647058823
.\libs\opendal\src\main\java\io\crate\opendal\SharedAsyncExecutor.java,33,24,11,68,35.294117647058826
.\server\src\main\java\io\crate\analyze\AlterRepositoryAnalyzer.java,27,20,8,55,36.36363636363637
.\server\src\main\java\io\crate\analyze\AlterTableAddColumnAnalyzer.java,31,20,6,57,35.08771929824562
.\server\src\main\java\io\crate\analyze\AlterTableAlterColumnDefaultAnalyzer.java,94,21,13,128,16.40625
.\server\src\main\java\io\crate\analyze\AlterTableAnalyzer.java,91,22,18,131,16.793893129770993
.\server\src\main\java\io\crate\analyze\AlterTableDropColumnAnalyzer.java,100,21,15,136,15.441176470588236
.\server\src\main\java\io\crate\analyze\AlterTableRenameColumnAnalyzer.java,104,21,15,140,15.0
.\server\src\main\java\io\crate\analyze\AlterTableRerouteAnalyzer.java,157,22,20,199,11.055276381909549
.\server\src\main\java\io\crate\analyze\Analysis.java,28,20,9,57,35.08771929824562
.\server\src\main\java\io\crate\analyze\AnalyzedAlterRepository.java,15,20,6,41,48.78048780487805
.\server\src\main\java\io\crate\analyze\AnalyzedAlterRole.java,17,20,7,44,45.45454545454545
.\server\src\main\java\io\crate\analyze\AnalyzedAlterServer.java,23,20,7,50,40.0
.\server\src\main\java\io\crate\analyze\AnalyzedAlterTable.java,34,20,10,64,31.25
.\server\src\main\java\io\crate\analyze\AnalyzedAlterTableAddColumn.java,69,26,8,103,25.24271844660194
.\server\src\main\java\io\crate\analyze\AnalyzedAlterTableAlterColumnDefault.java,22,20,7,49,40.816326530612244
.\server\src\main\java\io\crate\analyze\AnalyzedAlterTableDropCheckConstraint.java,25,20,10,55,36.36363636363637
.\server\src\main\java\io\crate\analyze\AnalyzedAlterTableDropColumn.java,17,20,6,43,46.51162790697674
.\server\src\main\java\io\crate\analyze\AnalyzedAlterTableOpenClose.java,37,20,13,70,28.571428571428573
.\server\src\main\java\io\crate\analyze\AnalyzedAlterTableRenameColumn.java,18,20,6,44,45.45454545454545
.\server\src\main\java\io\crate\analyze\AnalyzedAlterTableRenameTable.java,35,20,12,67,29.850746268656717
.\server\src\main\java\io\crate\analyze\AnalyzedAnalyze.java,14,20,7,41,48.78048780487805
.\server\src\main\java\io\crate\analyze\AnalyzedBegin.java,16,20,7,43,46.51162790697674
.\server\src\main\java\io\crate\analyze\AnalyzedCheck.java,6,20,4,30,66.66666666666667
.\server\src\main\java\io\crate\analyze\AnalyzedClose.java,26,23,11,60,38.333333333333336
.\server\src\main\java\io\crate\analyze\AnalyzedCommit.java,16,20,7,43,46.51162790697674
.\server\src\main\java\io\crate\analyze\AnalyzedCopyFrom.java,60,20,15,95,21.05263157894737
.\server\src\main\java\io\crate\analyze\AnalyzedCopyFromReturnSummary.java,54,20,10,84,23.80952380952381
.\server\src\main\java\io\crate\analyze\AnalyzedCopyTo.java,70,20,16,106,18.867924528301888
.\server\src\main\java\io\crate\analyze\AnalyzedCreateAnalyzer.java,63,20,15,98,20.408163265306122
.\server\src\main\java\io\crate\analyze\AnalyzedCreateBlobTable.java,38,20,11,69,28.985507246376812
.\server\src\main\java\io\crate\analyze\AnalyzedCreateForeignTable.java,29,20,7,56,35.714285714285715
.\server\src\main\java\io\crate\analyze\AnalyzedCreateFunction.java,59,20,15,94,21.27659574468085
.\server\src\main\java\io\crate\analyze\AnalyzedCreateRepository.java,15,20,6,41,48.78048780487805
.\server\src\main\java\io\crate\analyze\AnalyzedCreateRole.java,17,20,7,44,45.45454545454545
.\server\src\main\java\io\crate\analyze\AnalyzedCreateSchema.java,17,20,7,44,45.45454545454545
.\server\src\main\java\io\crate\analyze\AnalyzedCreateServer.java,22,20,7,49,40.816326530612244
.\server\src\main\java\io\crate\analyze\AnalyzedCreateSnapshot.java,48,20,14,82,24.390243902439025
.\server\src\main\java\io\crate\analyze\AnalyzedCreateTable.java,159,29,16,204,14.215686274509803
.\server\src\main\java\io\crate\analyze\AnalyzedCreateTableAs.java,37,20,13,70,28.571428571428573
.\server\src\main\java\io\crate\analyze\AnalyzedCreateTableLike.java,30,20,11,61,32.78688524590164
.\server\src\main\java\io\crate\analyze\AnalyzedCreateUserMapping.java,22,20,7,49,40.816326530612244
.\server\src\main\java\io\crate\analyze\AnalyzedDeallocate.java,26,20,12,58,34.48275862068966
.\server\src\main\java\io\crate\analyze\AnalyzedDeclare.java,30,20,11,61,32.78688524590164
.\server\src\main\java\io\crate\analyze\AnalyzedDecommissionNode.java,30,20,11,61,32.78688524590164
.\server\src\main\java\io\crate\analyze\AnalyzedDeleteStatement.java,30,20,11,61,32.78688524590164
.\server\src\main\java\io\crate\analyze\AnalyzedDiscard.java,24,20,10,54,37.03703703703704
.\server\src\main\java\io\crate\analyze\AnalyzedDropAnalyzer.java,19,20,9,48,41.666666666666664
.\server\src\main\java\io\crate\analyze\AnalyzedDropForeignTable.java,21,20,7,48,41.666666666666664
.\server\src\main\java\io\crate\analyze\AnalyzedDropFunction.java,40,20,13,73,27.397260273972602
.\server\src\main\java\io\crate\analyze\AnalyzedDropRepository.java,19,20,9,48,41.666666666666664
.\server\src\main\java\io\crate\analyze\AnalyzedDropRole.java,28,20,11,59,33.898305084745765
.\server\src\main\java\io\crate\analyze\AnalyzedDropSchema.java,17,20,8,45,44.44444444444444
.\server\src\main\java\io\crate\analyze\AnalyzedDropServer.java,19,20,7,46,43.47826086956522
.\server\src\main\java\io\crate\analyze\AnalyzedDropSnapshot.java,24,20,10,54,37.03703703703704
.\server\src\main\java\io\crate\analyze\AnalyzedDropTable.java,27,20,12,59,33.898305084745765
.\server\src\main\java\io\crate\analyze\AnalyzedDropUserMapping.java,18,20,7,45,44.44444444444444
.\server\src\main\java\io\crate\analyze\AnalyzedDropView.java,30,20,11,61,32.78688524590164
.\server\src\main\java\io\crate\analyze\AnalyzedEmpty.java,32,20,12,64,31.25
.\server\src\main\java\io\crate\analyze\AnalyzedFetch.java,39,20,13,72,27.77777777777778
.\server\src\main\java\io\crate\analyze\AnalyzedGCDanglingArtifacts.java,17,20,8,45,44.44444444444444
.\server\src\main\java\io\crate\analyze\AnalyzedInsertStatement.java,190,23,30,243,9.465020576131687
.\server\src\main\java\io\crate\analyze\AnalyzedKill.java,29,20,10,59,33.898305084745765
.\server\src\main\java\io\crate\analyze\AnalyzedOptimizeTable.java,36,20,10,66,30.303030303030305
.\server\src\main\java\io\crate\analyze\AnalyzedPrivileges.java,45,20,14,79,25.31645569620253
.\server\src\main\java\io\crate\analyze\AnalyzedPromoteReplica.java,36,22,10,68,32.35294117647059
.\server\src\main\java\io\crate\analyze\AnalyzedRefreshTable.java,29,20,9,58,34.48275862068966
.\server\src\main\java\io\crate\analyze\AnalyzedRerouteAllocatePrimaryShard.java,36,22,10,68,32.35294117647059
.\server\src\main\java\io\crate\analyze\AnalyzedRerouteAllocateReplicaShard.java,22,20,8,50,40.0
.\server\src\main\java\io\crate\analyze\AnalyzedRerouteCancelShard.java,22,20,8,50,40.0
.\server\src\main\java\io\crate\analyze\AnalyzedRerouteMoveShard.java,30,20,9,59,33.898305084745765
.\server\src\main\java\io\crate\analyze\AnalyzedRerouteRetryFailed.java,12,20,6,38,52.63157894736842
.\server\src\main\java\io\crate\analyze\AnalyzedResetStatement.java,25,20,10,55,36.36363636363637
.\server\src\main\java\io\crate\analyze\AnalyzedRestoreSnapshot.java,84,20,18,122,16.39344262295082
.\server\src\main\java\io\crate\analyze\AnalyzedRole.java,26,20,11,57,35.08771929824562
.\server\src\main\java\io\crate\analyze\AnalyzedSetSessionAuthorizationStatement.java,33,27,11,71,38.028169014084504
.\server\src\main\java\io\crate\analyze\AnalyzedSetStatement.java,39,20,12,71,28.169014084507044
.\server\src\main\java\io\crate\analyze\AnalyzedSetTransaction.java,25,20,10,55,36.36363636363637
.\server\src\main\java\io\crate\analyze\AnalyzedShowCreateTable.java,48,20,12,80,25.0
.\server\src\main\java\io\crate\analyze\AnalyzedStatement.java,20,45,10,75,60.0
.\server\src\main\java\io\crate\analyze\AnalyzedStatementVisitor.java,251,20,83,354,5.649717514124294
.\server\src\main\java\io\crate\analyze\AnalyzedSwapTable.java,43,20,13,76,26.31578947368421
.\server\src\main\java\io\crate\analyze\AnalyzedUpdateStatement.java,58,23,15,96,23.958333333333332
.\server\src\main\java\io\crate\analyze\Analyzer.java,802,25,94,921,2.7144408251900107
.\server\src\main\java\io\crate\analyze\BoundAlterTable.java,13,20,4,37,54.054054054054056
.\server\src\main\java\io\crate\analyze\BoundCopyFrom.java,56,20,14,90,22.22222222222222
.\server\src\main\java\io\crate\analyze\BoundCopyTo.java,75,24,18,117,20.512820512820515
.\server\src\main\java\io\crate\analyze\BoundCreateTable.java,50,26,11,87,29.885057471264368
.\server\src\main\java\io\crate\analyze\BoundRestoreSnapshot.java,33,20,10,63,31.746031746031747
.\server\src\main\java\io\crate\analyze\ConstraintsValidator.java,49,36,7,92,39.130434782608695
.\server\src\main\java\io\crate\analyze\copy\NodeFilters.java,63,20,16,99,20.2020202020202
.\server\src\main\java\io\crate\analyze\CopyAnalyzer.java,120,20,16,156,12.820512820512821
.\server\src\main\java\io\crate\analyze\CopyFromParserProperties.java,96,20,21,137,14.598540145985401
.\server\src\main\java\io\crate\analyze\CopyStatementSettings.java,100,24,23,147,16.3265306122449
.\server\src\main\java\io\crate\analyze\CreateAnalyzerStatementAnalyzer.java,144,22,31,197,11.16751269035533
.\server\src\main\java\io\crate\analyze\CreateBlobTableAnalyzer.java,34,20,9,63,31.746031746031747
.\server\src\main\java\io\crate\analyze\CreateFunctionAnalyzer.java,48,20,10,78,25.641025641025642
.\server\src\main\java\io\crate\analyze\CreateRepositoryAnalyzer.java,34,20,8,62,32.25806451612903
.\server\src\main\java\io\crate\analyze\CreateSnapshotAnalyzer.java,55,20,12,87,22.988505747126435
.\server\src\main\java\io\crate\analyze\CreateTableAsAnalyzer.java,69,24,18,111,21.62162162162162
.\server\src\main\java\io\crate\analyze\CreateTableLikeAnalyzer.java,138,21,19,178,11.797752808988765
.\server\src\main\java\io\crate\analyze\CreateTableStatementAnalyzer.java,21,20,7,48,41.666666666666664
.\server\src\main\java\io\crate\analyze\CreateViewStmt.java,57,20,15,92,21.73913043478261
.\server\src\main\java\io\crate\analyze\DataTypeAnalyzer.java,50,22,10,82,26.829268292682926
.\server\src\main\java\io\crate\analyze\DCLStatement.java,11,23,4,38,60.526315789473685
.\server\src\main\java\io\crate\analyze\ddl\GeoSettingsApplier.java,61,20,11,92,21.73913043478261
.\server\src\main\java\io\crate\analyze\DDLStatement.java,11,20,4,35,57.142857142857146
.\server\src\main\java\io\crate\analyze\DeallocateAnalyzer.java,24,20,5,49,40.816326530612244
.\server\src\main\java\io\crate\analyze\DecommissionNodeAnalyzer.java,28,20,7,55,36.36363636363637
.\server\src\main\java\io\crate\analyze\DeleteAnalyzer.java,61,20,10,91,21.978021978021978
.\server\src\main\java\io\crate\analyze\DropAnalyzerStatementAnalyzer.java,14,20,6,40,50.0
.\server\src\main\java\io\crate\analyze\DropCheckConstraintAnalyzer.java,36,20,7,63,31.746031746031747
.\server\src\main\java\io\crate\analyze\DropColumn.java,17,20,7,44,45.45454545454545
.\server\src\main\java\io\crate\analyze\DropFunctionAnalyzer.java,16,20,7,43,46.51162790697674
.\server\src\main\java\io\crate\analyze\DropRepositoryAnalyzer.java,14,20,6,40,50.0
.\server\src\main\java\io\crate\analyze\DropSnapshotAnalyzer.java,21,20,9,50,40.0
.\server\src\main\java\io\crate\analyze\DropTableAnalyzer.java,82,20,13,115,17.391304347826086
.\server\src\main\java\io\crate\analyze\ExplainAnalyzedStatement.java,82,20,17,119,16.80672268907563
.\server\src\main\java\io\crate\analyze\ExplainStatementAnalyzer.java,93,21,24,138,15.217391304347826
.\server\src\main\java\io\crate\analyze\expressions\ExpressionAnalysisContext.java,65,33,21,119,27.73109243697479
.\server\src\main\java\io\crate\analyze\expressions\ExpressionAnalyzer.java,1233,168,138,1539,10.916179337231968
.\server\src\main\java\io\crate\analyze\expressions\SubqueryAnalyzer.java,16,21,6,43,48.83720930232558
.\server\src\main\java\io\crate\analyze\expressions\TableReferenceResolver.java,31,20,8,59,33.898305084745765
.\server\src\main\java\io\crate\analyze\expressions\ValueNormalizer.java,147,29,13,189,15.343915343915343
.\server\src\main\java\io\crate\analyze\FrameBoundDefinition.java,62,20,15,97,20.61855670103093
.\server\src\main\java\io\crate\analyze\FunctionArgumentDefinition.java,88,20,19,127,15.748031496062993
.\server\src\main\java\io\crate\analyze\GeneratedColumnExpander.java,198,39,31,268,14.552238805970148
.\server\src\main\java\io\crate\analyze\Id.java,103,37,18,158,23.417721518987342
.\server\src\main\java\io\crate\analyze\InsertAnalyzer.java,304,26,26,356,7.303370786516854
.\server\src\main\java\io\crate\analyze\JoinRelation.java,81,26,16,123,21.13821138211382
.\server\src\main\java\io\crate\analyze\KillAnalyzer.java,30,20,6,56,35.714285714285715
.\server\src\main\java\io\crate\analyze\MatchOptionsAnalysis.java,43,20,7,70,28.571428571428573
.\server\src\main\java\io\crate\analyze\MaybeAliasedStatement.java,31,26,9,66,39.39393939393939
.\server\src\main\java\io\crate\analyze\NegateLiterals.java,38,20,8,66,30.303030303030305
.\server\src\main\java\io\crate\analyze\NumberOfShards.java,37,20,11,68,29.41176470588235
.\server\src\main\java\io\crate\analyze\OptimizeTableAnalyzer.java,42,20,9,71,28.169014084507044
.\server\src\main\java\io\crate\analyze\OptimizeTableSettings.java,24,20,10,54,37.03703703703704
.\server\src\main\java\io\crate\analyze\OrderBy.java,187,48,24,259,18.53281853281853
.\server\src\main\java\io\crate\analyze\OutputNameFormatter.java,40,20,10,70,28.571428571428573
.\server\src\main\java\io\crate\analyze\ParameterTypes.java,40,20,11,71,28.169014084507044
.\server\src\main\java\io\crate\analyze\ParamTypeHints.java,35,26,11,72,36.111111111111114
.\server\src\main\java\io\crate\analyze\PrivilegesAnalyzer.java,218,23,19,260,8.846153846153847
.\server\src\main\java\io\crate\analyze\QueriedSelectRelation.java,167,33,23,223,14.798206278026905
.\server\src\main\java\io\crate\analyze\RefreshTableAnalyzer.java,41,20,8,69,28.985507246376812
.\server\src\main\java\io\crate\analyze\RelationNames.java,93,35,19,147,23.80952380952381
.\server\src\main\java\io\crate\analyze\relations\AbstractTableRelation.java,55,20,17,92,21.73913043478261
.\server\src\main\java\io\crate\analyze\relations\AliasedAnalyzedRelation.java,129,33,16,178,18.53932584269663
.\server\src\main\java\io\crate\analyze\relations\AnalyzedRelation.java,41,64,15,120,53.333333333333336
.\server\src\main\java\io\crate\analyze\relations\AnalyzedRelationVisitor.java,55,20,17,92,21.73913043478261
.\server\src\main\java\io\crate\analyze\relations\AnalyzedView.java,84,26,17,127,20.47244094488189
.\server\src\main\java\io\crate\analyze\relations\DocTableRelation.java,98,27,16,141,19.148936170212767
.\server\src\main\java\io\crate\analyze\relations\ExcludedFieldProvider.java,28,28,7,63,44.44444444444444
.\server\src\main\java\io\crate\analyze\relations\FieldProvider.java,24,20,8,52,38.46153846153846
.\server\src\main\java\io\crate\analyze\relations\FieldResolver.java,8,20,5,33,60.60606060606061
.\server\src\main\java\io\crate\analyze\relations\FullQualifiedNameFieldProvider.java,138,36,13,187,19.25133689839572
.\server\src\main\java\io\crate\analyze\relations\NameFieldProvider.java,33,25,9,67,37.3134328358209
.\server\src\main\java\io\crate\analyze\relations\OrderyByAnalyzer.java,43,20,8,71,28.169014084507044
.\server\src\main\java\io\crate\analyze\relations\ParentRelations.java,51,21,14,86,24.41860465116279
.\server\src\main\java\io\crate\analyze\relations\PlannedRelation.java,39,20,12,71,28.169014084507044
.\server\src\main\java\io\crate\analyze\relations\QuerySplitter.java,89,60,17,166,36.144578313253014
.\server\src\main\java\io\crate\analyze\relations\RelationAnalysisContext.java,39,22,11,72,30.555555555555557
.\server\src\main\java\io\crate\analyze\relations\RelationAnalyzer.java,776,61,70,907,6.725468577728776
.\server\src\main\java\io\crate\analyze\relations\select\SelectAnalysis.java,59,25,13,97,25.77319587628866
.\server\src\main\java\io\crate\analyze\relations\select\SelectAnalyzer.java,94,25,14,133,18.796992481203006
.\server\src\main\java\io\crate\analyze\relations\SelectListFieldProvider.java,45,20,9,74,27.027027027027028
.\server\src\main\java\io\crate\analyze\relations\StatementAnalysisContext.java,79,20,17,116,17.24137931034483
.\server\src\main\java\io\crate\analyze\relations\TableFunctionRelation.java,100,20,16,136,14.705882352941176
.\server\src\main\java\io\crate\analyze\relations\TableRelation.java,31,20,8,59,33.898305084745765
.\server\src\main\java\io\crate\analyze\relations\UnionSelect.java,83,21,16,120,17.5
.\server\src\main\java\io\crate\analyze\Relations.java,66,24,19,109,22.01834862385321
.\server\src\main\java\io\crate\analyze\repositories\RepositoryParamValidator.java,73,47,16,136,34.55882352941177
.\server\src\main\java\io\crate\analyze\repositories\TypeSettings.java,38,20,10,68,29.41176470588235
.\server\src\main\java\io\crate\analyze\RerouteAnalyzedStatement.java,27,20,9,56,35.714285714285715
.\server\src\main\java\io\crate\analyze\ResetStatementAnalyzer.java,28,20,8,56,35.714285714285715
.\server\src\main\java\io\crate\analyze\RestoreSnapshotAnalyzer.java,129,21,13,163,12.883435582822086
.\server\src\main\java\io\crate\analyze\RoleAnalyzer.java,54,22,10,86,25.58139534883721
.\server\src\main\java\io\crate\analyze\ScalarsAndRefsToTrue.java,80,46,18,144,31.944444444444443
.\server\src\main\java\io\crate\analyze\SetStatementAnalyzer.java,29,20,6,55,36.36363636363637
.\server\src\main\java\io\crate\analyze\ShowStatementAnalyzer.java,190,105,22,317,33.12302839116719
.\server\src\main\java\io\crate\analyze\SnapshotSettings.java,20,20,13,53,37.735849056603776
.\server\src\main\java\io\crate\analyze\SubscriptContext.java,37,23,14,74,31.08108108108108
.\server\src\main\java\io\crate\analyze\SubscriptVisitor.java,102,33,24,159,20.754716981132077
.\server\src\main\java\io\crate\analyze\SwapTableAnalyzer.java,67,20,9,96,20.833333333333332
.\server\src\main\java\io\crate\analyze\SymbolEvaluator.java,62,29,12,103,28.155339805825243
.\server\src\main\java\io\crate\analyze\TableElementsAnalyzer.java,757,51,61,869,5.868814729574224
.\server\src\main\java\io\crate\analyze\TableInfoToAST.java,316,25,27,368,6.793478260869565
.\server\src\main\java\io\crate\analyze\TableParameters.java,142,47,29,218,21.559633027522935
.\server\src\main\java\io\crate\analyze\TableProperties.java,109,30,14,153,19.607843137254903
.\server\src\main\java\io\crate\analyze\UpdateAnalyzer.java,234,32,26,292,10.95890410958904
.\server\src\main\java\io\crate\analyze\validator\GroupBySymbolValidator.java,54,20,12,86,23.25581395348837
.\server\src\main\java\io\crate\analyze\validator\HavingSymbolValidator.java,75,21,21,117,17.94871794871795
.\server\src\main\java\io\crate\analyze\validator\SelectSymbolValidator.java,46,20,11,77,25.974025974025974
.\server\src\main\java\io\crate\analyze\validator\SemanticSortValidator.java,63,34,13,110,30.90909090909091
.\server\src\main\java\io\crate\analyze\ValuesResolver.java,5,23,4,32,71.875
.\server\src\main\java\io\crate\analyze\ViewAnalyzer.java,73,25,12,110,22.727272727272727
.\server\src\main\java\io\crate\analyze\where\DocKeys.java,134,20,25,179,11.1731843575419
.\server\src\main\java\io\crate\analyze\where\EqualityExtractor.java,410,62,69,541,11.460258780036968
.\server\src\main\java\io\crate\analyze\where\WhereClauseAnalyzer.java,130,46,19,195,23.58974358974359
.\server\src\main\java\io\crate\analyze\where\WhereClauseValidator.java,118,20,21,159,12.578616352201259
.\server\src\main\java\io\crate\analyze\WhereClause.java,156,33,25,214,15.42056074766355
.\server\src\main\java\io\crate\analyze\WindowDefinition.java,86,23,19,128,17.96875
.\server\src\main\java\io\crate\analyze\WindowFrameDefinition.java,76,20,15,111,18.01801801801802
.\server\src\main\java\io\crate\auth\AccessControl.java,15,20,7,42,47.61904761904762
.\server\src\main\java\io\crate\auth\AccessControlImpl.java,932,32,118,1082,2.957486136783734
.\server\src\main\java\io\crate\auth\AlwaysOKAuthentication.java,16,24,6,46,52.17391304347826
.\server\src\main\java\io\crate\auth\Authentication.java,7,20,5,32,62.5
.\server\src\main\java\io\crate\auth\AuthenticationMethod.java,9,28,6,43,65.11627906976744
.\server\src\main\java\io\crate\auth\AuthSettings.java,59,24,13,96,25.0
.\server\src\main\java\io\crate\auth\CachingJwkProvider.java,133,29,22,184,15.76086956521739
.\server\src\main\java\io\crate\auth\ClientCertAuth.java,43,20,10,73,27.397260273972602
.\server\src\main\java\io\crate\auth\Credentials.java,90,46,22,158,29.11392405063291
.\server\src\main\java\io\crate\auth\HostBasedAuthentication.java,196,44,32,272,16.176470588235293
.\server\src\main\java\io\crate\auth\HttpAuthUpstreamHandler.java,168,34,24,226,15.044247787610619
.\server\src\main\java\io\crate\auth\JWTAuthenticationMethod.java,124,33,26,183,18.0327868852459
.\server\src\main\java\io\crate\auth\LoadedRSAKeyProvider.java,22,20,10,52,38.46153846153846
.\server\src\main\java\io\crate\auth\PasswordAuthenticationMethod.java,41,21,12,74,28.37837837837838
.\server\src\main\java\io\crate\auth\Protocol.java,14,20,6,40,50.0
.\server\src\main\java\io\crate\auth\TrustAuthenticationMethod.java,25,20,8,53,37.735849056603776
.\server\src\main\java\io\crate\blob\BlobContainer.java,161,55,36,252,21.825396825396826
.\server\src\main\java\io\crate\blob\BlobCoordinator.java,15,41,7,63,65.07936507936508
.\server\src\main\java\io\crate\blob\BlobService.java,91,26,16,133,19.548872180451127
.\server\src\main\java\io\crate\blob\BlobTransferRequest.java,51,23,12,86,26.74418604651163
.\server\src\main\java\io\crate\blob\BlobTransferResponse.java,35,21,12,68,30.88235294117647
.\server\src\main\java\io\crate\blob\BlobTransferStatus.java,33,20,12,65,30.76923076923077
.\server\src\main\java\io\crate\blob\BlobTransferTarget.java,276,53,43,372,14.24731182795699
.\server\src\main\java\io\crate\blob\BlobWriteException.java,8,20,5,33,60.60606060606061
.\server\src\main\java\io\crate\blob\DeleteBlobRequest.java,33,20,11,64,31.25
.\server\src\main\java\io\crate\blob\DeleteBlobResponse.java,20,20,8,48,41.666666666666664
.\server\src\main\java\io\crate\blob\DigestBlob.java,229,21,33,283,7.420494699646643
.\server\src\main\java\io\crate\blob\exceptions\BlobAlreadyExistsException.java,6,20,3,29,68.96551724137932
.\server\src\main\java\io\crate\blob\exceptions\DigestMismatchException.java,6,20,3,29,68.96551724137932
.\server\src\main\java\io\crate\blob\exceptions\DigestNotFoundException.java,7,20,4,31,64.51612903225806
.\server\src\main\java\io\crate\blob\exceptions\IllegalBlobRecoveryStateException.java,7,20,4,31,64.51612903225806
.\server\src\main\java\io\crate\blob\exceptions\MissingHTTPEndpointException.java,6,20,3,29,68.96551724137932
.\server\src\main\java\io\crate\blob\IPutChunkRequest.java,8,20,7,35,57.142857142857146
.\server\src\main\java\io\crate\blob\PutChunkReplicaRequest.java,64,20,12,96,20.833333333333332
.\server\src\main\java\io\crate\blob\PutChunkRequest.java,36,20,11,67,29.850746268656717
.\server\src\main\java\io\crate\blob\PutChunkResponse.java,9,20,6,35,57.142857142857146
.\server\src\main\java\io\crate\blob\recovery\BlobRecoveryHandler.java,311,37,40,388,9.536082474226804
.\server\src\main\java\io\crate\blob\RemoteDigestBlob.java,111,26,23,160,16.25
.\server\src\main\java\io\crate\blob\StartBlobRequest.java,28,20,10,58,34.48275862068966
.\server\src\main\java\io\crate\blob\StartBlobResponse.java,11,20,6,37,54.054054054054056
.\server\src\main\java\io\crate\blob\transfer\BlobHeadRequestHandler.java,91,32,19,142,22.535211267605632
.\server\src\main\java\io\crate\blob\transfer\BlobInfoRequest.java,12,20,7,39,51.282051282051285
.\server\src\main\java\io\crate\blob\transfer\BlobTransferInfoResponse.java,22,20,8,50,40.0
.\server\src\main\java\io\crate\blob\transfer\BlobTransportRequest.java,26,20,8,54,37.03703703703704
.\server\src\main\java\io\crate\blob\transfer\GetBlobHeadRequest.java,21,20,8,49,40.816326530612244
.\server\src\main\java\io\crate\blob\transfer\HeadChunkFileTooSmallException.java,7,20,4,31,64.51612903225806
.\server\src\main\java\io\crate\blob\transfer\PutBlobHeadChunkRequest.java,28,20,8,56,35.714285714285715
.\server\src\main\java\io\crate\blob\transfer\PutHeadChunkRunnable.java,146,21,17,184,11.41304347826087
.\server\src\main\java\io\crate\blob\TransportDeleteBlob.java,74,20,13,107,18.69158878504673
.\server\src\main\java\io\crate\blob\TransportPutChunk.java,76,20,11,107,18.69158878504673
.\server\src\main\java\io\crate\blob\TransportStartBlob.java,72,20,12,104,19.23076923076923
.\server\src\main\java\io\crate\blob\v2\BlobIndex.java,96,38,21,155,24.516129032258064
.\server\src\main\java\io\crate\blob\v2\BlobIndicesModule.java,9,20,5,34,58.8235294117647
.\server\src\main\java\io\crate\blob\v2\BlobIndicesService.java,148,23,22,193,11.917098445595855
.\server\src\main\java\io\crate\blob\v2\BlobsDisabledException.java,13,20,6,39,51.282051282051285
.\server\src\main\java\io\crate\blob\v2\BlobShard.java,120,22,23,165,13.333333333333334
.\server\src\main\java\io\crate\breaker\CellsSizeEstimator.java,41,41,10,92,44.56521739130435
.\server\src\main\java\io\crate\breaker\ConcurrentRamAccounting.java,83,24,15,122,19.672131147540984
.\server\src\main\java\io\crate\breaker\TypedCellsAccounting.java,28,36,8,72,50.0
.\server\src\main\java\io\crate\breaker\TypedRowAccounting.java,32,42,9,83,50.602409638554214
.\server\src\main\java\io\crate\cluster\decommission\DecommissionNodeAction.java,10,20,5,35,57.142857142857146
.\server\src\main\java\io\crate\cluster\decommission\DecommissionRequest.java,30,20,11,61,32.78688524590164
.\server\src\main\java\io\crate\cluster\decommission\TransportDecommissionNodeAction.java,50,20,9,79,25.31645569620253
.\server\src\main\java\io\crate\cluster\gracefulstop\DataAvailability.java,14,20,3,37,54.054054054054056
.\server\src\main\java\io\crate\cluster\gracefulstop\DecommissionAllocationDecider.java,53,22,17,92,23.91304347826087
.\server\src\main\java\io\crate\cluster\gracefulstop\DecommissioningService.java,246,34,42,322,10.559006211180124
.\server\src\main\java\io\crate\collections\accountable\AccountableList.java,132,54,24,210,25.714285714285715
.\server\src\main\java\io\crate\collections\accountable\package-info.java,1,24,1,26,92.3076923076923
.\server\src\main\java\io\crate\concurrent\CompletionListenable.java,5,20,4,29,68.96551724137932
.\server\src\main\java\io\crate\concurrent\CountDown.java,23,35,9,67,52.23880597014925
.\server\src\main\java\io\crate\concurrent\CountdownFuture.java,49,26,11,86,30.232558139534884
.\server\src\main\java\io\crate\concurrent\FutureActionListener.java,13,20,6,39,51.282051282051285
.\server\src\main\java\io\crate\concurrent\MultiActionListener.java,64,20,11,95,21.05263157894737
.\server\src\main\java\io\crate\Constants.java,8,21,6,35,60.0
.\server\src\main\java\io\crate\exceptions\AmbiguousColumnAliasException.java,16,20,7,43,46.51162790697674
.\server\src\main\java\io\crate\exceptions\AmbiguousColumnException.java,17,20,7,44,45.45454545454545
.\server\src\main\java\io\crate\exceptions\AnalyzerInvalidException.java,6,20,4,30,66.66666666666667
.\server\src\main\java\io\crate\exceptions\AnalyzerUnknownException.java,7,20,5,32,62.5
.\server\src\main\java\io\crate\exceptions\ArrayViaDocValuesUnsupportedException.java,12,23,6,41,56.09756097560975
.\server\src\main\java\io\crate\exceptions\ClusterScopeException.java,6,24,3,33,72.72727272727273
.\server\src\main\java\io\crate\exceptions\ColumnUnknownException.java,107,31,23,161,19.25465838509317
.\server\src\main\java\io\crate\exceptions\ColumnValidationException.java,15,20,7,42,47.61904761904762
.\server\src\main\java\io\crate\exceptions\ConflictException.java,3,20,3,26,76.92307692307692
.\server\src\main\java\io\crate\exceptions\ConversionException.java,44,20,9,73,27.397260273972602
.\server\src\main\java\io\crate\exceptions\CrateException.java,4,20,4,28,71.42857142857143
.\server\src\main\java\io\crate\exceptions\CrateExceptionVisitor.java,28,20,11,59,33.898305084745765
.\server\src\main\java\io\crate\exceptions\CreateSnapshotException.java,16,20,6,42,47.61904761904762
.\server\src\main\java\io\crate\exceptions\DependentObjectsExists.java,28,20,9,57,35.08771929824562
.\server\src\main\java\io\crate\exceptions\DuplicateKeyException.java,25,20,10,55,36.36363636363637
.\server\src\main\java\io\crate\exceptions\IncompatibleSchemaForRestoreException.java,44,27,13,84,32.142857142857146
.\server\src\main\java\io\crate\exceptions\InvalidArgumentException.java,20,20,9,49,40.816326530612244
.\server\src\main\java\io\crate\exceptions\InvalidColumnNameException.java,18,20,8,46,43.47826086956522
.\server\src\main\java\io\crate\exceptions\InvalidSchemaNameException.java,13,20,6,39,51.282051282051285
.\server\src\main\java\io\crate\exceptions\JobKilledException.java,31,20,11,62,32.25806451612903
.\server\src\main\java\io\crate\exceptions\MissingPrivilegeException.java,17,20,8,45,44.44444444444444
.\server\src\main\java\io\crate\exceptions\OperationOnInaccessibleRelationException.java,33,20,11,64,31.25
.\server\src\main\java\io\crate\exceptions\PartitionAlreadyExistsException.java,16,20,7,43,46.51162790697674
.\server\src\main\java\io\crate\exceptions\PartitionUnknownException.java,22,20,9,51,39.21568627450981
.\server\src\main\java\io\crate\exceptions\ReadOnlyException.java,8,20,4,32,62.5
.\server\src\main\java\io\crate\exceptions\RelationAlreadyExists.java,38,20,13,71,28.169014084507044
.\server\src\main\java\io\crate\exceptions\RelationsUnknown.java,18,20,8,46,43.47826086956522
.\server\src\main\java\io\crate\exceptions\RelationUnknown.java,64,20,16,100,20.0
.\server\src\main\java\io\crate\exceptions\RelationValidationException.java,13,20,6,39,51.282051282051285
.\server\src\main\java\io\crate\exceptions\RepositoryAlreadyExistsException.java,7,20,5,32,62.5
.\server\src\main\java\io\crate\exceptions\ResourceUnknownException.java,3,20,2,25,80.0
.\server\src\main\java\io\crate\exceptions\RoleAlreadyExistsException.java,22,20,10,52,38.46153846153846
.\server\src\main\java\io\crate\exceptions\RoleUnknownException.java,38,21,12,71,29.577464788732396
.\server\src\main\java\io\crate\exceptions\SchemaAlreadyExists.java,37,20,12,69,28.985507246376812
.\server\src\main\java\io\crate\exceptions\SchemaScopeException.java,8,23,4,35,65.71428571428571
.\server\src\main\java\io\crate\exceptions\SchemaUnknownException.java,58,20,17,95,21.05263157894737
.\server\src\main\java\io\crate\exceptions\ScriptException.java,11,26,6,43,60.46511627906977
.\server\src\main\java\io\crate\exceptions\SQLExceptions.java,159,37,18,214,17.289719626168225
.\server\src\main\java\io\crate\exceptions\SQLParseException.java,9,20,5,34,58.8235294117647
.\server\src\main\java\io\crate\exceptions\SubscriptionRestoreException.java,6,20,3,29,68.96551724137932
.\server\src\main\java\io\crate\exceptions\TableScopeException.java,9,24,5,38,63.1578947368421
.\server\src\main\java\io\crate\exceptions\TaskMissing.java,28,20,11,59,33.898305084745765
.\server\src\main\java\io\crate\exceptions\TransportNotReady.java,10,20,4,34,58.8235294117647
.\server\src\main\java\io\crate\exceptions\UnauthorizedException.java,17,20,8,45,44.44444444444444
.\server\src\main\java\io\crate\exceptions\UnhandledServerException.java,9,20,4,33,60.60606060606061
.\server\src\main\java\io\crate\exceptions\UnscopedException.java,7,24,3,34,70.58823529411765
.\server\src\main\java\io\crate\exceptions\UnsupportedFeatureException.java,20,20,9,49,40.816326530612244
.\server\src\main\java\io\crate\exceptions\UnsupportedFunctionException.java,19,20,7,46,43.47826086956522
.\server\src\main\java\io\crate\exceptions\UserDefinedFunctionAlreadyExistsException.java,35,20,11,66,30.303030303030305
.\server\src\main\java\io\crate\exceptions\UserDefinedFunctionUnknownException.java,36,20,11,67,29.850746268656717
.\server\src\main\java\io\crate\exceptions\VersioningValidationException.java,34,20,14,68,29.41176470588235
.\server\src\main\java\io\crate\execution\ddl\AbstractDDLTransportAction.java,78,21,17,116,18.103448275862068
.\server\src\main\java\io\crate\execution\ddl\index\SwapAndDropIndexRequest.java,30,23,10,63,36.507936507936506
.\server\src\main\java\io\crate\execution\ddl\index\TransportSwapAndDropIndexName.java,49,23,10,82,28.048780487804876
.\server\src\main\java\io\crate\execution\ddl\RelationNameSwap.java,52,20,14,86,23.25581395348837
.\server\src\main\java\io\crate\execution\ddl\RepositoryService.java,85,32,16,133,24.06015037593985
.\server\src\main\java\io\crate\execution\ddl\SwapRelationsOperation.java,233,21,25,279,7.526881720430108
.\server\src\main\java\io\crate\execution\ddl\SwapRelationsRequest.java,32,27,10,69,39.130434782608695
.\server\src\main\java\io\crate\execution\ddl\tables\AddColumnRequest.java,78,23,16,117,19.65811965811966
.\server\src\main\java\io\crate\execution\ddl\tables\AlterColumnDefaultRequest.java,61,20,14,95,21.05263157894737
.\server\src\main\java\io\crate\execution\ddl\tables\AlterTableClient.java,328,24,28,380,6.315789473684211
.\server\src\main\java\io\crate\execution\ddl\tables\AlterTableRequest.java,131,20,18,169,11.834319526627219
.\server\src\main\java\io\crate\execution\ddl\tables\AlterTableTarget.java,16,27,6,49,55.10204081632653
.\server\src\main\java\io\crate\execution\ddl\tables\AlterTableTask.java,66,25,10,101,24.752475247524753
.\server\src\main\java\io\crate\execution\ddl\tables\CloseTableRequest.java,61,20,12,93,21.50537634408602
.\server\src\main\java\io\crate\execution\ddl\tables\CreateBlobTableRequest.java,37,20,14,71,28.169014084507044
.\server\src\main\java\io\crate\execution\ddl\tables\CreateTableClient.java,78,22,12,112,19.642857142857142
.\server\src\main\java\io\crate\execution\ddl\tables\CreateTableRequest.java,167,30,24,221,13.574660633484163
.\server\src\main\java\io\crate\execution\ddl\tables\CreateTableResponse.java,21,20,9,50,40.0
.\server\src\main\java\io\crate\execution\ddl\tables\DropColumnRequest.java,50,20,13,83,24.096385542168676
.\server\src\main\java\io\crate\execution\ddl\tables\DropConstraintRequest.java,48,20,14,82,24.390243902439025
.\server\src\main\java\io\crate\execution\ddl\tables\DropPartitionsRequest.java,67,20,13,100,20.0
.\server\src\main\java\io\crate\execution\ddl\tables\DropTableRequest.java,45,24,12,81,29.62962962962963
.\server\src\main\java\io\crate\execution\ddl\tables\GCDanglingArtifactsRequest.java,35,22,10,67,32.83582089552239
.\server\src\main\java\io\crate\execution\ddl\tables\MappingUtil.java,222,60,33,315,19.047619047619047
.\server\src\main\java\io\crate\execution\ddl\tables\OpenTableRequest.java,65,26,12,103,25.24271844660194
.\server\src\main\java\io\crate\execution\ddl\tables\RenameColumnRequest.java,56,20,14,90,22.22222222222222
.\server\src\main\java\io\crate\execution\ddl\tables\RenameTableRequest.java,53,20,14,87,22.988505747126435
.\server\src\main\java\io\crate\execution\ddl\tables\TransportAddColumn.java,66,20,11,97,20.61855670103093
.\server\src\main\java\io\crate\execution\ddl\tables\TransportAlterColumnDefault.java,58,20,12,90,22.22222222222222
.\server\src\main\java\io\crate\execution\ddl\tables\TransportAlterTable.java,66,20,12,98,20.408163265306122
.\server\src\main\java\io\crate\execution\ddl\tables\TransportCloseTable.java,485,44,52,581,7.573149741824441
.\server\src\main\java\io\crate\execution\ddl\tables\TransportCreateBlobTable.java,56,20,14,90,22.22222222222222
.\server\src\main\java\io\crate\execution\ddl\tables\TransportCreateTable.java,149,30,26,205,14.634146341463415
.\server\src\main\java\io\crate\execution\ddl\tables\TransportDropColumn.java,56,20,12,88,22.727272727272727
.\server\src\main\java\io\crate\execution\ddl\tables\TransportDropConstraint.java,54,20,13,87,22.988505747126435
.\server\src\main\java\io\crate\execution\ddl\tables\TransportDropPartitionsAction.java,127,20,14,161,12.422360248447205
.\server\src\main\java\io\crate\execution\ddl\tables\TransportDropTable.java,58,20,12,90,22.22222222222222
.\server\src\main\java\io\crate\execution\ddl\tables\TransportGCDanglingArtifacts.java,87,20,12,119,16.80672268907563
.\server\src\main\java\io\crate\execution\ddl\tables\TransportOpenTable.java,67,20,12,99,20.2020202020202
.\server\src\main\java\io\crate\execution\ddl\tables\TransportRenameColumn.java,57,20,12,89,22.471910112359552
.\server\src\main\java\io\crate\execution\ddl\tables\TransportRenameTable.java,109,20,15,144,13.88888888888889
.\server\src\main\java\io\crate\execution\ddl\Templates.java,52,20,8,80,25.0
.\server\src\main\java\io\crate\execution\ddl\TransportSwapRelations.java,92,20,15,127,15.748031496062993
.\server\src\main\java\io\crate\execution\ddl\views\CreateViewRequest.java,90,20,17,127,15.748031496062993
.\server\src\main\java\io\crate\execution\ddl\views\CreateViewResponse.java,21,20,9,50,40.0
.\server\src\main\java\io\crate\execution\ddl\views\DropViewRequest.java,39,20,12,71,28.169014084507044
.\server\src\main\java\io\crate\execution\ddl\views\DropViewResponse.java,23,20,10,53,37.735849056603776
.\server\src\main\java\io\crate\execution\ddl\views\TransportCreateView.java,86,20,17,123,16.260162601626018
.\server\src\main\java\io\crate\execution\ddl\views\TransportDropView.java,97,21,19,137,15.328467153284672
.\server\src\main\java\io\crate\execution\dml\ArrayIndexer.java,156,43,24,223,19.282511210762333
.\server\src\main\java\io\crate\execution\dml\ArrayOfObjectIndexer.java,21,28,8,57,49.12280701754386
.\server\src\main\java\io\crate\execution\dml\BitStringIndexer.java,46,20,15,81,24.691358024691358
.\server\src\main\java\io\crate\execution\dml\BooleanIndexer.java,39,20,13,72,27.77777777777778
.\server\src\main\java\io\crate\execution\dml\BulkResponse.java,59,44,15,118,37.28813559322034
.\server\src\main\java\io\crate\execution\dml\BulkShardResponseListener.java,50,28,12,90,31.11111111111111
.\server\src\main\java\io\crate\execution\dml\delete\ShardDeleteAction.java,10,20,5,35,57.142857142857146
.\server\src\main\java\io\crate\execution\dml\delete\ShardDeleteRequest.java,66,20,18,104,19.23076923076923
.\server\src\main\java\io\crate\execution\dml\delete\TransportShardDeleteAction.java,185,27,10,222,12.162162162162161
.\server\src\main\java\io\crate\execution\dml\DoubleIndexer.java,48,20,9,77,25.974025974025974
.\server\src\main\java\io\crate\execution\dml\DynamicIndexer.java,122,39,12,173,22.54335260115607
.\server\src\main\java\io\crate\execution\dml\FloatIndexer.java,48,20,9,77,25.974025974025974
.\server\src\main\java\io\crate\execution\dml\FloatVectorIndexer.java,87,20,14,121,16.52892561983471
.\server\src\main\java\io\crate\execution\dml\FulltextIndexer.java,38,20,12,70,28.571428571428573
.\server\src\main\java\io\crate\execution\dml\GeoPointIndexer.java,44,20,14,78,25.641025641025642
.\server\src\main\java\io\crate\execution\dml\GeoShapeIndexer.java,147,20,29,196,10.204081632653061
.\server\src\main\java\io\crate\execution\dml\IndexDocumentBuilder.java,116,66,24,206,32.03883495145631
.\server\src\main\java\io\crate\execution\dml\Indexer.java,976,163,93,1232,13.230519480519481
.\server\src\main\java\io\crate\execution\dml\IndexItem.java,16,20,9,45,44.44444444444444
.\server\src\main\java\io\crate\execution\dml\IntIndexer.java,45,20,9,74,27.027027027027028
.\server\src\main\java\io\crate\execution\dml\IpIndexer.java,34,20,10,64,31.25
.\server\src\main\java\io\crate\execution\dml\LongIndexer.java,49,20,9,78,25.641025641025642
.\server\src\main\java\io\crate\execution\dml\ObjectIndexer.java,261,39,17,317,12.302839116719243
.\server\src\main\java\io\crate\execution\dml\RawIndexer.java,117,37,20,174,21.264367816091955
.\server\src\main\java\io\crate\execution\dml\ShardRequest.java,159,24,35,218,11.009174311926605
.\server\src\main\java\io\crate\execution\dml\ShardRequestExecutor.java,197,31,25,253,12.25296442687747
.\server\src\main\java\io\crate\execution\dml\ShardResponse.java,270,42,46,358,11.731843575418994
.\server\src\main\java\io\crate\execution\dml\SidecarTranslogWriter.java,81,24,19,124,19.35483870967742
.\server\src\main\java\io\crate\execution\dml\StringIndexer.java,51,20,11,82,24.390243902439025
.\server\src\main\java\io\crate\execution\dml\SysUpdateProjector.java,41,20,10,71,28.169014084507044
.\server\src\main\java\io\crate\execution\dml\SysUpdateResultSetProjector.java,61,22,10,93,23.655913978494624
.\server\src\main\java\io\crate\execution\dml\TranslogIndexer.java,158,40,27,225,17.77777777777778
.\server\src\main\java\io\crate\execution\dml\TranslogMappingUpdateException.java,6,20,4,30,66.66666666666667
.\server\src\main\java\io\crate\execution\dml\TranslogWriter.java,62,40,36,138,28.985507246376812
.\server\src\main\java\io\crate\execution\dml\TransportShardAction.java,139,25,19,183,13.66120218579235
.\server\src\main\java\io\crate\execution\dml\UpdateToInsert.java,183,116,20,319,36.36363636363637
.\server\src\main\java\io\crate\execution\dml\upsert\ShardUpsertAction.java,10,20,5,35,57.142857142857146
.\server\src\main\java\io\crate\execution\dml\upsert\ShardUpsertRequest.java,479,48,57,584,8.219178082191782
.\server\src\main\java\io\crate\execution\dml\upsert\TransportShardUpsertAction.java,548,54,33,635,8.503937007874017
.\server\src\main\java\io\crate\execution\dml\UpsertReplicaRequest.java,202,39,25,266,14.661654135338345
.\server\src\main\java\io\crate\execution\dml\ValueIndexer.java,19,53,12,84,63.095238095238095
.\server\src\main\java\io\crate\execution\dml\XContentTranslogWriter.java,73,24,19,116,20.689655172413794
.\server\src\main\java\io\crate\execution\dsl\package-info.java,1,109,1,111,98.1981981981982
.\server\src\main\java\io\crate\execution\dsl\phases\AbstractProjectionsPhase.java,136,20,31,187,10.695187165775401
.\server\src\main\java\io\crate\execution\dsl\phases\CollectPhase.java,11,20,8,39,51.282051282051285
.\server\src\main\java\io\crate\execution\dsl\phases\CountPhase.java,112,20,23,155,12.903225806451612
.\server\src\main\java\io\crate\execution\dsl\phases\ExecutionPhase.java,43,23,21,87,26.436781609195403
.\server\src\main\java\io\crate\execution\dsl\phases\ExecutionPhases.java,48,26,9,83,31.325301204819276
.\server\src\main\java\io\crate\execution\dsl\phases\ExecutionPhaseVisitor.java,39,20,14,73,27.397260273972602
.\server\src\main\java\io\crate\execution\dsl\phases\FetchPhase.java,146,20,30,196,10.204081632653061
.\server\src\main\java\io\crate\execution\dsl\phases\FileUriCollectPhase.java,189,20,26,235,8.51063829787234
.\server\src\main\java\io\crate\execution\dsl\phases\ForeignCollectPhase.java,97,20,19,136,14.705882352941176
.\server\src\main\java\io\crate\execution\dsl\phases\HashJoinPhase.java,95,23,20,138,16.666666666666668
.\server\src\main\java\io\crate\execution\dsl\phases\JoinPhase.java,165,20,32,217,9.216589861751151
.\server\src\main\java\io\crate\execution\dsl\phases\MergePhase.java,179,50,31,260,19.23076923076923
.\server\src\main\java\io\crate\execution\dsl\phases\NestedLoopPhase.java,74,20,11,105,19.047619047619047
.\server\src\main\java\io\crate\execution\dsl\phases\NodeOperation.java,104,31,21,156,19.871794871794872
.\server\src\main\java\io\crate\execution\dsl\phases\NodeOperationGrouper.java,23,20,5,48,41.666666666666664
.\server\src\main\java\io\crate\execution\dsl\phases\NodeOperationTree.java,23,46,9,78,58.97435897435897
.\server\src\main\java\io\crate\execution\dsl\phases\PKLookupPhase.java,134,20,24,178,11.235955056179776
.\server\src\main\java\io\crate\execution\dsl\phases\RoutedCollectPhase.java,174,64,43,281,22.775800711743774
.\server\src\main\java\io\crate\execution\dsl\phases\TableFunctionCollectPhase.java,75,21,19,115,18.26086956521739
.\server\src\main\java\io\crate\execution\dsl\phases\UpstreamPhase.java,6,20,5,31,64.51612903225806
.\server\src\main\java\io\crate\execution\dsl\projection\AbstractIndexWriterProjection.java,180,22,39,241,9.12863070539419
.\server\src\main\java\io\crate\execution\dsl\projection\AggregationProjection.java,91,23,19,133,17.293233082706767
.\server\src\main\java\io\crate\execution\dsl\projection\builder\InputColumns.java,266,55,42,363,15.151515151515152
.\server\src\main\java\io\crate\execution\dsl\projection\builder\ProjectionBuilder.java,149,31,17,197,15.736040609137056
.\server\src\main\java\io\crate\execution\dsl\projection\builder\SplitPoints.java,45,34,14,93,36.55913978494624
.\server\src\main\java\io\crate\execution\dsl\projection\builder\SplitPointsBuilder.java,222,34,32,288,11.805555555555555
.\server\src\main\java\io\crate\execution\dsl\projection\ColumnIndexWriterProjection.java,220,37,38,295,12.542372881355933
.\server\src\main\java\io\crate\execution\dsl\projection\CorrelatedJoinProjection.java,79,20,19,118,16.949152542372882
.\server\src\main\java\io\crate\execution\dsl\projection\DeleteProjection.java,20,20,8,48,41.666666666666664
.\server\src\main\java\io\crate\execution\dsl\projection\DMLProjection.java,52,20,15,87,22.988505747126435
.\server\src\main\java\io\crate\execution\dsl\projection\EvalProjection.java,101,23,22,146,15.753424657534246
.\server\src\main\java\io\crate\execution\dsl\projection\FetchProjection.java,152,31,26,209,14.832535885167465
.\server\src\main\java\io\crate\execution\dsl\projection\FilterProjection.java,78,20,20,118,16.949152542372882
.\server\src\main\java\io\crate\execution\dsl\projection\GroupProjection.java,112,24,20,156,15.384615384615385
.\server\src\main\java\io\crate\execution\dsl\projection\LimitAndOffsetProjection.java,85,20,21,126,15.873015873015873
.\server\src\main\java\io\crate\execution\dsl\projection\LimitDistinctProjection.java,73,20,16,109,18.34862385321101
.\server\src\main\java\io\crate\execution\dsl\projection\MergeCountProjection.java,41,21,14,76,27.63157894736842
.\server\src\main\java\io\crate\execution\dsl\projection\OrderedLimitAndOffsetProjection.java,135,20,24,179,11.1731843575419
.\server\src\main\java\io\crate\execution\dsl\projection\Projection.java,39,31,16,86,36.04651162790697
.\server\src\main\java\io\crate\execution\dsl\projection\Projections.java,32,20,7,59,33.898305084745765
.\server\src\main\java\io\crate\execution\dsl\projection\ProjectionType.java,33,20,8,61,32.78688524590164
.\server\src\main\java\io\crate\execution\dsl\projection\ProjectionVisitor.java,64,20,24,108,18.51851851851852
.\server\src\main\java\io\crate\execution\dsl\projection\ProjectSetProjection.java,65,20,18,103,19.41747572815534
.\server\src\main\java\io\crate\execution\dsl\projection\SourceIndexWriterProjection.java,155,25,25,205,12.195121951219512
.\server\src\main\java\io\crate\execution\dsl\projection\SourceIndexWriterReturnSummaryProjection.java,91,20,17,128,15.625
.\server\src\main\java\io\crate\execution\dsl\projection\SysUpdateProjection.java,118,20,21,159,12.578616352201259
.\server\src\main\java\io\crate\execution\dsl\projection\UpdateProjection.java,166,21,31,218,9.63302752293578
.\server\src\main\java\io\crate\execution\dsl\projection\WindowAggProjection.java,91,26,19,136,19.11764705882353
.\server\src\main\java\io\crate\execution\dsl\projection\WriterProjection.java,182,25,35,242,10.330578512396695
.\server\src\main\java\io\crate\execution\engine\aggregation\AggregateCollector.java,116,23,20,159,14.465408805031446
.\server\src\main\java\io\crate\execution\engine\aggregation\AggregationContext.java,24,20,9,53,37.735849056603776
.\server\src\main\java\io\crate\execution\engine\aggregation\AggregationFunction.java,113,87,20,220,39.54545454545455
.\server\src\main\java\io\crate\execution\engine\aggregation\AggregationPipe.java,53,20,11,84,23.80952380952381
.\server\src\main\java\io\crate\execution\engine\aggregation\DocValueAggregator.java,21,23,10,54,42.592592592592595
.\server\src\main\java\io\crate\execution\engine\aggregation\GroupByMaps.java,87,20,15,122,16.39344262295082
.\server\src\main\java\io\crate\execution\engine\aggregation\GroupingCollector.java,236,28,26,290,9.655172413793103
.\server\src\main\java\io\crate\execution\engine\aggregation\GroupingProjector.java,77,20,13,110,18.181818181818183
.\server\src\main\java\io\crate\execution\engine\aggregation\impl\Aggregations.java,40,20,8,68,29.41176470588235
.\server\src\main\java\io\crate\execution\engine\aggregation\impl\ArbitraryAggregation.java,304,24,52,380,6.315789473684211
.\server\src\main\java\io\crate\execution\engine\aggregation\impl\ArrayAgg.java,104,20,24,148,13.513513513513514
.\server\src\main\java\io\crate\execution\engine\aggregation\impl\average\AverageAggregation.java,289,23,44,356,6.46067415730337
.\server\src\main\java\io\crate\execution\engine\aggregation\impl\average\IntervalAverageAggregation.java,251,23,44,318,7.232704402515723
.\server\src\main\java\io\crate\execution\engine\aggregation\impl\average\numeric\NumericAverageAggregation.java,149,25,22,196,12.755102040816327
.\server\src\main\java\io\crate\execution\engine\aggregation\impl\average\numeric\NumericAverageState.java,50,24,12,86,27.906976744186046
.\server\src\main\java\io\crate\execution\engine\aggregation\impl\average\numeric\NumericAverageStateType.java,57,24,15,96,25.0
.\server\src\main\java\io\crate\execution\engine\aggregation\impl\CmpByAggregation.java,315,20,47,382,5.2356020942408374
.\server\src\main\java\io\crate\execution\engine\aggregation\impl\CollectSetAggregation.java,215,42,31,288,14.583333333333334
.\server\src\main\java\io\crate\execution\engine\aggregation\impl\CompareByType.java,70,20,18,108,18.51851851851852
.\server\src\main\java\io\crate\execution\engine\aggregation\impl\CountAggregation.java,259,23,36,318,7.232704402515723
.\server\src\main\java\io\crate\execution\engine\aggregation\impl\GeometricMeanAggregation.java,290,26,45,361,7.202216066481994
.\server\src\main\java\io\crate\execution\engine\aggregation\impl\MaximumAggregation.java,304,20,52,376,5.319148936170213
.\server\src\main\java\io\crate\execution\engine\aggregation\impl\MinimumAggregation.java,302,20,50,372,5.376344086021505
.\server\src\main\java\io\crate\execution\engine\aggregation\impl\NumericStandardDeviationAggregation.java,132,20,22,174,11.494252873563218
.\server\src\main\java\io\crate\execution\engine\aggregation\impl\NumericStandardDeviationPopAggregation.java,68,20,16,104,19.23076923076923
.\server\src\main\java\io\crate\execution\engine\aggregation\impl\NumericStandardDeviationSampAggregation.java,71,20,16,107,18.69158878504673
.\server\src\main\java\io\crate\execution\engine\aggregation\impl\PercentileAggregation.java,259,23,28,310,7.419354838709677
.\server\src\main\java\io\crate\execution\engine\aggregation\impl\StandardDeviationAggregation.java,173,20,23,216,9.25925925925926
.\server\src\main\java\io\crate\execution\engine\aggregation\impl\StandardDeviationPopAggregation.java,68,20,17,105,19.047619047619047
.\server\src\main\java\io\crate\execution\engine\aggregation\impl\StandardDeviationSampAggregation.java,70,20,17,107,18.69158878504673
.\server\src\main\java\io\crate\execution\engine\aggregation\impl\StringAgg.java,207,24,41,272,8.823529411764707
.\server\src\main\java\io\crate\execution\engine\aggregation\impl\TDigestState.java,84,42,30,156,26.923076923076923
.\server\src\main\java\io\crate\execution\engine\aggregation\impl\TDigestStateType.java,48,20,16,84,23.80952380952381
.\server\src\main\java\io\crate\execution\engine\aggregation\impl\templates\BinaryDocValueAggregator.java,46,20,13,79,25.31645569620253
.\server\src\main\java\io\crate\execution\engine\aggregation\impl\templates\SortedNumericDocValueAggregator.java,46,20,13,79,25.31645569620253
.\server\src\main\java\io\crate\execution\engine\aggregation\impl\TopKAggregation.java,508,30,90,628,4.777070063694268
.\server\src\main\java\io\crate\execution\engine\aggregation\impl\util\KahanSummationForDouble.java,11,25,4,40,62.5
.\server\src\main\java\io\crate\execution\engine\aggregation\impl\util\KahanSummationForFloat.java,11,25,4,40,62.5
.\server\src\main\java\io\crate\execution\engine\aggregation\impl\util\NumericValueHolder.java,6,20,4,30,66.66666666666667
.\server\src\main\java\io\crate\execution\engine\aggregation\impl\util\OverflowAwareMutableLong.java,42,25,12,79,31.645569620253166
.\server\src\main\java\io\crate\execution\engine\aggregation\impl\VarianceAggregation.java,226,20,34,280,7.142857142857143
.\server\src\main\java\io\crate\execution\engine\aggregation\PrimitiveMapWithNulls.java,255,23,50,328,7.012195121951219
.\server\src\main\java\io\crate\execution\engine\aggregation\ResizeAwareMap.java,101,51,26,178,28.651685393258425
.\server\src\main\java\io\crate\execution\engine\aggregation\statistics\NumericStandardDeviationPop.java,17,20,8,45,44.44444444444444
.\server\src\main\java\io\crate\execution\engine\aggregation\statistics\NumericStandardDeviationSamp.java,25,20,8,53,37.735849056603776
.\server\src\main\java\io\crate\execution\engine\aggregation\statistics\NumericVariance.java,79,20,18,117,17.094017094017094
.\server\src\main\java\io\crate\execution\engine\aggregation\statistics\StandardDeviationPop.java,15,20,7,42,47.61904761904762
.\server\src\main\java\io\crate\execution\engine\aggregation\statistics\StandardDeviationSamp.java,19,20,7,46,43.47826086956522
.\server\src\main\java\io\crate\execution\engine\aggregation\statistics\Variance.java,76,24,18,118,20.338983050847457
.\server\src\main\java\io\crate\execution\engine\aggregation\sum\IntervalSumAggregation.java,156,20,28,204,9.803921568627452
.\server\src\main\java\io\crate\execution\engine\aggregation\sum\NumericSumAggregation.java,323,26,55,404,6.435643564356436
.\server\src\main\java\io\crate\execution\engine\aggregation\sum\RemovableCumulativeState.java,55,29,14,98,29.591836734693878
.\server\src\main\java\io\crate\execution\engine\aggregation\sum\RemovableCumulativeStateType.java,68,20,18,106,18.867924528301888
.\server\src\main\java\io\crate\execution\engine\aggregation\sum\SumAggregation.java,360,20,62,442,4.524886877828054
.\server\src\main\java\io\crate\execution\engine\BucketForwarder.java,38,23,9,70,32.857142857142854
.\server\src\main\java\io\crate\execution\engine\collect\BlobShardCollectorProvider.java,82,20,11,113,17.699115044247787
.\server\src\main\java\io\crate\execution\engine\collect\CollectExpression.java,5,23,5,33,69.6969696969697
.\server\src\main\java\io\crate\execution\engine\collect\CollectOperationModule.java,16,20,6,42,47.61904761904762
.\server\src\main\java\io\crate\execution\engine\collect\collectors\BlobOrderedDocCollector.java,17,20,6,43,46.51162790697674
.\server\src\main\java\io\crate\execution\engine\collect\collectors\DummyScorer.java,12,25,7,44,56.81818181818182
.\server\src\main\java\io\crate\execution\engine\collect\collectors\LuceneBatchIterator.java,174,26,25,225,11.555555555555555
.\server\src\main\java\io\crate\execution\engine\collect\collectors\LuceneOrderedDocCollector.java,227,32,29,288,11.11111111111111
.\server\src\main\java\io\crate\execution\engine\collect\collectors\NodeStats.java,153,26,18,197,13.197969543147208
.\server\src\main\java\io\crate\execution\engine\collect\collectors\OptimizeQueryForSearchAfter.java,111,25,8,144,17.36111111111111
.\server\src\main\java\io\crate\execution\engine\collect\collectors\OrderedDocCollector.java,48,31,18,97,31.95876288659794
.\server\src\main\java\io\crate\execution\engine\collect\collectors\OrderedLuceneBatchIteratorFactory.java,123,25,18,166,15.060240963855422
.\server\src\main\java\io\crate\execution\engine\collect\collectors\RemoteCollector.java,186,31,20,237,13.080168776371307
.\server\src\main\java\io\crate\execution\engine\collect\collectors\ScoreDocRowFunction.java,80,20,8,108,18.51851851851852
.\server\src\main\java\io\crate\execution\engine\collect\collectors\ShardStateObserver.java,80,21,18,119,17.647058823529413
.\server\src\main\java\io\crate\execution\engine\collect\CollectTask.java,253,31,31,315,9.841269841269842
.\server\src\main\java\io\crate\execution\engine\collect\count\CountOperation.java,163,20,15,198,10.1010101010101
.\server\src\main\java\io\crate\execution\engine\collect\DocInputFactory.java,41,25,7,73,34.24657534246575
.\server\src\main\java\io\crate\execution\engine\collect\DocValuesAggregates.java,238,25,18,281,8.896797153024911
.\server\src\main\java\io\crate\execution\engine\collect\DocValuesGroupByOptimizedIterator.java,368,24,33,425,5.647058823529412
.\server\src\main\java\io\crate\execution\engine\collect\files\CopyModule.java,31,20,10,61,32.78688524590164
.\server\src\main\java\io\crate\execution\engine\collect\files\FileInput.java,15,27,9,51,52.94117647058823
.\server\src\main\java\io\crate\execution\engine\collect\files\FileInputFactory.java,7,20,6,33,60.60606060606061
.\server\src\main\java\io\crate\execution\engine\collect\files\FileReadingIterator.java,362,54,46,462,11.688311688311689
.\server\src\main\java\io\crate\execution\engine\collect\files\Globs.java,175,37,21,233,15.879828326180258
.\server\src\main\java\io\crate\execution\engine\collect\files\HTTPFileInputFactory.java,138,20,22,180,11.11111111111111
.\server\src\main\java\io\crate\execution\engine\collect\files\LineCollectorExpression.java,6,20,4,30,66.66666666666667
.\server\src\main\java\io\crate\execution\engine\collect\files\LineProcessor.java,110,20,14,144,13.88888888888889
.\server\src\main\java\io\crate\execution\engine\collect\files\LocalFsFileInput.java,117,27,19,163,16.56441717791411
.\server\src\main\java\io\crate\execution\engine\collect\files\LocalFsFileInputFactory.java,11,20,5,36,55.55555555555556
.\server\src\main\java\io\crate\execution\engine\collect\files\SqlFeatureContext.java,48,20,12,80,25.0
.\server\src\main\java\io\crate\execution\engine\collect\files\SqlFeatures.java,35,20,6,61,32.78688524590164
.\server\src\main\java\io\crate\execution\engine\collect\files\SummitsContext.java,59,20,14,93,21.50537634408602
.\server\src\main\java\io\crate\execution\engine\collect\files\SummitsIterable.java,67,20,9,96,20.833333333333332
.\server\src\main\java\io\crate\execution\engine\collect\files\URLFileInput.java,34,22,10,66,33.333333333333336
.\server\src\main\java\io\crate\execution\engine\collect\GroupByOptimizedIterator.java,812,108,71,991,10.898082744702322
.\server\src\main\java\io\crate\execution\engine\collect\LooseIndexScan.java,359,146,54,559,26.118067978533094
.\server\src\main\java\io\crate\execution\engine\collect\LuceneShardCollectorProvider.java,243,24,14,281,8.540925266903914
.\server\src\main\java\io\crate\execution\engine\collect\MapSideDataCollectOperation.java,34,23,8,65,35.38461538461539
.\server\src\main\java\io\crate\execution\engine\collect\NestableCollectExpression.java,43,26,16,85,30.58823529411765
.\server\src\main\java\io\crate\execution\engine\collect\PKLookupOperation.java,183,28,12,223,12.556053811659194
.\server\src\main\java\io\crate\execution\engine\collect\RemoteCollectorFactory.java,150,30,14,194,15.463917525773196
.\server\src\main\java\io\crate\execution\engine\collect\RowCollectExpression.java,38,23,13,74,31.08108108108108
.\server\src\main\java\io\crate\execution\engine\collect\RowShardResolver.java,104,32,17,153,20.915032679738562
.\server\src\main\java\io\crate\execution\engine\collect\RowsTransformer.java,74,20,10,104,19.23076923076923
.\server\src\main\java\io\crate\execution\engine\collect\ShardCollectorProvider.java,134,25,18,177,14.124293785310735
.\server\src\main\java\io\crate\execution\engine\collect\sources\CollectSource.java,13,20,5,38,52.63157894736842
.\server\src\main\java\io\crate\execution\engine\collect\sources\CollectSourceResolver.java,160,21,23,204,10.294117647058824
.\server\src\main\java\io\crate\execution\engine\collect\sources\FileCollectSource.java,120,21,13,154,13.636363636363637
.\server\src\main\java\io\crate\execution\engine\collect\sources\InformationSchemaIterables.java,542,45,92,679,6.62739322533137
.\server\src\main\java\io\crate\execution\engine\collect\sources\NodeStatsCollectSource.java,104,20,10,134,14.925373134328359
.\server\src\main\java\io\crate\execution\engine\collect\sources\ProjectorSetupCollectSource.java,33,20,7,60,33.333333333333336
.\server\src\main\java\io\crate\execution\engine\collect\sources\ShardCollectorProviderFactory.java,91,20,10,121,16.52892561983471
.\server\src\main\java\io\crate\execution\engine\collect\sources\ShardCollectSource.java,407,62,40,509,12.180746561886052
.\server\src\main\java\io\crate\execution\engine\collect\sources\SystemCollectSource.java,138,33,18,189,17.46031746031746
.\server\src\main\java\io\crate\execution\engine\collect\sources\TableFunctionCollectSource.java,72,21,11,104,20.192307692307693
.\server\src\main\java\io\crate\execution\engine\collect\stats\FilteredLogSink.java,46,24,11,81,29.62962962962963
.\server\src\main\java\io\crate\execution\engine\collect\stats\JobsLogs.java,155,58,28,241,24.066390041493776
.\server\src\main\java\io\crate\execution\engine\collect\stats\JobsLogService.java,292,50,39,381,13.123359580052494
.\server\src\main\java\io\crate\execution\engine\collect\stats\LogSink.java,6,20,6,32,62.5
.\server\src\main\java\io\crate\execution\engine\collect\stats\NodeStatsAction.java,9,20,5,34,58.8235294117647
.\server\src\main\java\io\crate\execution\engine\collect\stats\NodeStatsRequest.java,45,20,14,79,25.31645569620253
.\server\src\main\java\io\crate\execution\engine\collect\stats\NodeStatsResponse.java,22,20,9,51,39.21568627450981
.\server\src\main\java\io\crate\execution\engine\collect\stats\NoopLogSink.java,27,20,11,58,34.48275862068966
.\server\src\main\java\io\crate\execution\engine\collect\stats\QueueSink.java,29,20,9,58,34.48275862068966
.\server\src\main\java\io\crate\execution\engine\collect\stats\RamAccountingQueue.java,134,25,32,191,13.089005235602095
.\server\src\main\java\io\crate\execution\engine\collect\stats\TimeBasedQEviction.java,34,20,7,61,32.78688524590164
.\server\src\main\java\io\crate\execution\engine\collect\stats\TransportNodeStatsAction.java,53,20,9,82,24.390243902439025
.\server\src\main\java\io\crate\execution\engine\collect\ValueAndInputRow.java,29,27,8,64,42.1875
.\server\src\main\java\io\crate\execution\engine\CorrelatedJoinProjector.java,80,21,11,112,18.75
.\server\src\main\java\io\crate\execution\engine\distribution\BroadcastingBucketBuilder.java,33,24,9,66,36.36363636363637
.\server\src\main\java\io\crate\execution\engine\distribution\DistributedResultAction.java,9,20,5,34,58.8235294117647
.\server\src\main\java\io\crate\execution\engine\distribution\DistributedResultRequest.java,125,21,28,174,12.068965517241379
.\server\src\main\java\io\crate\execution\engine\distribution\DistributedResultResponse.java,25,20,10,55,36.36363636363637
.\server\src\main\java\io\crate\execution\engine\distribution\DistributingConsumer.java,361,51,39,451,11.30820399113082
.\server\src\main\java\io\crate\execution\engine\distribution\DistributingConsumerFactory.java,117,32,14,163,19.631901840490798
.\server\src\main\java\io\crate\execution\engine\distribution\merge\BatchPagingIterator.java,114,30,19,163,18.404907975460123
.\server\src\main\java\io\crate\execution\engine\distribution\merge\KeyIterable.java,21,20,8,49,40.816326530612244
.\server\src\main\java\io\crate\execution\engine\distribution\merge\PagingIterator.java,49,38,12,99,38.38383838383838
.\server\src\main\java\io\crate\execution\engine\distribution\merge\PassThroughPagingIterator.java,64,27,15,106,25.471698113207548
.\server\src\main\java\io\crate\execution\engine\distribution\merge\PlainSortedMergeIterator.java,99,26,24,149,17.449664429530202
.\server\src\main\java\io\crate\execution\engine\distribution\merge\RamAccountingPageIterator.java,42,23,11,76,30.263157894736842
.\server\src\main\java\io\crate\execution\engine\distribution\merge\RecordingSortedMergeIterator.java,121,27,25,173,15.606936416184972
.\server\src\main\java\io\crate\execution\engine\distribution\ModuloBucketBuilder.java,76,27,13,116,23.275862068965516
.\server\src\main\java\io\crate\execution\engine\distribution\MultiBucketBuilder.java,8,36,6,50,72.0
.\server\src\main\java\io\crate\execution\engine\distribution\SingleBucketBuilder.java,35,20,9,64,31.25
.\server\src\main\java\io\crate\execution\engine\distribution\StreamBucket.java,160,29,32,221,13.122171945701357
.\server\src\main\java\io\crate\execution\engine\distribution\StreamBucketCollector.java,41,23,11,75,30.666666666666668
.\server\src\main\java\io\crate\execution\engine\distribution\TransportDistributedResultAction.java,220,29,25,274,10.583941605839415
.\server\src\main\java\io\crate\execution\engine\export\FileOutput.java,11,26,6,43,60.46511627906977
.\server\src\main\java\io\crate\execution\engine\export\FileOutputFactory.java,6,20,5,31,64.51612903225806
.\server\src\main\java\io\crate\execution\engine\export\FileWriterCountCollector.java,222,27,38,287,9.40766550522648
.\server\src\main\java\io\crate\execution\engine\export\FileWriterProjector.java,65,28,9,102,27.45098039215686
.\server\src\main\java\io\crate\execution\engine\export\LocalFsFileOutput.java,34,20,7,61,32.78688524590164
.\server\src\main\java\io\crate\execution\engine\export\LocalFsFileOutputFactory.java,10,20,6,36,55.55555555555556
.\server\src\main\java\io\crate\execution\engine\fetch\FetchCollector.java,97,27,13,137,19.708029197080293
.\server\src\main\java\io\crate\execution\engine\fetch\FetchId.java,12,35,6,53,66.0377358490566
.\server\src\main\java\io\crate\execution\engine\fetch\FetchMapper.java,57,20,11,88,22.727272727272727
.\server\src\main\java\io\crate\execution\engine\fetch\FetchNodeAction.java,9,20,5,34,58.8235294117647
.\server\src\main\java\io\crate\execution\engine\fetch\FetchOperation.java,10,25,5,40,62.5
.\server\src\main\java\io\crate\execution\engine\fetch\FetchProjector.java,52,22,9,83,26.50602409638554
.\server\src\main\java\io\crate\execution\engine\fetch\FetchRows.java,93,71,18,182,39.010989010989015
.\server\src\main\java\io\crate\execution\engine\fetch\FetchTask.java,290,26,33,349,7.4498567335243555
.\server\src\main\java\io\crate\execution\engine\fetch\NodeFetchOperation.java,167,22,20,209,10.526315789473685
.\server\src\main\java\io\crate\execution\engine\fetch\NodeFetchRequest.java,108,20,19,147,13.605442176870747
.\server\src\main\java\io\crate\execution\engine\fetch\NodeFetchResponse.java,52,20,11,83,24.096385542168676
.\server\src\main\java\io\crate\execution\engine\fetch\ReaderBucket.java,60,27,15,102,26.470588235294116
.\server\src\main\java\io\crate\execution\engine\fetch\ReaderBuckets.java,110,34,18,162,20.987654320987655
.\server\src\main\java\io\crate\execution\engine\fetch\ReaderContext.java,32,20,14,66,30.303030303030305
.\server\src\main\java\io\crate\execution\engine\fetch\TransportFetchNodeAction.java,70,24,11,105,22.857142857142858
.\server\src\main\java\io\crate\execution\engine\fetch\TransportFetchOperation.java,68,26,12,106,24.528301886792452
.\server\src\main\java\io\crate\execution\engine\FirstColumnConsumers.java,96,24,24,144,16.666666666666668
.\server\src\main\java\io\crate\execution\engine\indexing\BatchIteratorBackpressureExecutor.java,156,59,23,238,24.789915966386555
.\server\src\main\java\io\crate\execution\engine\indexing\BulkShardCreationLimiter.java,29,24,8,61,39.34426229508197
.\server\src\main\java\io\crate\execution\engine\indexing\ColumnIndexWriterProjector.java,138,20,14,172,11.627906976744185
.\server\src\main\java\io\crate\execution\engine\indexing\DMLProjector.java,19,20,7,46,43.47826086956522
.\server\src\main\java\io\crate\execution\engine\indexing\GroupRowsByShard.java,207,37,17,261,14.17624521072797
.\server\src\main\java\io\crate\execution\engine\indexing\IndexWriterProjector.java,169,22,17,208,10.576923076923077
.\server\src\main\java\io\crate\execution\engine\indexing\IsUsedBytesOverThreshold.java,36,20,10,66,30.303030303030305
.\server\src\main\java\io\crate\execution\engine\indexing\ItemFactory.java,5,20,3,28,71.42857142857143
.\server\src\main\java\io\crate\execution\engine\indexing\RowSourceInfo.java,21,20,8,49,40.816326530612244
.\server\src\main\java\io\crate\execution\engine\indexing\ShardDMLExecutor.java,220,24,20,264,9.090909090909092
.\server\src\main\java\io\crate\execution\engine\indexing\ShardedRequests.java,86,23,20,129,17.829457364341085
.\server\src\main\java\io\crate\execution\engine\indexing\ShardingUpsertExecutor.java,332,27,27,386,6.994818652849741
.\server\src\main\java\io\crate\execution\engine\indexing\ShardLocation.java,5,20,3,28,71.42857142857143
.\server\src\main\java\io\crate\execution\engine\indexing\UpsertResultCollector.java,16,20,10,46,43.47826086956522
.\server\src\main\java\io\crate\execution\engine\indexing\UpsertResultCollectors.java,155,20,30,205,9.75609756097561
.\server\src\main\java\io\crate\execution\engine\indexing\UpsertResultContext.java,114,26,24,164,15.853658536585366
.\server\src\main\java\io\crate\execution\engine\indexing\UpsertResults.java,168,32,26,226,14.15929203539823
.\server\src\main\java\io\crate\execution\engine\InitializationTracker.java,27,34,9,70,48.57142857142857
.\server\src\main\java\io\crate\execution\engine\InterceptingRowConsumer.java,80,20,13,113,17.699115044247787
.\server\src\main\java\io\crate\execution\engine\JobLauncher.java,291,69,30,390,17.692307692307693
.\server\src\main\java\io\crate\execution\engine\join\HashJoinBatchIterator.java,230,98,37,365,26.84931506849315
.\server\src\main\java\io\crate\execution\engine\join\HashJoinOperation.java,98,20,12,130,15.384615384615385
.\server\src\main\java\io\crate\execution\engine\join\NestedLoopOperation.java,149,20,20,189,10.582010582010582
.\server\src\main\java\io\crate\execution\engine\join\RamBlockSizeCalculator.java,30,32,10,72,44.44444444444444
.\server\src\main\java\io\crate\execution\engine\NodeOperationTreeGenerator.java,169,76,36,281,27.04626334519573
.\server\src\main\java\io\crate\execution\engine\PagingUnsupportedResultListener.java,14,23,7,44,52.27272727272727
.\server\src\main\java\io\crate\execution\engine\PhasesTaskFactory.java,57,20,9,86,23.25581395348837
.\server\src\main\java\io\crate\execution\engine\pipeline\FilterProjector.java,20,20,9,49,40.816326530612244
.\server\src\main\java\io\crate\execution\engine\pipeline\FlatMapProjector.java,17,20,7,44,45.45454545454545
.\server\src\main\java\io\crate\execution\engine\pipeline\InputRowProjector.java,24,23,8,55,41.81818181818182
.\server\src\main\java\io\crate\execution\engine\pipeline\LimitAndOffset.java,5,20,3,28,71.42857142857143
.\server\src\main\java\io\crate\execution\engine\pipeline\LimitAndOffsetProjector.java,34,20,7,61,32.78688524590164
.\server\src\main\java\io\crate\execution\engine\pipeline\MapRowUsingInputs.java,26,36,7,69,52.17391304347826
.\server\src\main\java\io\crate\execution\engine\pipeline\MergeCountProjector.java,15,20,5,40,50.0
.\server\src\main\java\io\crate\execution\engine\pipeline\OffsetProjector.java,22,20,7,49,40.816326530612244
.\server\src\main\java\io\crate\execution\engine\pipeline\ProjectingRowConsumer.java,65,57,12,134,42.53731343283582
.\server\src\main\java\io\crate\execution\engine\pipeline\ProjectionToProjectorVisitor.java,685,41,60,786,5.216284987277354
.\server\src\main\java\io\crate\execution\engine\pipeline\ProjectorFactory.java,16,20,6,42,47.61904761904762
.\server\src\main\java\io\crate\execution\engine\pipeline\Projectors.java,61,27,10,98,27.551020408163264
.\server\src\main\java\io\crate\execution\engine\pipeline\TableFunctionApplier.java,70,21,10,101,20.792079207920793
.\server\src\main\java\io\crate\execution\engine\pipeline\TopNDistinctProjector.java,26,20,7,53,37.735849056603776
.\server\src\main\java\io\crate\execution\engine\profile\CollectProfileNodeAction.java,9,20,5,34,58.8235294117647
.\server\src\main\java\io\crate\execution\engine\profile\CollectProfileRequest.java,29,20,11,60,33.333333333333336
.\server\src\main\java\io\crate\execution\engine\profile\NodeCollectProfileResponse.java,22,20,9,51,39.21568627450981
.\server\src\main\java\io\crate\execution\engine\profile\TransportCollectProfileNodeAction.java,59,34,11,104,32.69230769230769
.\server\src\main\java\io\crate\execution\engine\sort\BoundedSortingLimitAndOffsetCollector.java,101,37,17,155,23.870967741935484
.\server\src\main\java\io\crate\execution\engine\sort\Comparators.java,68,20,10,98,20.408163265306122
.\server\src\main\java\io\crate\execution\engine\sort\InputFieldComparator.java,92,23,16,131,17.557251908396946
.\server\src\main\java\io\crate\execution\engine\sort\LuceneSort.java,230,37,29,296,12.5
.\server\src\main\java\io\crate\execution\engine\sort\NullAwareComparator.java,33,27,7,67,40.298507462686565
.\server\src\main\java\io\crate\execution\engine\sort\NullFieldComparatorSource.java,53,26,14,93,27.956989247311828
.\server\src\main\java\io\crate\execution\engine\sort\NullValueOrder.java,8,20,3,31,64.51612903225806
.\server\src\main\java\io\crate\execution\engine\sort\OrderingByPosition.java,69,20,12,101,19.801980198019802
.\server\src\main\java\io\crate\execution\engine\sort\RowPriorityQueue.java,14,20,7,41,48.78048780487805
.\server\src\main\java\io\crate\execution\engine\sort\Sort.java,41,20,8,69,28.985507246376812
.\server\src\main\java\io\crate\execution\engine\sort\SortingLimitAndOffsetProjector.java,66,39,8,113,34.51327433628319
.\server\src\main\java\io\crate\execution\engine\sort\SortingProjector.java,69,34,12,115,29.565217391304348
.\server\src\main\java\io\crate\execution\engine\sort\UnboundedSortingLimitAndOffsetCollector.java,112,38,16,166,22.89156626506024
.\server\src\main\java\io\crate\execution\engine\window\AggregateToWindowFunctionAdapter.java,154,26,18,198,13.131313131313131
.\server\src\main\java\io\crate\execution\engine\window\ArithmeticOperatorsFactory.java,97,20,9,126,15.873015873015873
.\server\src\main\java\io\crate\execution\engine\window\ComputeFrameBoundary.java,5,20,4,29,68.96551724137932
.\server\src\main\java\io\crate\execution\engine\window\RowNumberWindowFunction.java,52,20,12,84,23.80952380952381
.\server\src\main\java\io\crate\execution\engine\window\WindowFrameState.java,69,33,16,118,27.966101694915253
.\server\src\main\java\io\crate\execution\engine\window\WindowFunction.java,16,28,6,50,56.0
.\server\src\main\java\io\crate\execution\engine\window\WindowFunctionBatchIterator.java,199,45,20,264,17.045454545454547
.\server\src\main\java\io\crate\execution\engine\window\WindowFunctions.java,13,20,5,38,52.63157894736842
.\server\src\main\java\io\crate\execution\engine\window\WindowProjector.java,227,24,17,268,8.955223880597014
.\server\src\main\java\io\crate\execution\IncrementalPageBucketReceiver.java,111,21,15,147,14.285714285714286
.\server\src\main\java\io\crate\execution\jobs\AbstractTask.java,69,20,16,105,19.047619047619047
.\server\src\main\java\io\crate\execution\jobs\AsyncFnTask.java,52,24,11,87,27.586206896551722
.\server\src\main\java\io\crate\execution\jobs\CountTask.java,79,20,13,112,17.857142857142858
.\server\src\main\java\io\crate\execution\jobs\CumulativePageBucketReceiver.java,268,33,25,326,10.122699386503067
.\server\src\main\java\io\crate\execution\jobs\DistResultRXTask.java,81,32,16,129,24.8062015503876
.\server\src\main\java\io\crate\execution\jobs\DownstreamRXTask.java,6,23,4,33,69.6969696969697
.\server\src\main\java\io\crate\execution\jobs\InstrumentedIndexSearcher.java,39,23,7,69,33.333333333333336
.\server\src\main\java\io\crate\execution\jobs\JobSetup.java,907,84,74,1065,7.887323943661972
.\server\src\main\java\io\crate\execution\jobs\JoinTask.java,49,22,16,87,25.28735632183908
.\server\src\main\java\io\crate\execution\jobs\kill\KillableCallable.java,20,20,9,49,40.816326530612244
.\server\src\main\java\io\crate\execution\jobs\kill\KillAllListener.java,6,20,5,31,64.51612903225806
.\server\src\main\java\io\crate\execution\jobs\kill\KillAllNodeAction.java,9,20,5,34,58.8235294117647
.\server\src\main\java\io\crate\execution\jobs\kill\KillAllRequest.java,23,20,9,52,38.46153846153846
.\server\src\main\java\io\crate\execution\jobs\kill\KillJobsNodeAction.java,9,20,5,34,58.8235294117647
.\server\src\main\java\io\crate\execution\jobs\kill\KillJobsNodeRequest.java,89,26,20,135,19.25925925925926
.\server\src\main\java\io\crate\execution\jobs\kill\KillResponse.java,38,20,12,70,28.571428571428573
.\server\src\main\java\io\crate\execution\jobs\kill\TransportKillAllNodeAction.java,42,21,10,73,28.767123287671232
.\server\src\main\java\io\crate\execution\jobs\kill\TransportKillJobsNodeAction.java,41,21,11,73,28.767123287671232
.\server\src\main\java\io\crate\execution\jobs\kill\TransportKillNodeAction.java,38,20,9,67,29.850746268656717
.\server\src\main\java\io\crate\execution\jobs\NodeLimits.java,89,43,17,149,28.859060402684563
.\server\src\main\java\io\crate\execution\jobs\PageBucketReceiver.java,15,65,9,89,73.03370786516854
.\server\src\main\java\io\crate\execution\jobs\PageResultListener.java,4,34,3,41,82.92682926829268
.\server\src\main\java\io\crate\execution\jobs\PKLookupTask.java,147,22,17,186,11.827956989247312
.\server\src\main\java\io\crate\execution\jobs\RootTask.java,348,37,46,431,8.584686774941995
.\server\src\main\java\io\crate\execution\jobs\SharedShardContext.java,42,20,12,74,27.027027027027028
.\server\src\main\java\io\crate\execution\jobs\SharedShardContexts.java,120,36,14,170,21.176470588235293
.\server\src\main\java\io\crate\execution\jobs\Task.java,12,27,9,48,56.25
.\server\src\main\java\io\crate\execution\jobs\TasksService.java,286,39,43,368,10.597826086956522
.\server\src\main\java\io\crate\execution\jobs\transport\CancelRequest.java,43,20,12,75,26.666666666666668
.\server\src\main\java\io\crate\execution\jobs\transport\JobAction.java,9,20,5,34,58.8235294117647
.\server\src\main\java\io\crate\execution\jobs\transport\JobRequest.java,88,20,24,132,15.151515151515152
.\server\src\main\java\io\crate\execution\jobs\transport\JobResponse.java,39,20,11,70,28.571428571428573
.\server\src\main\java\io\crate\execution\jobs\transport\TransportCancelAction.java,67,23,9,99,23.232323232323232
.\server\src\main\java\io\crate\execution\jobs\transport\TransportJobAction.java,142,23,17,182,12.637362637362637
.\server\src\main\java\io\crate\execution\MultiPhaseExecutor.java,68,21,13,102,20.58823529411765
.\server\src\main\java\io\crate\execution\package-info.java,1,160,1,162,98.76543209876543
.\server\src\main\java\io\crate\execution\support\ActionExecutor.java,7,20,5,32,62.5
.\server\src\main\java\io\crate\execution\support\NodeAction.java,8,24,5,37,64.86486486486487
.\server\src\main\java\io\crate\execution\support\NodeActionRequestHandler.java,43,20,8,71,28.169014084507044
.\server\src\main\java\io\crate\execution\support\NodeRequest.java,26,24,10,60,40.0
.\server\src\main\java\io\crate\execution\support\OneRowActionListener.java,44,20,12,76,26.31578947368421
.\server\src\main\java\io\crate\execution\support\RetryRunnable.java,65,20,11,96,20.833333333333332
.\server\src\main\java\io\crate\execution\support\ThreadPools.java,58,39,9,106,36.79245283018868
.\server\src\main\java\io\crate\execution\support\Transports.java,51,20,11,82,24.390243902439025
.\server\src\main\java\io\crate\execution\TransportExecutorModule.java,13,20,6,39,51.282051282051285
.\server\src\main\java\io\crate\expression\BaseImplementationSymbolVisitor.java,72,20,13,105,19.047619047619047
.\server\src\main\java\io\crate\expression\eval\EvaluatingNormalizer.java,175,37,24,236,15.677966101694915
.\server\src\main\java\io\crate\expression\eval\NullEliminator.java,53,54,18,125,43.2
.\server\src\main\java\io\crate\expression\ExpressionsInput.java,24,23,8,55,41.81818181818182
.\server\src\main\java\io\crate\expression\FunctionExpression.java,31,20,8,59,33.898305084745765
.\server\src\main\java\io\crate\expression\InputCondition.java,13,20,7,40,50.0
.\server\src\main\java\io\crate\expression\InputFactory.java,162,56,35,253,22.134387351778656
.\server\src\main\java\io\crate\expression\InputRow.java,25,20,9,54,37.03703703703704
.\server\src\main\java\io\crate\expression\NestableInput.java,20,27,6,53,50.943396226415096
.\server\src\main\java\io\crate\expression\operator\all\AllEqOperator.java,90,44,11,145,30.344827586206897
.\server\src\main\java\io\crate\expression\operator\all\AllLikeOperator.java,43,20,10,73,27.397260273972602
.\server\src\main\java\io\crate\expression\operator\all\AllNeqOperator.java,27,20,9,56,35.714285714285715
.\server\src\main\java\io\crate\expression\operator\all\AllNotLikeOperator.java,41,20,11,72,27.77777777777778
.\server\src\main\java\io\crate\expression\operator\all\AllOperator.java,127,22,20,169,13.017751479289942
.\server\src\main\java\io\crate\expression\operator\all\AllRangeOperator.java,68,20,16,104,19.23076923076923
.\server\src\main\java\io\crate\expression\operator\AndOperator.java,156,37,30,223,16.591928251121075
.\server\src\main\java\io\crate\expression\operator\any\AnyEqOperator.java,88,22,12,122,18.0327868852459
.\server\src\main\java\io\crate\expression\operator\any\AnyLikeOperator.java,65,21,11,97,21.649484536082475
.\server\src\main\java\io\crate\expression\operator\any\AnyNeqOperator.java,115,22,10,147,14.965986394557824
.\server\src\main\java\io\crate\expression\operator\any\AnyNotLikeOperator.java,75,22,12,109,20.18348623853211
.\server\src\main\java\io\crate\expression\operator\any\AnyOperator.java,133,23,23,179,12.849162011173185
.\server\src\main\java\io\crate\expression\operator\any\AnyRangeOperator.java,96,22,21,139,15.827338129496402
.\server\src\main\java\io\crate\expression\operator\CIDROperator.java,113,23,17,153,15.032679738562091
.\server\src\main\java\io\crate\expression\operator\CmpOperator.java,90,20,13,123,16.260162601626018
.\server\src\main\java\io\crate\expression\operator\DistinctFrom.java,109,24,15,148,16.216216216216218
.\server\src\main\java\io\crate\expression\operator\EqOperator.java,274,54,25,353,15.297450424929178
.\server\src\main\java\io\crate\expression\operator\ExistsOperator.java,35,20,8,63,31.746031746031747
.\server\src\main\java\io\crate\expression\operator\FourPredicate.java,5,20,3,28,71.42857142857143
.\server\src\main\java\io\crate\expression\operator\GteOperator.java,39,20,5,64,31.25
.\server\src\main\java\io\crate\expression\operator\GtOperator.java,39,20,5,64,31.25
.\server\src\main\java\io\crate\expression\operator\IsOperator.java,68,20,15,103,19.41747572815534
.\server\src\main\java\io\crate\expression\operator\LikeOperator.java,132,25,18,175,14.285714285714286
.\server\src\main\java\io\crate\expression\operator\LikeOperators.java,350,29,27,406,7.142857142857143
.\server\src\main\java\io\crate\expression\operator\LteOperator.java,39,20,5,64,31.25
.\server\src\main\java\io\crate\expression\operator\LtOperator.java,33,20,5,58,34.48275862068966
.\server\src\main\java\io\crate\expression\operator\Operator.java,28,24,6,58,41.37931034482759
.\server\src\main\java\io\crate\expression\operator\Operators.java,42,20,9,71,28.169014084507044
.\server\src\main\java\io\crate\expression\operator\OrOperator.java,93,28,22,143,19.58041958041958
.\server\src\main\java\io\crate\expression\operator\RegexpMatchCaseInsensitiveOperator.java,58,20,12,90,22.22222222222222
.\server\src\main\java\io\crate\expression\operator\RegexpMatchOperator.java,74,22,12,108,20.37037037037037
.\server\src\main\java\io\crate\expression\operator\TriPredicate.java,8,20,4,32,62.5
.\server\src\main\java\io\crate\expression\predicate\IsNullPredicate.java,157,27,16,200,13.5
.\server\src\main\java\io\crate\expression\predicate\MatchPredicate.java,320,39,51,410,9.512195121951219
.\server\src\main\java\io\crate\expression\predicate\NotPredicate.java,172,43,29,244,17.62295081967213
.\server\src\main\java\io\crate\expression\predicate\Predicates.java,15,20,5,40,50.0
.\server\src\main\java\io\crate\expression\reference\doc\blob\BlobReferenceResolver.java,33,20,9,62,32.25806451612903
.\server\src\main\java\io\crate\expression\reference\doc\lucene\BinaryColumnReference.java,39,20,12,71,28.169014084507044
.\server\src\main\java\io\crate\expression\reference\doc\lucene\BitStringColumnReference.java,17,20,8,45,44.44444444444444
.\server\src\main\java\io\crate\expression\reference\doc\lucene\BooleanColumnReference.java,10,20,5,35,57.142857142857146
.\server\src\main\java\io\crate\expression\reference\doc\lucene\ByteColumnReference.java,10,20,5,35,57.142857142857146
.\server\src\main\java\io\crate\expression\reference\doc\lucene\CollectorContext.java,32,20,11,63,31.746031746031747
.\server\src\main\java\io\crate\expression\reference\doc\lucene\ColumnFieldVisitor.java,107,41,25,173,23.69942196531792
.\server\src\main\java\io\crate\expression\reference\doc\lucene\DocCollectorExpression.java,64,22,21,107,20.560747663551403
.\server\src\main\java\io\crate\expression\reference\doc\lucene\DocIdCollectorExpression.java,12,20,5,37,54.054054054054056
.\server\src\main\java\io\crate\expression\reference\doc\lucene\DoubleColumnReference.java,11,20,7,38,52.63157894736842
.\server\src\main\java\io\crate\expression\reference\doc\lucene\FetchIdCollectorExpression.java,27,20,9,56,35.714285714285715
.\server\src\main\java\io\crate\expression\reference\doc\lucene\FloatColumnReference.java,11,20,6,37,54.054054054054056
.\server\src\main\java\io\crate\expression\reference\doc\lucene\FloatVectorColumnReference.java,38,20,10,68,29.41176470588235
.\server\src\main\java\io\crate\expression\reference\doc\lucene\GeoPointColumnReference.java,18,20,6,44,45.45454545454545
.\server\src\main\java\io\crate\expression\reference\doc\lucene\IdCollectorExpression.java,57,24,13,94,25.53191489361702
.\server\src\main\java\io\crate\expression\reference\doc\lucene\IntegerColumnReference.java,10,20,4,34,58.8235294117647
.\server\src\main\java\io\crate\expression\reference\doc\lucene\IpColumnReference.java,15,23,7,45,51.111111111111114
.\server\src\main\java\io\crate\expression\reference\doc\lucene\LongColumnReference.java,10,20,5,35,57.142857142857146
.\server\src\main\java\io\crate\expression\reference\doc\lucene\LuceneCollectorExpression.java,17,23,9,49,46.93877551020408
.\server\src\main\java\io\crate\expression\reference\doc\lucene\LuceneReferenceResolver.java,133,21,24,178,11.797752808988765
.\server\src\main\java\io\crate\expression\reference\doc\lucene\NullSentinelValues.java,71,30,17,118,25.423728813559322
.\server\src\main\java\io\crate\expression\reference\doc\lucene\NumericColumnReference.java,38,20,12,70,28.571428571428573
.\server\src\main\java\io\crate\expression\reference\doc\lucene\OrderByCollectorExpression.java,37,24,12,73,32.87671232876713
.\server\src\main\java\io\crate\expression\reference\doc\lucene\PrimaryTermCollectorExpression.java,33,20,9,62,32.25806451612903
.\server\src\main\java\io\crate\expression\reference\doc\lucene\RawCollectorExpression.java,24,20,9,53,37.735849056603776
.\server\src\main\java\io\crate\expression\reference\doc\lucene\RawFieldVisitor.java,47,22,15,84,26.19047619047619
.\server\src\main\java\io\crate\expression\reference\doc\lucene\ScoreCollectorExpression.java,26,20,8,54,37.03703703703704
.\server\src\main\java\io\crate\expression\reference\doc\lucene\SeqNoCollectorExpression.java,33,20,9,62,32.25806451612903
.\server\src\main\java\io\crate\expression\reference\doc\lucene\ShortColumnReference.java,10,20,5,35,57.142857142857146
.\server\src\main\java\io\crate\expression\reference\doc\lucene\SourceFieldVisitor.java,29,20,9,58,34.48275862068966
.\server\src\main\java\io\crate\expression\reference\doc\lucene\SourceParser.java,236,53,24,313,16.93290734824281
.\server\src\main\java\io\crate\expression\reference\doc\lucene\StoredRow.java,16,21,8,45,46.666666666666664
.\server\src\main\java\io\crate\expression\reference\doc\lucene\StoredRowLookup.java,250,32,39,321,9.968847352024921
.\server\src\main\java\io\crate\expression\reference\doc\lucene\StringColumnReference.java,11,20,5,36,55.55555555555556
.\server\src\main\java\io\crate\expression\reference\doc\lucene\VersionCollectorExpression.java,33,20,9,62,32.25806451612903
.\server\src\main\java\io\crate\expression\reference\Doc.java,56,20,15,91,21.978021978021978
.\server\src\main\java\io\crate\expression\reference\DocRefResolver.java,69,24,17,110,21.818181818181817
.\server\src\main\java\io\crate\expression\reference\file\ColumnExtractingLineExpression.java,21,20,7,48,41.666666666666664
.\server\src\main\java\io\crate\expression\reference\file\FileLineReferenceResolver.java,26,22,7,55,40.0
.\server\src\main\java\io\crate\expression\reference\file\LineContext.java,80,30,19,129,23.25581395348837
.\server\src\main\java\io\crate\expression\reference\file\SourceAsMapLineExpression.java,17,20,7,44,45.45454545454545
.\server\src\main\java\io\crate\expression\reference\file\SourceLineExpression.java,15,20,6,41,48.78048780487805
.\server\src\main\java\io\crate\expression\reference\file\SourceLineNumberExpression.java,26,20,8,54,37.03703703703704
.\server\src\main\java\io\crate\expression\reference\file\SourceParsingFailureExpression.java,28,20,9,57,35.08771929824562
.\server\src\main\java\io\crate\expression\reference\file\SourceUriExpression.java,26,20,8,54,37.03703703703704
.\server\src\main\java\io\crate\expression\reference\file\SourceUriFailureExpression.java,28,20,9,57,35.08771929824562
.\server\src\main\java\io\crate\expression\reference\GatheringRefResolver.java,21,20,7,48,41.666666666666664
.\server\src\main\java\io\crate\expression\reference\information\ColumnContext.java,5,20,3,28,71.42857142857143
.\server\src\main\java\io\crate\expression\reference\MapLookupByPathExpression.java,41,20,10,71,28.169014084507044
.\server\src\main\java\io\crate\expression\reference\partitioned\PartitionExpression.java,25,20,8,53,37.735849056603776
.\server\src\main\java\io\crate\expression\reference\ReferenceResolver.java,6,20,4,30,66.66666666666667
.\server\src\main\java\io\crate\expression\reference\StaticTableDefinition.java,65,20,16,101,19.801980198019802
.\server\src\main\java\io\crate\expression\reference\StaticTableReferenceResolver.java,43,20,11,74,27.027027027027028
.\server\src\main\java\io\crate\expression\reference\sys\check\AbstractSysCheck.java,33,20,14,67,29.850746268656717
.\server\src\main\java\io\crate\expression\reference\sys\check\cluster\LuceneVersionChecks.java,16,20,5,41,48.78048780487805
.\server\src\main\java\io\crate\expression\reference\sys\check\cluster\NumberOfPartitionsSysCheck.java,43,20,8,71,28.169014084507044
.\server\src\main\java\io\crate\expression\reference\sys\check\cluster\TablesNeedUpgradeSysCheck.java,54,20,12,86,23.25581395348837
.\server\src\main\java\io\crate\expression\reference\sys\check\node\AbstractSysNodeCheck.java,41,20,15,76,26.31578947368421
.\server\src\main\java\io\crate\expression\reference\sys\check\node\DiskWatermarkNodesSysCheck.java,59,22,13,94,23.404255319148938
.\server\src\main\java\io\crate\expression\reference\sys\check\node\FloodStageDiskWatermarkNodesSysCheck.java,24,20,6,50,40.0
.\server\src\main\java\io\crate\expression\reference\sys\check\node\HighDiskWatermarkNodesSysCheck.java,23,20,6,49,40.816326530612244
.\server\src\main\java\io\crate\expression\reference\sys\check\node\LowDiskWatermarkNodesSysCheck.java,23,20,6,49,40.816326530612244
.\server\src\main\java\io\crate\expression\reference\sys\check\node\MaxShardsPerNodeSysCheck.java,43,20,9,72,27.77777777777778
.\server\src\main\java\io\crate\expression\reference\sys\check\node\RecoveryAfterNodesSysCheck.java,39,21,10,70,30.0
.\server\src\main\java\io\crate\expression\reference\sys\check\node\RecoveryAfterTimeSysCheck.java,45,21,9,75,28.0
.\server\src\main\java\io\crate\expression\reference\sys\check\node\RecoveryExpectedNodesSysCheck.java,34,21,8,63,33.333333333333336
.\server\src\main\java\io\crate\expression\reference\sys\check\node\SysNodeCheck.java,9,23,8,40,57.5
.\server\src\main\java\io\crate\expression\reference\sys\check\node\SysNodeChecks.java,49,21,10,80,26.25
.\server\src\main\java\io\crate\expression\reference\sys\check\node\SysNodeChecksModule.java,17,21,6,44,47.72727272727273
.\server\src\main\java\io\crate\expression\reference\sys\check\SysCheck.java,23,44,13,80,55.0
.\server\src\main\java\io\crate\expression\reference\sys\check\SysChecker.java,31,20,9,60,33.333333333333336
.\server\src\main\java\io\crate\expression\reference\sys\check\SysChecksModule.java,13,20,4,37,54.054054054054056
.\server\src\main\java\io\crate\expression\reference\sys\job\ContextLog.java,4,20,3,27,74.07407407407408
.\server\src\main\java\io\crate\expression\reference\sys\job\JobContext.java,76,20,18,114,17.54385964912281
.\server\src\main\java\io\crate\expression\reference\sys\job\JobContextLog.java,65,22,24,111,19.81981981981982
.\server\src\main\java\io\crate\expression\reference\sys\node\NodeStatsContext.java,366,22,77,465,4.731182795698925
.\server\src\main\java\io\crate\expression\reference\sys\node\NodeStatsContextFieldResolver.java,264,22,13,299,7.357859531772576
.\server\src\main\java\io\crate\expression\reference\sys\node\Ports.java,12,20,5,37,54.054054054054056
.\server\src\main\java\io\crate\expression\reference\sys\operation\OperationContext.java,44,20,13,77,25.974025974025974
.\server\src\main\java\io\crate\expression\reference\sys\operation\OperationContextLog.java,33,22,10,65,33.84615384615385
.\server\src\main\java\io\crate\expression\reference\sys\shard\ShardRowContext.java,365,25,58,448,5.580357142857143
.\server\src\main\java\io\crate\expression\reference\sys\shard\ShardSegment.java,27,20,11,58,34.48275862068966
.\server\src\main\java\io\crate\expression\reference\sys\shard\ShardSegments.java,49,20,9,78,25.641025641025642
.\server\src\main\java\io\crate\expression\reference\sys\shard\SysAllocation.java,134,20,27,181,11.049723756906078
.\server\src\main\java\io\crate\expression\reference\sys\shard\SysAllocations.java,82,21,9,112,18.75
.\server\src\main\java\io\crate\expression\reference\sys\snapshot\SysSnapshot.java,131,25,10,166,15.060240963855422
.\server\src\main\java\io\crate\expression\reference\sys\snapshot\SysSnapshotRestoreInProgress.java,94,20,17,131,15.267175572519085
.\server\src\main\java\io\crate\expression\reference\sys\snapshot\SysSnapshots.java,78,20,10,108,18.51851851851852
.\server\src\main\java\io\crate\expression\reference\sys\SysRowUpdater.java,28,53,7,88,60.22727272727273
.\server\src\main\java\io\crate\expression\RegexpFlags.java,60,33,12,105,31.428571428571427
.\server\src\main\java\io\crate\expression\RowFilter.java,47,21,13,81,25.925925925925927
.\server\src\main\java\io\crate\expression\scalar\AgeFunction.java,68,44,16,128,34.375
.\server\src\main\java\io\crate\expression\scalar\arithmetic\AbsFunction.java,47,20,7,74,27.027027027027028
.\server\src\main\java\io\crate\expression\scalar\arithmetic\ArithmeticFunctions.java,184,20,12,216,9.25925925925926
.\server\src\main\java\io\crate\expression\scalar\arithmetic\ArrayFunction.java,41,20,9,70,28.571428571428573
.\server\src\main\java\io\crate\expression\scalar\arithmetic\CeilFunction.java,53,20,8,81,24.691358024691358
.\server\src\main\java\io\crate\expression\scalar\arithmetic\ExpFunction.java,44,20,7,71,28.169014084507044
.\server\src\main\java\io\crate\expression\scalar\arithmetic\FloorFunction.java,47,20,7,74,27.027027027027028
.\server\src\main\java\io\crate\expression\scalar\arithmetic\IntervalArithmeticFunctions.java,98,20,16,134,14.925373134328359
.\server\src\main\java\io\crate\expression\scalar\arithmetic\IntervalTimestampArithmeticScalar.java,145,21,13,179,11.731843575418994
.\server\src\main\java\io\crate\expression\scalar\arithmetic\LogFunction.java,157,35,25,217,16.129032258064516
.\server\src\main\java\io\crate\expression\scalar\arithmetic\MapFunction.java,43,32,11,86,37.2093023255814
.\server\src\main\java\io\crate\expression\scalar\arithmetic\NegateFunctions.java,74,20,6,100,20.0
.\server\src\main\java\io\crate\expression\scalar\arithmetic\RadiansDegreesFunctions.java,53,20,6,79,25.31645569620253
.\server\src\main\java\io\crate\expression\scalar\arithmetic\RandomFunction.java,42,22,12,76,28.94736842105263
.\server\src\main\java\io\crate\expression\scalar\arithmetic\RoundFunction.java,105,30,15,150,20.0
.\server\src\main\java\io\crate\expression\scalar\arithmetic\SignFunction.java,40,20,8,68,29.41176470588235
.\server\src\main\java\io\crate\expression\scalar\arithmetic\SquareRootFunction.java,55,20,9,84,23.80952380952381
.\server\src\main\java\io\crate\expression\scalar\arithmetic\SubtractTimestampScalar.java,40,20,8,68,29.41176470588235
.\server\src\main\java\io\crate\expression\scalar\arithmetic\TrigonometricFunctions.java,108,20,19,147,13.605442176870747
.\server\src\main\java\io\crate\expression\scalar\arithmetic\TruncFunction.java,68,22,11,101,21.782178217821784
.\server\src\main\java\io\crate\expression\scalar\array\ArrayArgumentValidators.java,33,20,8,61,32.78688524590164
.\server\src\main\java\io\crate\expression\scalar\array\ArraySummationFunctions.java,77,23,11,111,20.72072072072072
.\server\src\main\java\io\crate\expression\scalar\ArrayAppendFunction.java,57,21,11,89,23.59550561797753
.\server\src\main\java\io\crate\expression\scalar\ArrayAvgFunction.java,129,23,18,170,13.529411764705882
.\server\src\main\java\io\crate\expression\scalar\ArrayCatFunction.java,54,20,10,84,23.80952380952381
.\server\src\main\java\io\crate\expression\scalar\ArrayDifferenceFunction.java,103,21,18,142,14.788732394366198
.\server\src\main\java\io\crate\expression\scalar\ArrayLowerFunction.java,65,31,11,107,28.97196261682243
.\server\src\main\java\io\crate\expression\scalar\ArrayMaxFunction.java,62,24,15,101,23.762376237623762
.\server\src\main\java\io\crate\expression\scalar\ArrayMinFunction.java,64,24,14,102,23.529411764705884
.\server\src\main\java\io\crate\expression\scalar\ArrayOverlapFunction.java,40,20,9,69,28.985507246376812
.\server\src\main\java\io\crate\expression\scalar\ArrayPositionFunction.java,76,21,20,117,17.94871794871795
.\server\src\main\java\io\crate\expression\scalar\ArrayPrependFunction.java,58,21,13,92,22.82608695652174
.\server\src\main\java\io\crate\expression\scalar\ArraySetFunction.java,104,20,15,139,14.388489208633093
.\server\src\main\java\io\crate\expression\scalar\ArraySliceFunction.java,74,20,14,108,18.51851851851852
.\server\src\main\java\io\crate\expression\scalar\ArraySumFunction.java,69,21,12,102,20.58823529411765
.\server\src\main\java\io\crate\expression\scalar\ArrayToStringFunction.java,73,20,12,105,19.047619047619047
.\server\src\main\java\io\crate\expression\scalar\ArrayUniqueFunction.java,72,20,10,102,19.607843137254903
.\server\src\main\java\io\crate\expression\scalar\ArrayUnnestFunction.java,56,25,9,90,27.77777777777778
.\server\src\main\java\io\crate\expression\scalar\ArrayUpperFunction.java,234,71,36,341,20.821114369501466
.\server\src\main\java\io\crate\expression\scalar\BinaryScalar.java,40,20,7,67,29.850746268656717
.\server\src\main\java\io\crate\expression\scalar\bitwise\BitwiseFunctions.java,67,20,10,97,20.61855670103093
.\server\src\main\java\io\crate\expression\scalar\cast\CastMode.java,6,32,4,42,76.19047619047619
.\server\src\main\java\io\crate\expression\scalar\cast\ExplicitCastFunction.java,70,22,12,104,21.153846153846153
.\server\src\main\java\io\crate\expression\scalar\cast\ImplicitCastFunction.java,74,30,13,117,25.641025641025642
.\server\src\main\java\io\crate\expression\scalar\cast\TryCastFunction.java,65,22,11,98,22.448979591836736
.\server\src\main\java\io\crate\expression\scalar\CollectionAverageFunction.java,50,20,8,78,25.641025641025642
.\server\src\main\java\io\crate\expression\scalar\CollectionCountFunction.java,39,20,8,67,29.850746268656717
.\server\src\main\java\io\crate\expression\scalar\ConcatFunction.java,258,27,37,322,8.385093167701863
.\server\src\main\java\io\crate\expression\scalar\ConcatWsFunction.java,49,20,8,77,25.974025974025974
.\server\src\main\java\io\crate\expression\scalar\conditional\CaseFunction.java,43,46,9,98,46.93877551020408
.\server\src\main\java\io\crate\expression\scalar\conditional\CoalesceFunction.java,39,22,7,68,32.35294117647059
.\server\src\main\java\io\crate\expression\scalar\conditional\ConditionalCompareFunction.java,34,20,10,64,31.25
.\server\src\main\java\io\crate\expression\scalar\conditional\GreatestFunction.java,32,20,7,59,33.898305084745765
.\server\src\main\java\io\crate\expression\scalar\conditional\IfFunction.java,50,39,11,100,39.0
.\server\src\main\java\io\crate\expression\scalar\conditional\LeastFunction.java,32,20,7,59,33.898305084745765
.\server\src\main\java\io\crate\expression\scalar\conditional\NullIfFunction.java,34,20,7,61,32.78688524590164
.\server\src\main\java\io\crate\expression\scalar\CurrentDatabaseFunction.java,40,20,8,68,29.41176470588235
.\server\src\main\java\io\crate\expression\scalar\CurrentDateFunction.java,33,20,8,61,32.78688524590164
.\server\src\main\java\io\crate\expression\scalar\DateBinFunction.java,109,34,27,170,20.0
.\server\src\main\java\io\crate\expression\scalar\DateFormatFunction.java,83,23,11,117,19.65811965811966
.\server\src\main\java\io\crate\expression\scalar\DateTruncFunction.java,156,29,27,212,13.679245283018869
.\server\src\main\java\io\crate\expression\scalar\DoubleScalar.java,25,26,7,58,44.827586206896555
.\server\src\main\java\io\crate\expression\scalar\ExtractFunctions.java,150,23,17,190,12.105263157894736
.\server\src\main\java\io\crate\expression\scalar\FormatFunction.java,42,20,13,75,26.666666666666668
.\server\src\main\java\io\crate\expression\scalar\formatting\PGDateTimeTemplates.java,643,44,39,726,6.0606060606060606
.\server\src\main\java\io\crate\expression\scalar\formatting\ToCharFunction.java,123,21,22,166,12.650602409638553
.\server\src\main\java\io\crate\expression\scalar\GenRandomTextUUIDFunction.java,33,20,9,62,32.25806451612903
.\server\src\main\java\io\crate\expression\scalar\geo\AreaFunction.java,37,36,11,84,42.857142857142854
.\server\src\main\java\io\crate\expression\scalar\geo\CoordinateFunction.java,45,20,7,72,27.77777777777778
.\server\src\main\java\io\crate\expression\scalar\geo\DistanceFunction.java,142,63,21,226,27.876106194690266
.\server\src\main\java\io\crate\expression\scalar\geo\GeoHashFunction.java,32,20,7,59,33.898305084745765
.\server\src\main\java\io\crate\expression\scalar\geo\IntersectsFunction.java,63,20,13,96,20.833333333333332
.\server\src\main\java\io\crate\expression\scalar\geo\WithinFunction.java,148,28,17,193,14.507772020725389
.\server\src\main\java\io\crate\expression\scalar\HasDatabasePrivilegeFunction.java,197,30,19,246,12.195121951219512
.\server\src\main\java\io\crate\expression\scalar\HasFunctionPrivilegeFunction.java,202,34,16,252,13.492063492063492
.\server\src\main\java\io\crate\expression\scalar\HasPrivilegeFunction.java,184,43,29,256,16.796875
.\server\src\main\java\io\crate\expression\scalar\HasSchemaPrivilegeFunction.java,176,33,16,225,14.666666666666666
.\server\src\main\java\io\crate\expression\scalar\HasTablePrivilegeFunction.java,183,34,18,235,14.46808510638298
.\server\src\main\java\io\crate\expression\scalar\Ignore3vlFunction.java,47,31,10,88,35.22727272727273
.\server\src\main\java\io\crate\expression\scalar\KnnMatch.java,59,20,12,91,21.978021978021978
.\server\src\main\java\io\crate\expression\scalar\NullOrEmptyFunction.java,95,20,10,125,16.0
.\server\src\main\java\io\crate\expression\scalar\NumericCollectionAverageFunction.java,50,20,8,78,25.641025641025642
.\server\src\main\java\io\crate\expression\scalar\NumNullTermsPerDocQuery.java,102,29,11,142,20.422535211267604
.\server\src\main\java\io\crate\expression\scalar\NumTermsPerDocQuery.java,189,22,29,240,9.166666666666666
.\server\src\main\java\io\crate\expression\scalar\object\ObjectKeysFunction.java,26,20,5,51,39.21568627450981
.\server\src\main\java\io\crate\expression\scalar\object\ObjectMergeFunction.java,40,20,7,67,29.850746268656717
.\server\src\main\java\io\crate\expression\scalar\PiFunction.java,31,20,7,58,34.48275862068966
.\server\src\main\java\io\crate\expression\scalar\postgres\CurrentSettingFunction.java,75,20,14,109,18.34862385321101
.\server\src\main\java\io\crate\expression\scalar\postgres\PgBackendPidFunction.java,43,20,9,72,27.77777777777778
.\server\src\main\java\io\crate\expression\scalar\postgres\PgEncodingToCharFunction.java,81,21,8,110,19.09090909090909
.\server\src\main\java\io\crate\expression\scalar\postgres\PgGetUserByIdFunction.java,42,20,6,68,29.41176470588235
.\server\src\main\java\io\crate\expression\scalar\postgres\PgPostmasterStartTime.java,35,20,9,64,31.25
.\server\src\main\java\io\crate\expression\scalar\postgres\PgSleepFunction.java,42,20,9,71,28.169014084507044
.\server\src\main\java\io\crate\expression\scalar\postgres\PgTableIsVisibleFunction.java,82,22,11,115,19.130434782608695
.\server\src\main\java\io\crate\expression\scalar\regex\RegexpCountFunction.java,138,20,18,176,11.363636363636363
.\server\src\main\java\io\crate\expression\scalar\regex\RegexpPositionFunction.java,200,27,18,245,11.020408163265307
.\server\src\main\java\io\crate\expression\scalar\regex\RegexpReplaceFunction.java,101,20,14,135,14.814814814814815
.\server\src\main\java\io\crate\expression\scalar\ScalarFunctions.java,228,20,24,272,7.352941176470588
.\server\src\main\java\io\crate\expression\scalar\string\AsciiFunction.java,26,20,5,51,39.21568627450981
.\server\src\main\java\io\crate\expression\scalar\string\ChrFunction.java,41,20,6,67,29.850746268656717
.\server\src\main\java\io\crate\expression\scalar\string\EncodeDecodeFunction.java,115,39,20,174,22.413793103448278
.\server\src\main\java\io\crate\expression\scalar\string\HashFunctions.java,46,21,11,78,26.923076923076923
.\server\src\main\java\io\crate\expression\scalar\string\InitCapFunction.java,47,20,10,77,25.974025974025974
.\server\src\main\java\io\crate\expression\scalar\string\LengthFunction.java,27,20,7,54,37.03703703703704
.\server\src\main\java\io\crate\expression\scalar\string\ParseIdentFunction.java,100,31,16,147,21.08843537414966
.\server\src\main\java\io\crate\expression\scalar\string\ParseURIFunction.java,70,21,14,105,20.0
.\server\src\main\java\io\crate\expression\scalar\string\ParseURLFunction.java,96,21,19,136,15.441176470588236
.\server\src\main\java\io\crate\expression\scalar\string\QuoteIdentFunction.java,73,25,10,108,23.14814814814815
.\server\src\main\java\io\crate\expression\scalar\string\ReplaceFunction.java,27,20,7,54,37.03703703703704
.\server\src\main\java\io\crate\expression\scalar\string\ReverseFunction.java,27,20,5,52,38.46153846153846
.\server\src\main\java\io\crate\expression\scalar\string\StartsWithFunction.java,63,22,9,94,23.404255319148938
.\server\src\main\java\io\crate\expression\scalar\string\StringCaseFunction.java,40,20,6,66,30.303030303030305
.\server\src\main\java\io\crate\expression\scalar\string\StringLeftRightFunction.java,69,20,10,99,20.2020202020202
.\server\src\main\java\io\crate\expression\scalar\string\StringPaddingFunction.java,125,24,13,162,14.814814814814815
.\server\src\main\java\io\crate\expression\scalar\string\StringPositionFunction.java,35,20,8,63,31.746031746031747
.\server\src\main\java\io\crate\expression\scalar\string\StringRepeatFunction.java,40,20,7,67,29.850746268656717
.\server\src\main\java\io\crate\expression\scalar\string\StringSplitPartFunction.java,59,26,8,93,27.956989247311828
.\server\src\main\java\io\crate\expression\scalar\string\TranslateFunction.java,88,20,14,122,16.39344262295082
.\server\src\main\java\io\crate\expression\scalar\string\TrimFunctions.java,217,28,35,280,10.0
.\server\src\main\java\io\crate\expression\scalar\StringToArrayFunction.java,94,41,19,154,26.623376623376622
.\server\src\main\java\io\crate\expression\scalar\SubscriptFunction.java,229,46,24,299,15.384615384615385
.\server\src\main\java\io\crate\expression\scalar\SubscriptFunctions.java,83,22,15,120,18.333333333333332
.\server\src\main\java\io\crate\expression\scalar\SubscriptObjectFunction.java,114,26,13,153,16.99346405228758
.\server\src\main\java\io\crate\expression\scalar\SubscriptRecordFunction.java,47,21,8,76,27.63157894736842
.\server\src\main\java\io\crate\expression\scalar\SubstrFunction.java,159,20,22,201,9.950248756218905
.\server\src\main\java\io\crate\expression\scalar\systeminformation\ColDescriptionFunction.java,35,21,7,63,33.333333333333336
.\server\src\main\java\io\crate\expression\scalar\systeminformation\CurrentSchemaFunction.java,46,20,12,78,25.641025641025642
.\server\src\main\java\io\crate\expression\scalar\systeminformation\CurrentSchemasFunction.java,49,20,10,79,25.31645569620253
.\server\src\main\java\io\crate\expression\scalar\systeminformation\FormatTypeFunction.java,59,20,7,86,23.25581395348837
.\server\src\main\java\io\crate\expression\scalar\systeminformation\ObjDescriptionFunction.java,35,21,7,63,33.333333333333336
.\server\src\main\java\io\crate\expression\scalar\systeminformation\PgFunctionIsVisibleFunction.java,34,20,8,62,32.25806451612903
.\server\src\main\java\io\crate\expression\scalar\systeminformation\PgGetConstraintDefFunction.java,98,33,9,140,23.571428571428573
.\server\src\main\java\io\crate\expression\scalar\systeminformation\PgGetExpr.java,42,20,7,69,28.985507246376812
.\server\src\main\java\io\crate\expression\scalar\systeminformation\PgGetFunctionResultFunction.java,38,20,7,65,30.76923076923077
.\server\src\main\java\io\crate\expression\scalar\systeminformation\PgGetPartkeydefFunction.java,33,20,7,60,33.333333333333336
.\server\src\main\java\io\crate\expression\scalar\systeminformation\PgGetSerialSequenceFunction.java,29,20,5,54,37.03703703703704
.\server\src\main\java\io\crate\expression\scalar\systeminformation\PgTypeofFunction.java,39,20,9,68,29.41176470588235
.\server\src\main\java\io\crate\expression\scalar\systeminformation\VersionFunction.java,65,20,14,99,20.2020202020202
.\server\src\main\java\io\crate\expression\scalar\ThreeParametersFunction.java,5,20,3,28,71.42857142857143
.\server\src\main\java\io\crate\expression\scalar\timestamp\CurrentTimeFunction.java,61,20,9,90,22.22222222222222
.\server\src\main\java\io\crate\expression\scalar\timestamp\CurrentTimestampFunction.java,71,20,9,100,20.0
.\server\src\main\java\io\crate\expression\scalar\timestamp\NowFunction.java,34,20,8,62,32.25806451612903
.\server\src\main\java\io\crate\expression\scalar\timestamp\TimezoneFunction.java,82,20,9,111,18.01801801801802
.\server\src\main\java\io\crate\expression\scalar\TimestampFormatter.java,336,66,27,429,15.384615384615385
.\server\src\main\java\io\crate\expression\scalar\TimeZoneParser.java,41,26,9,76,34.21052631578947
.\server\src\main\java\io\crate\expression\scalar\TripleScalar.java,41,25,7,73,34.24657534246575
.\server\src\main\java\io\crate\expression\scalar\UnaryScalar.java,34,25,8,67,37.3134328358209
.\server\src\main\java\io\crate\expression\scalar\VectorSimilarityFunction.java,40,20,10,70,28.571428571428573
.\server\src\main\java\io\crate\expression\symbol\AggregateMode.java,35,20,11,66,30.303030303030305
.\server\src\main\java\io\crate\expression\symbol\Aggregation.java,140,20,26,186,10.75268817204301
.\server\src\main\java\io\crate\expression\symbol\AliasSymbol.java,92,20,25,137,14.598540145985401
.\server\src\main\java\io\crate\expression\symbol\Assignments.java,63,37,11,111,33.333333333333336
.\server\src\main\java\io\crate\expression\symbol\DefaultTraversalSymbolVisitor.java,69,25,12,106,23.58490566037736
.\server\src\main\java\io\crate\expression\symbol\DynamicReference.java,28,20,11,59,33.898305084745765
.\server\src\main\java\io\crate\expression\symbol\FetchMarker.java,70,24,19,113,21.238938053097346
.\server\src\main\java\io\crate\expression\symbol\FetchReference.java,65,20,19,104,19.23076923076923
.\server\src\main\java\io\crate\expression\symbol\FetchStub.java,50,26,16,92,28.26086956521739
.\server\src\main\java\io\crate\expression\symbol\FieldReplacer.java,42,20,9,71,28.169014084507044
.\server\src\main\java\io\crate\expression\symbol\format\MatchPrinter.java,60,28,8,96,29.166666666666668
.\server\src\main\java\io\crate\expression\symbol\format\Style.java,5,20,2,27,74.07407407407408
.\server\src\main\java\io\crate\expression\symbol\Function.java,486,31,65,582,5.326460481099656
.\server\src\main\java\io\crate\expression\symbol\FunctionCopyVisitor.java,164,34,35,233,14.592274678111588
.\server\src\main\java\io\crate\expression\symbol\GroupAndAggregateSemantics.java,176,67,33,276,24.27536231884058
.\server\src\main\java\io\crate\expression\symbol\InputColumn.java,92,29,24,145,20.0
.\server\src\main\java\io\crate\expression\symbol\Literal.java,230,26,40,296,8.783783783783784
.\server\src\main\java\io\crate\expression\symbol\LiteralValueFormatter.java,86,20,13,119,16.80672268907563
.\server\src\main\java\io\crate\expression\symbol\MappingSymbolVisitor.java,18,23,8,49,46.93877551020408
.\server\src\main\java\io\crate\expression\symbol\MatchPredicate.java,108,20,19,147,13.605442176870747
.\server\src\main\java\io\crate\expression\symbol\OuterColumn.java,52,37,17,106,34.905660377358494
.\server\src\main\java\io\crate\expression\symbol\ParameterSymbol.java,99,25,22,146,17.123287671232877
.\server\src\main\java\io\crate\expression\symbol\RefReplacer.java,17,23,9,49,46.93877551020408
.\server\src\main\java\io\crate\expression\symbol\ScopedColumn.java,15,20,7,42,47.61904761904762
.\server\src\main\java\io\crate\expression\symbol\ScopedSymbol.java,85,68,21,174,39.08045977011494
.\server\src\main\java\io\crate\expression\symbol\SelectSymbol.java,82,25,22,129,19.37984496124031
.\server\src\main\java\io\crate\expression\symbol\Symbol.java,144,69,29,242,28.512396694214875
.\server\src\main\java\io\crate\expression\symbol\Symbols.java,237,48,29,314,15.286624203821656
.\server\src\main\java\io\crate\expression\symbol\SymbolType.java,50,21,12,83,25.301204819277107
.\server\src\main\java\io\crate\expression\symbol\SymbolVisitor.java,58,20,23,101,19.801980198019802
.\server\src\main\java\io\crate\expression\symbol\VoidReference.java,24,24,9,57,42.10526315789474
.\server\src\main\java\io\crate\expression\symbol\WindowFunction.java,180,20,22,222,9.00900900900901
.\server\src\main\java\io\crate\expression\tablefunctions\ColumnOrientedRowsIterator.java,40,20,10,70,28.571428571428573
.\server\src\main\java\io\crate\expression\tablefunctions\EmptyRowTableFunction.java,44,23,11,78,29.487179487179485
.\server\src\main\java\io\crate\expression\tablefunctions\GenerateSeries.java,230,36,23,289,12.456747404844291
.\server\src\main\java\io\crate\expression\tablefunctions\GenerateSubscripts.java,125,21,14,160,13.125
.\server\src\main\java\io\crate\expression\tablefunctions\MatchesFunction.java,195,20,28,243,8.23045267489712
.\server\src\main\java\io\crate\expression\tablefunctions\PgExpandArray.java,73,20,14,107,18.69158878504673
.\server\src\main\java\io\crate\expression\tablefunctions\PgGetKeywordsFunction.java,68,20,14,102,19.607843137254903
.\server\src\main\java\io\crate\expression\tablefunctions\RangeIterable.java,51,20,10,81,24.691358024691358
.\server\src\main\java\io\crate\expression\tablefunctions\TableFunctionFactory.java,77,23,11,111,20.72072072072072
.\server\src\main\java\io\crate\expression\tablefunctions\TableFunctions.java,20,20,5,45,44.44444444444444
.\server\src\main\java\io\crate\expression\tablefunctions\UnnestFunction.java,116,31,17,164,18.902439024390244
.\server\src\main\java\io\crate\expression\tablefunctions\ValuesFunction.java,90,21,18,129,16.27906976744186
.\server\src\main\java\io\crate\expression\udf\CreateUserDefinedFunctionRequest.java,30,20,10,60,33.333333333333336
.\server\src\main\java\io\crate\expression\udf\DropUserDefinedFunctionRequest.java,60,20,12,92,21.73913043478261
.\server\src\main\java\io\crate\expression\udf\TransportCreateUserDefinedFunction.java,63,20,13,96,20.833333333333332
.\server\src\main\java\io\crate\expression\udf\TransportDropUserDefinedFunction.java,64,20,12,96,20.833333333333332
.\server\src\main\java\io\crate\expression\udf\UDFLanguage.java,14,44,8,66,66.66666666666667
.\server\src\main\java\io\crate\expression\udf\UserDefinedFunctionMetadata.java,206,20,29,255,7.8431372549019605
.\server\src\main\java\io\crate\expression\udf\UserDefinedFunctionService.java,224,27,36,287,9.40766550522648
.\server\src\main\java\io\crate\expression\udf\UserDefinedFunctionsMetadata.java,119,21,25,165,12.727272727272727
.\server\src\main\java\io\crate\fdw\AddForeignTableTask.java,49,20,11,80,25.0
.\server\src\main\java\io\crate\fdw\AddServerTask.java,49,20,8,77,25.974025974025974
.\server\src\main\java\io\crate\fdw\AddUserMappingTask.java,45,20,8,73,27.397260273972602
.\server\src\main\java\io\crate\fdw\AlterServerRequest.java,47,20,12,79,25.31645569620253
.\server\src\main\java\io\crate\fdw\AlterServerTask.java,77,20,12,109,18.34862385321101
.\server\src\main\java\io\crate\fdw\CreateForeignTableRequest.java,58,20,14,92,21.73913043478261
.\server\src\main\java\io\crate\fdw\CreateServerRequest.java,54,20,13,87,22.988505747126435
.\server\src\main\java\io\crate\fdw\CreateUserMappingRequest.java,46,20,12,78,25.641025641025642
.\server\src\main\java\io\crate\fdw\DropForeignTableRequest.java,38,20,12,70,28.571428571428573
.\server\src\main\java\io\crate\fdw\DropForeignTableTask.java,45,20,11,76,26.31578947368421
.\server\src\main\java\io\crate\fdw\DropServerRequest.java,37,20,12,69,28.985507246376812
.\server\src\main\java\io\crate\fdw\DropServerTask.java,63,20,12,95,21.05263157894737
.\server\src\main\java\io\crate\fdw\DropUserMappingRequest.java,35,20,11,66,30.303030303030305
.\server\src\main\java\io\crate\fdw\DropUserMappingTask.java,41,20,8,69,28.985507246376812
.\server\src\main\java\io\crate\fdw\FdwAnalyzer.java,27,20,5,52,38.46153846153846
.\server\src\main\java\io\crate\fdw\FdwProvider.java,8,20,7,35,57.142857142857146
.\server\src\main\java\io\crate\fdw\ForeignDataWrapper.java,38,31,11,80,38.75
.\server\src\main\java\io\crate\fdw\ForeignDataWrappers.java,111,20,12,143,13.986013986013987
.\server\src\main\java\io\crate\fdw\ForeignTableRelation.java,40,20,10,70,28.571428571428573
.\server\src\main\java\io\crate\fdw\ForeignTablesMetadata.java,156,21,27,204,10.294117647058824
.\server\src\main\java\io\crate\fdw\JdbcBatchIterator.java,313,24,53,390,6.153846153846154
.\server\src\main\java\io\crate\fdw\JdbcDialect.java,180,21,20,221,9.502262443438914
.\server\src\main\java\io\crate\fdw\JdbcFdwProvider.java,14,20,7,41,48.78048780487805
.\server\src\main\java\io\crate\fdw\JdbcForeignDataWrapper.java,190,25,23,238,10.504201680672269
.\server\src\main\java\io\crate\fdw\ServerAlreadyExistsException.java,27,20,9,56,35.714285714285715
.\server\src\main\java\io\crate\fdw\ServersMetadata.java,285,24,42,351,6.837606837606837
.\server\src\main\java\io\crate\fdw\TransportAlterServer.java,62,20,13,95,21.05263157894737
.\server\src\main\java\io\crate\fdw\TransportCreateForeignTable.java,62,20,12,94,21.27659574468085
.\server\src\main\java\io\crate\fdw\TransportCreateServer.java,65,20,15,100,20.0
.\server\src\main\java\io\crate\fdw\TransportCreateUserMapping.java,60,20,12,92,21.73913043478261
.\server\src\main\java\io\crate\fdw\TransportDropForeignTable.java,60,20,12,92,21.73913043478261
.\server\src\main\java\io\crate\fdw\TransportDropServer.java,60,20,13,93,21.50537634408602
.\server\src\main\java\io\crate\fdw\TransportDropUserMapping.java,60,20,12,92,21.73913043478261
.\server\src\main\java\io\crate\fdw\UserMappingAlreadyExists.java,31,20,9,60,33.333333333333336
.\server\src\main\java\io\crate\ffi\NativeError.java,11,20,5,36,55.55555555555556
.\server\src\main\java\io\crate\ffi\Natives.java,191,56,39,286,19.58041958041958
.\server\src\main\java\io\crate\geo\GeoJSONUtils.java,365,65,39,469,13.859275053304904
.\server\src\main\java\io\crate\geo\LatLonShapeUtils.java,82,21,9,112,18.75
.\server\src\main\java\io\crate\interval\IntervalParser.java,103,48,13,164,29.26829268292683
.\server\src\main\java\io\crate\interval\NumericalIntervalParser.java,90,20,11,121,16.52892561983471
.\server\src\main\java\io\crate\interval\PGIntervalParser.java,160,29,21,210,13.80952380952381
.\server\src\main\java\io\crate\interval\SQLStandardIntervalParser.java,124,28,14,166,16.867469879518072
.\server\src\main\java\io\crate\jfr\JobId.java,17,20,4,41,48.78048780487805
.\server\src\main\java\io\crate\jfr\StmtEvent.java,24,20,7,51,39.21568627450981
.\server\src\main\java\io\crate\legacy\LegacySettings.java,7,20,5,32,62.5
.\server\src\main\java\io\crate\lucene\BlendedTermQuery.java,303,53,29,385,13.766233766233766
.\server\src\main\java\io\crate\lucene\codec\CustomLucene90DocValuesConsumer.java,931,51,93,1075,4.744186046511628
.\server\src\main\java\io\crate\lucene\codec\CustomLucene90DocValuesFormat.java,100,39,22,161,24.22360248447205
.\server\src\main\java\io\crate\lucene\codec\CustomLucene90DocValuesProducer.java,1900,99,262,2261,4.37859354268023
.\server\src\main\java\io\crate\lucene\CustomLRUQueryCache.java,627,209,95,931,22.448979591836736
.\server\src\main\java\io\crate\lucene\DisableGraphAttribute.java,5,24,3,32,75.0
.\server\src\main\java\io\crate\lucene\DisableGraphAttributeImpl.java,14,21,9,44,47.72727272727273
.\server\src\main\java\io\crate\lucene\ExtendedCommonTermsQuery.java,40,23,14,77,29.87012987012987
.\server\src\main\java\io\crate\lucene\FunctionToQuery.java,29,58,9,96,60.416666666666664
.\server\src\main\java\io\crate\lucene\GenericFunctionQuery.java,185,32,32,249,12.85140562248996
.\server\src\main\java\io\crate\lucene\LuceneQueryBuilder.java,334,39,45,418,9.330143540669857
.\server\src\main\java\io\crate\lucene\match\OptionParser.java,198,21,19,238,8.823529411764707
.\server\src\main\java\io\crate\lucene\match\ParsedOptions.java,20,20,3,43,46.51162790697674
.\server\src\main\java\io\crate\lucene\match\RegexQuery.java,54,29,13,96,30.208333333333332
.\server\src\main\java\io\crate\lucene\match\RegexTermsEnum.java,23,28,7,58,48.275862068965516
.\server\src\main\java\io\crate\lucene\WrappingCollectorManager.java,29,24,9,62,38.70967741935484
.\server\src\main\java\io\crate\memory\MemoryManager.java,7,33,5,45,73.33333333333333
.\server\src\main\java\io\crate\memory\MemoryManagerFactory.java,69,25,16,110,22.727272727272727
.\server\src\main\java\io\crate\memory\OffHeapMemoryManager.java,22,20,8,50,40.0
.\server\src\main\java\io\crate\memory\OnHeapMemoryManager.java,18,29,8,55,52.72727272727273
.\server\src\main\java\io\crate\metadata\blob\BlobSchemaInfo.java,70,20,16,106,18.867924528301888
.\server\src\main\java\io\crate\metadata\blob\BlobTableInfoFactory.java,88,30,10,128,23.4375
.\server\src\main\java\io\crate\metadata\BlobTableInfo.java,157,21,30,208,10.096153846153847
.\server\src\main\java\io\crate\metadata\cluster\AlterTableClusterStateExecutor.java,187,31,22,240,12.916666666666666
.\server\src\main\java\io\crate\metadata\cluster\DDLClusterStateModifier.java,36,49,12,97,50.51546391752577
.\server\src\main\java\io\crate\metadata\cluster\DDLClusterStateService.java,56,25,15,96,26.041666666666668
.\server\src\main\java\io\crate\metadata\cluster\DDLClusterStateTaskExecutor.java,21,20,7,48,41.666666666666664
.\server\src\main\java\io\crate\metadata\cluster\DropTableClusterStateTaskExecutor.java,59,22,16,97,22.68041237113402
.\server\src\main\java\io\crate\metadata\cluster\OpenTableClusterStateTaskExecutor.java,105,25,18,148,16.89189189189189
.\server\src\main\java\io\crate\metadata\cluster\RenameTableClusterStateExecutor.java,132,20,21,173,11.560693641618498
.\server\src\main\java\io\crate\metadata\cluster\SwapAndDropIndexExecutor.java,84,20,14,118,16.949152542372882
.\server\src\main\java\io\crate\metadata\ColumnIdent.java,369,123,77,569,21.61687170474517
.\server\src\main\java\io\crate\metadata\CoordinatorTxnCtx.java,25,30,9,64,46.875
.\server\src\main\java\io\crate\metadata\CreateSchemaRequest.java,28,20,10,58,34.48275862068966
.\server\src\main\java\io\crate\metadata\DanglingArtifactsService.java,41,20,10,71,28.169014084507044
.\server\src\main\java\io\crate\metadata\doc\DocSchemaInfo.java,264,85,36,385,22.07792207792208
.\server\src\main\java\io\crate\metadata\doc\DocSchemaInfoFactory.java,15,20,7,42,47.61904761904762
.\server\src\main\java\io\crate\metadata\doc\DocTableInfoFactory.java,629,90,44,763,11.795543905635649
.\server\src\main\java\io\crate\metadata\doc\SysColumns.java,147,34,27,208,16.346153846153847
.\server\src\main\java\io\crate\metadata\DocReferences.java,65,53,13,131,40.458015267175576
.\server\src\main\java\io\crate\metadata\DocTableInfo.java,1144,166,103,1413,11.748053786270347
.\server\src\main\java\io\crate\metadata\DropSchemaRequest.java,57,20,14,91,21.978021978021978
.\server\src\main\java\io\crate\metadata\expressions\RowCollectExpressionFactory.java,5,20,4,29,68.96551724137932
.\server\src\main\java\io\crate\metadata\FulltextAnalyzerResolver.java,225,74,50,349,21.20343839541547
.\server\src\main\java\io\crate\metadata\FunctionImplementation.java,13,46,7,66,69.6969696969697
.\server\src\main\java\io\crate\metadata\FunctionName.java,52,20,12,84,23.80952380952381
.\server\src\main\java\io\crate\metadata\FunctionProvider.java,12,20,6,38,52.63157894736842
.\server\src\main\java\io\crate\metadata\functions\BoundSignature.java,14,20,6,40,50.0
.\server\src\main\java\io\crate\metadata\functions\BoundVariables.java,78,20,22,120,16.666666666666668
.\server\src\main\java\io\crate\metadata\functions\Signature.java,251,20,46,317,6.309148264984227
.\server\src\main\java\io\crate\metadata\functions\SignatureBinder.java,525,49,57,631,7.765451664025356
.\server\src\main\java\io\crate\metadata\functions\SignatureBindingInfo.java,36,24,11,71,33.80281690140845
.\server\src\main\java\io\crate\metadata\functions\TypeVariableConstraint.java,57,20,16,93,21.50537634408602
.\server\src\main\java\io\crate\metadata\Functions.java,435,73,57,565,12.920353982300885
.\server\src\main\java\io\crate\metadata\FunctionsProvider.java,9,20,5,34,58.8235294117647
.\server\src\main\java\io\crate\metadata\FunctionType.java,7,20,2,29,68.96551724137932
.\server\src\main\java\io\crate\metadata\GeneratedReference.java,272,20,44,336,5.9523809523809526
.\server\src\main\java\io\crate\metadata\GeoReference.java,228,20,27,275,7.2727272727272725
.\server\src\main\java\io\crate\metadata\IndexMappings.java,5,20,3,28,71.42857142857143
.\server\src\main\java\io\crate\metadata\IndexName.java,118,56,21,195,28.71794871794872
.\server\src\main\java\io\crate\metadata\IndexParts.java,24,24,9,57,42.10526315789474
.\server\src\main\java\io\crate\metadata\IndexReference.java,322,24,40,386,6.217616580310881
.\server\src\main\java\io\crate\metadata\IndexType.java,22,20,7,49,40.816326530612244
.\server\src\main\java\io\crate\metadata\IndexUUID.java,5,20,4,29,68.96551724137932
.\server\src\main\java\io\crate\metadata\information\ForeignServerOptionsTableInfo.java,16,20,5,41,48.78048780487805
.\server\src\main\java\io\crate\metadata\information\ForeignServerTableInfo.java,19,20,5,44,45.45454545454545
.\server\src\main\java\io\crate\metadata\information\ForeignTableOptionsTableInfo.java,17,20,5,42,47.61904761904762
.\server\src\main\java\io\crate\metadata\information\ForeignTableTableInfo.java,17,20,5,42,47.61904761904762
.\server\src\main\java\io\crate\metadata\information\InformationAdministrableRoleAuthorizationsTableInfo.java,14,20,4,38,52.63157894736842
.\server\src\main\java\io\crate\metadata\information\InformationApplicableRolesTableInfo.java,14,20,4,38,52.63157894736842
.\server\src\main\java\io\crate\metadata\information\InformationCharacterSetsTable.java,19,20,6,45,44.44444444444444
.\server\src\main\java\io\crate\metadata\information\InformationColumnsTableInfo.java,106,20,9,135,14.814814814814815
.\server\src\main\java\io\crate\metadata\information\InformationConstraintColumnUsageTableInfo.java,26,23,6,55,41.81818181818182
.\server\src\main\java\io\crate\metadata\information\InformationEnabledRolesTableInfo.java,11,20,4,35,57.142857142857146
.\server\src\main\java\io\crate\metadata\information\InformationKeyColumnUsageTableInfo.java,28,23,6,57,40.35087719298246
.\server\src\main\java\io\crate\metadata\information\InformationPartitionsTableInfo.java,118,20,22,160,12.5
.\server\src\main\java\io\crate\metadata\information\InformationReferentialConstraintsTableInfo.java,25,20,6,51,39.21568627450981
.\server\src\main\java\io\crate\metadata\information\InformationRoleTableGrantsTableInfo.java,19,20,4,43,46.51162790697674
.\server\src\main\java\io\crate\metadata\information\InformationRoutinesTableInfo.java,20,20,6,46,43.47826086956522
.\server\src\main\java\io\crate\metadata\information\InformationSchemaInfo.java,67,20,15,102,19.607843137254903
.\server\src\main\java\io\crate\metadata\information\InformationSchemaTableDefinitions.java,233,22,9,264,8.333333333333334
.\server\src\main\java\io\crate\metadata\information\InformationSchemataTableInfo.java,16,20,6,42,47.61904761904762
.\server\src\main\java\io\crate\metadata\information\InformationSchemaViewColumnUsage.java,21,20,7,48,41.666666666666664
.\server\src\main\java\io\crate\metadata\information\InformationSqlFeaturesTableInfo.java,28,20,7,55,36.36363636363637
.\server\src\main\java\io\crate\metadata\information\InformationTableConstraintsTableInfo.java,27,20,6,53,37.735849056603776
.\server\src\main\java\io\crate\metadata\information\InformationTablesTableInfo.java,237,20,23,280,7.142857142857143
.\server\src\main\java\io\crate\metadata\information\InformationViewsTableInfo.java,27,20,7,54,37.03703703703704
.\server\src\main\java\io\crate\metadata\information\InfoSchemaCollationsTable.java,15,20,6,41,48.78048780487805
.\server\src\main\java\io\crate\metadata\information\MetadataInformationModule.java,8,20,4,32,62.5
.\server\src\main\java\io\crate\metadata\information\UserMappingOptionsTableInfo.java,18,20,6,44,45.45454545454545
.\server\src\main\java\io\crate\metadata\information\UserMappingsTableInfo.java,16,20,6,42,47.61904761904762
.\server\src\main\java\io\crate\metadata\MapBackedRefResolver.java,24,20,8,52,38.46153846153846
.\server\src\main\java\io\crate\metadata\MetadataModule.java,169,20,18,207,9.66183574879227
.\server\src\main\java\io\crate\metadata\NodeContext.java,77,20,13,110,18.181818181818183
.\server\src\main\java\io\crate\metadata\PartitionInfo.java,26,20,6,52,38.46153846153846
.\server\src\main\java\io\crate\metadata\PartitionInfos.java,23,20,8,51,39.21568627450981
.\server\src\main\java\io\crate\metadata\PartitionName.java,262,74,41,377,19.628647214854112
.\server\src\main\java\io\crate\metadata\PartitionReferenceResolver.java,26,20,8,54,37.03703703703704
.\server\src\main\java\io\crate\metadata\pgcatalog\OidHash.java,86,23,19,128,17.96875
.\server\src\main\java\io\crate\metadata\pgcatalog\PgAmTable.java,14,20,6,40,50.0
.\server\src\main\java\io\crate\metadata\pgcatalog\PgAttrDefTable.java,17,20,8,45,44.44444444444444
.\server\src\main\java\io\crate\metadata\pgcatalog\PgAttributeTable.java,53,22,8,83,26.50602409638554
.\server\src\main\java\io\crate\metadata\pgcatalog\PgAuthMembersTable.java,22,20,7,49,40.816326530612244
.\server\src\main\java\io\crate\metadata\pgcatalog\PgCatalogSchemaInfo.java,88,20,16,124,16.129032258064516
.\server\src\main\java\io\crate\metadata\pgcatalog\PgCatalogTableDefinitions.java,285,23,23,331,6.948640483383686
.\server\src\main\java\io\crate\metadata\pgcatalog\PgClassTable.java,73,22,11,106,20.754716981132077
.\server\src\main\java\io\crate\metadata\pgcatalog\PgConstraintTable.java,46,20,9,75,26.666666666666668
.\server\src\main\java\io\crate\metadata\pgcatalog\PgCursors.java,18,20,6,44,45.45454545454545
.\server\src\main\java\io\crate\metadata\pgcatalog\PgDatabaseTable.java,28,23,7,58,39.6551724137931
.\server\src\main\java\io\crate\metadata\pgcatalog\PgDepend.java,17,21,6,44,47.72727272727273
.\server\src\main\java\io\crate\metadata\pgcatalog\PgDescriptionTable.java,15,20,7,42,47.61904761904762
.\server\src\main\java\io\crate\metadata\pgcatalog\PgEnumTable.java,16,20,7,43,46.51162790697674
.\server\src\main\java\io\crate\metadata\pgcatalog\PgEventTrigger.java,17,21,6,44,47.72727272727273
.\server\src\main\java\io\crate\metadata\pgcatalog\PgIndexesTable.java,15,20,6,41,48.78048780487805
.\server\src\main\java\io\crate\metadata\pgcatalog\PgIndexTable.java,47,20,11,78,25.641025641025642
.\server\src\main\java\io\crate\metadata\pgcatalog\PgLocksTable.java,26,20,6,52,38.46153846153846
.\server\src\main\java\io\crate\metadata\pgcatalog\PgMatviews.java,17,21,5,43,48.83720930232558
.\server\src\main\java\io\crate\metadata\pgcatalog\PgNamespaceTable.java,18,22,7,47,46.808510638297875
.\server\src\main\java\io\crate\metadata\pgcatalog\PgProcTable.java,124,23,17,164,14.024390243902438
.\server\src\main\java\io\crate\metadata\pgcatalog\PgRangeTable.java,18,20,7,45,44.44444444444444
.\server\src\main\java\io\crate\metadata\pgcatalog\PgRolesTable.java,32,20,7,59,33.898305084745765
.\server\src\main\java\io\crate\metadata\pgcatalog\PgSettingsTable.java,31,20,8,59,33.898305084745765
.\server\src\main\java\io\crate\metadata\pgcatalog\PgShdescriptionTable.java,14,20,7,41,48.78048780487805
.\server\src\main\java\io\crate\metadata\pgcatalog\PgStatsTable.java,46,24,8,78,30.76923076923077
.\server\src\main\java\io\crate\metadata\pgcatalog\PgTablespaceTable.java,15,22,6,43,51.16279069767442
.\server\src\main\java\io\crate\metadata\pgcatalog\PgTablesTable.java,21,20,7,48,41.666666666666664
.\server\src\main\java\io\crate\metadata\pgcatalog\PgTypeTable.java,49,26,8,83,31.325301204819276
.\server\src\main\java\io\crate\metadata\pgcatalog\PgUserTable.java,37,20,8,65,30.76923076923077
.\server\src\main\java\io\crate\metadata\pgcatalog\PgViewsTable.java,16,20,7,43,46.51162790697674
.\server\src\main\java\io\crate\metadata\Reference.java,97,53,31,181,29.281767955801104
.\server\src\main\java\io\crate\metadata\ReferenceTree.java,132,35,18,185,18.91891891891892
.\server\src\main\java\io\crate\metadata\RelationInfo.java,75,36,26,137,26.277372262773724
.\server\src\main\java\io\crate\metadata\RelationLookup.java,7,27,5,39,69.23076923076923
.\server\src\main\java\io\crate\metadata\RelationMetadata.java,435,23,83,541,4.251386321626617
.\server\src\main\java\io\crate\metadata\RelationName.java,195,27,35,257,10.505836575875486
.\server\src\main\java\io\crate\metadata\RoutineInfo.java,19,20,5,44,45.45454545454545
.\server\src\main\java\io\crate\metadata\RoutineInfos.java,121,20,18,159,12.578616352201259
.\server\src\main\java\io\crate\metadata\Routing.java,170,37,25,232,15.948275862068966
.\server\src\main\java\io\crate\metadata\RoutingProvider.java,169,36,24,229,15.720524017467248
.\server\src\main\java\io\crate\metadata\RowGranularity.java,19,28,8,55,50.90909090909091
.\server\src\main\java\io\crate\metadata\Scalar.java,85,146,17,248,58.87096774193548
.\server\src\main\java\io\crate\metadata\Schemas.java,392,113,43,548,20.62043795620438
.\server\src\main\java\io\crate\metadata\SearchPath.java,90,30,18,138,21.73913043478261
.\server\src\main\java\io\crate\metadata\settings\AnalyzerSettings.java,10,20,6,36,55.55555555555556
.\server\src\main\java\io\crate\metadata\settings\CoordinatorSessionSettings.java,132,39,26,197,19.79695431472081
.\server\src\main\java\io\crate\metadata\settings\CrateSettings.java,120,24,14,158,15.189873417721518
.\server\src\main\java\io\crate\metadata\settings\NumberOfReplicas.java,74,36,16,126,28.571428571428573
.\server\src\main\java\io\crate\metadata\settings\session\NamedSessionSetting.java,30,20,11,61,32.78688524590164
.\server\src\main\java\io\crate\metadata\settings\session\SessionSetting.java,68,20,15,103,19.41747572815534
.\server\src\main\java\io\crate\metadata\settings\session\SessionSettingProvider.java,5,24,5,34,70.58823529411765
.\server\src\main\java\io\crate\metadata\settings\session\SessionSettingRegistry.java,285,26,22,333,7.807807807807808
.\server\src\main\java\io\crate\metadata\settings\SessionSettings.java,121,31,26,178,17.415730337078653
.\server\src\main\java\io\crate\metadata\settings\Validators.java,62,27,15,104,25.96153846153846
.\server\src\main\java\io\crate\metadata\shard\ShardReferenceResolver.java,81,22,11,114,19.29824561403509
.\server\src\main\java\io\crate\metadata\shard\unassigned\UnassignedShard.java,80,43,19,142,30.281690140845072
.\server\src\main\java\io\crate\metadata\SimpleReference.java,379,25,44,448,5.580357142857143
.\server\src\main\java\io\crate\metadata\sys\ClassifiedMetrics.java,68,27,19,114,23.68421052631579
.\server\src\main\java\io\crate\metadata\sys\MetadataSysModule.java,8,20,4,32,62.5
.\server\src\main\java\io\crate\metadata\sys\MetricsView.java,54,25,16,95,26.31578947368421
.\server\src\main\java\io\crate\metadata\sys\SysAllocationsTableInfo.java,35,20,6,61,32.78688524590164
.\server\src\main\java\io\crate\metadata\sys\SysChecksTableInfo.java,18,20,6,44,45.45454545454545
.\server\src\main\java\io\crate\metadata\sys\SysClusterHealth.java,72,24,12,108,22.22222222222222
.\server\src\main\java\io\crate\metadata\sys\SysClusterTableInfo.java,145,42,26,213,19.718309859154928
.\server\src\main\java\io\crate\metadata\sys\SysHealth.java,18,20,6,44,45.45454545454545
.\server\src\main\java\io\crate\metadata\sys\SysJobsLogTableInfo.java,37,20,8,65,30.76923076923077
.\server\src\main\java\io\crate\metadata\sys\SysJobsTableInfo.java,29,20,8,57,35.08771929824562
.\server\src\main\java\io\crate\metadata\sys\SysMetricsTableInfo.java,43,20,8,71,28.169014084507044
.\server\src\main\java\io\crate\metadata\sys\SysNodeChecksTableInfo.java,35,20,10,65,30.76923076923077
.\server\src\main\java\io\crate\metadata\sys\SysNodesTableInfo.java,205,20,9,234,8.547008547008547
.\server\src\main\java\io\crate\metadata\sys\SysOperationsLogTableInfo.java,21,20,6,47,42.5531914893617
.\server\src\main\java\io\crate\metadata\sys\SysOperationsTableInfo.java,27,20,8,55,36.36363636363637
.\server\src\main\java\io\crate\metadata\sys\SysRepositoriesTableInfo.java,22,20,8,50,40.0
.\server\src\main\java\io\crate\metadata\sys\SysSchemaInfo.java,78,20,14,112,17.857142857142858
.\server\src\main\java\io\crate\metadata\sys\SysSegmentsTableInfo.java,47,20,9,76,26.31578947368421
.\server\src\main\java\io\crate\metadata\sys\SysSessionsTableInfo.java,52,20,12,84,23.80952380952381
.\server\src\main\java\io\crate\metadata\sys\SysShardsTableInfo.java,250,30,28,308,9.74025974025974
.\server\src\main\java\io\crate\metadata\sys\SysSnapshotRestoreTableInfo.java,45,20,9,74,27.027027027027028
.\server\src\main\java\io\crate\metadata\sys\SysSnapshotsTableInfo.java,47,22,8,77,28.571428571428573
.\server\src\main\java\io\crate\metadata\sys\SysSummitsTableInfo.java,23,20,6,49,40.816326530612244
.\server\src\main\java\io\crate\metadata\sys\SysTableDefinitions.java,224,20,14,258,7.751937984496124
.\server\src\main\java\io\crate\metadata\sys\TableColumn.java,22,31,7,60,51.666666666666664
.\server\src\main\java\io\crate\metadata\sys\TableHealth.java,85,24,11,120,20.0
.\server\src\main\java\io\crate\metadata\SystemClock.java,20,20,8,48,41.666666666666664
.\server\src\main\java\io\crate\metadata\SystemTable.java,455,28,80,563,4.9733570159857905
.\server\src\main\java\io\crate\metadata\table\ConstraintInfo.java,72,31,17,120,25.833333333333332
.\server\src\main\java\io\crate\metadata\table\Operation.java,119,22,16,157,14.012738853503185
.\server\src\main\java\io\crate\metadata\table\SchemaInfo.java,28,23,13,64,35.9375
.\server\src\main\java\io\crate\metadata\table\ShardedTable.java,12,20,10,42,47.61904761904762
.\server\src\main\java\io\crate\metadata\table\StoredTable.java,8,20,6,34,58.8235294117647
.\server\src\main\java\io\crate\metadata\tablefunctions\TableFunctionImplementation.java,22,83,7,112,74.10714285714286
.\server\src\main\java\io\crate\metadata\TableInfo.java,75,61,16,152,40.13157894736842
.\server\src\main\java\io\crate\metadata\TableInfoFactory.java,6,24,5,35,68.57142857142857
.\server\src\main\java\io\crate\metadata\TransactionContext.java,28,20,12,60,33.333333333333336
.\server\src\main\java\io\crate\metadata\TransportCreateSchema.java,97,20,19,136,14.705882352941176
.\server\src\main\java\io\crate\metadata\TransportDropSchema.java,305,30,39,374,8.02139037433155
.\server\src\main\java\io\crate\metadata\upgrade\ClusterStateUpgrader.java,97,41,14,152,26.973684210526315
.\server\src\main\java\io\crate\metadata\upgrade\IndexTemplateUpgrader.java,73,29,12,114,25.43859649122807
.\server\src\main\java\io\crate\metadata\upgrade\MetadataIndexUpgrader.java,173,49,27,249,19.67871485943775
.\server\src\main\java\io\crate\metadata\upgrade\NodeOperationsUpgrader.java,235,44,27,306,14.379084967320262
.\server\src\main\java\io\crate\metadata\view\ViewInfoFactory.java,140,28,10,178,15.730337078651685
.\server\src\main\java\io\crate\metadata\view\ViewMetadata.java,45,23,7,75,30.666666666666668
.\server\src\main\java\io\crate\metadata\view\ViewsMetadata.java,118,45,20,183,24.59016393442623
.\server\src\main\java\io\crate\metadata\ViewInfo.java,108,41,25,174,23.563218390804597
.\server\src\main\java\io\crate\module\CrateCommonModule.java,19,20,5,44,45.45454545454545
.\server\src\main\java\io\crate\monitor\ExtendedNetworkInfo.java,50,21,13,84,25.0
.\server\src\main\java\io\crate\monitor\ExtendedNodeInfo.java,52,30,14,96,31.25
.\server\src\main\java\io\crate\monitor\ExtendedOsStats.java,68,20,20,108,18.51851851851852
.\server\src\main\java\io\crate\monitor\FsInfoHelpers.java,44,20,13,77,25.974025974025974
.\server\src\main\java\io\crate\monitor\MonitorModule.java,10,20,5,35,57.142857142857146
.\server\src\main\java\io\crate\monitor\SysInfo.java,386,93,53,532,17.481203007518797
.\server\src\main\java\io\crate\netty\AccountedByteBuf.java,50,27,13,90,30.0
.\server\src\main\java\io\crate\netty\NettyBootstrap.java,109,20,18,147,13.605442176870747
.\server\src\main\java\io\crate\operation\collect\files\CSVLineParser.java,110,20,11,141,14.184397163120567
.\server\src\main\java\io\crate\planner\AlterServerPlan.java,118,20,16,154,12.987012987012987
.\server\src\main\java\io\crate\planner\AnalyzePlan.java,25,20,8,53,37.735849056603776
.\server\src\main\java\io\crate\planner\ClosePlan.java,27,20,8,55,36.36363636363637
.\server\src\main\java\io\crate\planner\consumer\CreateTableAsPlan.java,82,20,9,111,18.01801801801802
.\server\src\main\java\io\crate\planner\consumer\InsertFromSubQueryPlanner.java,50,21,10,81,25.925925925925927
.\server\src\main\java\io\crate\planner\consumer\OrderByPositionVisitor.java,70,33,16,119,27.73109243697479
.\server\src\main\java\io\crate\planner\consumer\OrderByWithAggregationValidator.java,99,28,16,143,19.58041958041958
.\server\src\main\java\io\crate\planner\consumer\UpdatePlanner.java,283,21,28,332,6.325301204819277
.\server\src\main\java\io\crate\planner\CorrelatedSubQueries.java,25,25,6,56,44.642857142857146
.\server\src\main\java\io\crate\planner\CreateForeignTablePlan.java,113,20,14,147,13.605442176870747
.\server\src\main\java\io\crate\planner\CreateSchemaPlan.java,31,20,7,58,34.48275862068966
.\server\src\main\java\io\crate\planner\CreateServerPlan.java,81,20,11,112,17.857142857142858
.\server\src\main\java\io\crate\planner\CreateUserMappingPlan.java,71,20,11,102,19.607843137254903
.\server\src\main\java\io\crate\planner\CreateViewPlan.java,118,20,20,158,12.658227848101266
.\server\src\main\java\io\crate\planner\DeclarePlan.java,98,24,18,140,17.142857142857142
.\server\src\main\java\io\crate\planner\DecommissionNodePlan.java,61,20,10,91,21.978021978021978
.\server\src\main\java\io\crate\planner\DependencyCarrier.java,135,23,26,184,12.5
.\server\src\main\java\io\crate\planner\distribution\DistributionInfo.java,74,20,19,113,17.699115044247787
.\server\src\main\java\io\crate\planner\distribution\DistributionType.java,6,20,2,28,71.42857142857143
.\server\src\main\java\io\crate\planner\DropForeignTablePlan.java,33,20,8,61,32.78688524590164
.\server\src\main\java\io\crate\planner\DropSchemaPlan.java,31,20,7,58,34.48275862068966
.\server\src\main\java\io\crate\planner\DropServerPlan.java,33,20,7,60,33.333333333333336
.\server\src\main\java\io\crate\planner\DropUserMappingPlan.java,33,20,7,60,33.333333333333336
.\server\src\main\java\io\crate\planner\DropViewPlan.java,38,20,8,66,30.303030303030305
.\server\src\main\java\io\crate\planner\ExecutionPlan.java,14,30,10,54,55.55555555555556
.\server\src\main\java\io\crate\planner\ExecutionPlanVisitor.java,32,20,11,63,31.746031746031747
.\server\src\main\java\io\crate\planner\fetch\IndexBaseBuilder.java,36,20,8,64,31.25
.\server\src\main\java\io\crate\planner\FetchPlan.java,25,20,7,52,38.46153846153846
.\server\src\main\java\io\crate\planner\GCDanglingArtifactsPlan.java,23,20,5,48,41.666666666666664
.\server\src\main\java\io\crate\planner\Merge.java,205,42,33,280,15.0
.\server\src\main\java\io\crate\planner\MultiPhasePlan.java,44,33,11,88,37.5
.\server\src\main\java\io\crate\planner\node\dcl\GenericDCLPlan.java,29,20,7,56,35.714285714285715
.\server\src\main\java\io\crate\planner\node\ddl\AlterRepositoryPlan.java,94,23,19,136,16.91176470588235
.\server\src\main\java\io\crate\planner\node\ddl\AlterRolePlan.java,68,20,10,98,20.408163265306122
.\server\src\main\java\io\crate\planner\node\ddl\AlterTableAddColumnPlan.java,36,20,7,63,31.746031746031747
.\server\src\main\java\io\crate\planner\node\ddl\AlterTableAlterColumnDefaultPlan.java,38,20,7,65,30.76923076923077
.\server\src\main\java\io\crate\planner\node\ddl\AlterTableDropCheckConstraintPlan.java,36,20,9,65,30.76923076923077
.\server\src\main\java\io\crate\planner\node\ddl\AlterTableDropColumnPlan.java,37,20,9,66,30.303030303030305
.\server\src\main\java\io\crate\planner\node\ddl\AlterTableOpenClosePlan.java,47,20,11,78,25.641025641025642
.\server\src\main\java\io\crate\planner\node\ddl\AlterTablePlan.java,143,21,17,181,11.602209944751381
.\server\src\main\java\io\crate\planner\node\ddl\AlterTableRenameColumnPlan.java,38,20,6,64,31.25
.\server\src\main\java\io\crate\planner\node\ddl\AlterTableRenameTablePlan.java,35,20,8,63,31.746031746031747
.\server\src\main\java\io\crate\planner\node\ddl\CreateAnalyzerPlan.java,375,48,48,471,10.19108280254777
.\server\src\main\java\io\crate\planner\node\ddl\CreateBlobTablePlan.java,99,20,16,135,14.814814814814815
.\server\src\main\java\io\crate\planner\node\ddl\CreateFunctionPlan.java,53,20,10,83,24.096385542168676
.\server\src\main\java\io\crate\planner\node\ddl\CreateRepositoryPlan.java,69,20,14,103,19.41747572815534
.\server\src\main\java\io\crate\planner\node\ddl\CreateRolePlan.java,65,20,8,93,21.50537634408602
.\server\src\main\java\io\crate\planner\node\ddl\CreateSnapshotPlan.java,167,23,19,209,11.004784688995215
.\server\src\main\java\io\crate\planner\node\ddl\CreateTablePlan.java,55,20,7,82,24.390243902439025
.\server\src\main\java\io\crate\planner\node\ddl\DeleteAllPartitions.java,37,20,8,65,30.76923076923077
.\server\src\main\java\io\crate\planner\node\ddl\DeletePartitions.java,68,20,11,99,20.2020202020202
.\server\src\main\java\io\crate\planner\node\ddl\DropAnalyzerPlan.java,71,20,17,108,18.51851851851852
.\server\src\main\java\io\crate\planner\node\ddl\DropFunctionPlan.java,37,20,8,65,30.76923076923077
.\server\src\main\java\io\crate\planner\node\ddl\DropRepositoryPlan.java,30,20,7,57,35.08771929824562
.\server\src\main\java\io\crate\planner\node\ddl\DropRolePlan.java,31,20,7,58,34.48275862068966
.\server\src\main\java\io\crate\planner\node\ddl\DropSnapshotPlan.java,45,20,10,75,26.666666666666668
.\server\src\main\java\io\crate\planner\node\ddl\DropTablePlan.java,78,20,13,111,18.01801801801802
.\server\src\main\java\io\crate\planner\node\ddl\OptimizeTablePlan.java,151,20,25,196,10.204081632653061
.\server\src\main\java\io\crate\planner\node\ddl\RefreshTablePlan.java,73,20,14,107,18.69158878504673
.\server\src\main\java\io\crate\planner\node\ddl\ResetSettingsPlan.java,73,40,15,128,31.25
.\server\src\main\java\io\crate\planner\node\ddl\RestoreSnapshotPlan.java,154,21,16,191,10.99476439790576
.\server\src\main\java\io\crate\planner\node\ddl\UpdateSettingsPlan.java,80,20,16,116,17.24137931034483
.\server\src\main\java\io\crate\planner\node\dml\DeleteById.java,98,20,19,137,14.598540145985401
.\server\src\main\java\io\crate\planner\node\dml\UpdateById.java,141,20,21,182,10.989010989010989
.\server\src\main\java\io\crate\planner\node\dql\Collect.java,135,34,28,197,17.258883248730964
.\server\src\main\java\io\crate\planner\node\dql\CountPlan.java,107,20,24,151,13.245033112582782
.\server\src\main\java\io\crate\planner\node\dql\GroupByConsumer.java,40,27,9,76,35.526315789473685
.\server\src\main\java\io\crate\planner\node\dql\join\Join.java,129,40,25,194,20.61855670103093
.\server\src\main\java\io\crate\planner\node\dql\QueryThenFetch.java,62,20,15,97,20.61855670103093
.\server\src\main\java\io\crate\planner\node\fetch\FetchSource.java,24,20,10,54,37.03703703703704
.\server\src\main\java\io\crate\planner\node\management\AlterTableReroutePlan.java,278,20,41,339,5.899705014749262
.\server\src\main\java\io\crate\planner\node\management\ExplainPlan.java,149,25,22,196,12.755102040816327
.\server\src\main\java\io\crate\planner\node\management\ExplainProfilePlan.java,315,67,37,419,15.990453460620525
.\server\src\main\java\io\crate\planner\node\management\KillPlan.java,111,20,12,143,13.986013986013987
.\server\src\main\java\io\crate\planner\node\management\OptimizerStep.java,14,20,7,41,48.78048780487805
.\server\src\main\java\io\crate\planner\node\management\RerouteRetryFailedPlan.java,53,23,5,81,28.395061728395063
.\server\src\main\java\io\crate\planner\node\management\ShowCreateTablePlan.java,39,20,8,67,29.850746268656717
.\server\src\main\java\io\crate\planner\node\management\VerboseOptimizerTracer.java,44,21,12,77,27.272727272727273
.\server\src\main\java\io\crate\planner\NodeSelection.java,20,20,6,46,43.47826086956522
.\server\src\main\java\io\crate\planner\NoopPlan.java,22,23,8,53,43.39622641509434
.\server\src\main\java\io\crate\planner\operators\AbstractJoinPlan.java,118,20,21,159,12.578616352201259
.\server\src\main\java\io\crate\planner\operators\Collect.java,347,48,35,430,11.162790697674419
.\server\src\main\java\io\crate\planner\operators\CorrelatedJoin.java,142,46,17,205,22.4390243902439
.\server\src\main\java\io\crate\planner\operators\Count.java,137,25,18,180,13.88888888888889
.\server\src\main\java\io\crate\planner\operators\Distinct.java,13,20,6,39,51.282051282051285
.\server\src\main\java\io\crate\planner\operators\DistinctRewriter.java,126,48,24,198,24.242424242424242
.\server\src\main\java\io\crate\planner\operators\EnsureNoMatchPredicate.java,27,20,8,55,36.36363636363637
.\server\src\main\java\io\crate\planner\operators\EquiJoinDetector.java,116,47,15,178,26.40449438202247
.\server\src\main\java\io\crate\planner\operators\Eval.java,144,27,17,188,14.361702127659575
.\server\src\main\java\io\crate\planner\operators\Fetch.java,121,53,13,187,28.342245989304814
.\server\src\main\java\io\crate\planner\operators\FetchRewrite.java,58,44,11,113,38.93805309734513
.\server\src\main\java\io\crate\planner\operators\Filter.java,119,21,17,157,13.375796178343949
.\server\src\main\java\io\crate\planner\operators\ForeignCollect.java,138,20,21,179,11.1731843575419
.\server\src\main\java\io\crate\planner\operators\ForwardingLogicalPlan.java,46,20,13,79,25.31645569620253
.\server\src\main\java\io\crate\planner\operators\Get.java,216,26,26,268,9.701492537313433
.\server\src\main\java\io\crate\planner\operators\GroupHashAggregate.java,296,37,28,361,10.249307479224377
.\server\src\main\java\io\crate\planner\operators\HashAggregate.java,225,27,27,279,9.67741935483871
.\server\src\main\java\io\crate\planner\operators\HashJoin.java,266,55,27,348,15.804597701149426
.\server\src\main\java\io\crate\planner\operators\Insert.java,129,26,21,176,14.772727272727273
.\server\src\main\java\io\crate\planner\operators\InsertFromValues.java,714,49,81,844,5.805687203791469
.\server\src\main\java\io\crate\planner\operators\JoinConditionSymbolsExtractor.java,69,53,13,135,39.25925925925926
.\server\src\main\java\io\crate\planner\operators\JoinPlan.java,137,20,20,177,11.299435028248588
.\server\src\main\java\io\crate\planner\operators\Limit.java,143,20,20,183,10.92896174863388
.\server\src\main\java\io\crate\planner\operators\LimitDistinct.java,160,26,15,201,12.935323383084578
.\server\src\main\java\io\crate\planner\operators\LogicalPlan.java,99,150,22,271,55.35055350553505
.\server\src\main\java\io\crate\planner\operators\LogicalPlanner.java,667,56,53,776,7.216494845360825
.\server\src\main\java\io\crate\planner\operators\LogicalPlanVisitor.java,85,20,30,135,14.814814814814815
.\server\src\main\java\io\crate\planner\operators\MapBackedSymbolReplacer.java,48,20,10,78,25.641025641025642
.\server\src\main\java\io\crate\planner\operators\MultiPhase.java,79,24,16,119,20.168067226890756
.\server\src\main\java\io\crate\planner\operators\NestedLoopJoin.java,327,49,39,415,11.80722891566265
.\server\src\main\java\io\crate\planner\operators\Order.java,188,36,18,242,14.87603305785124
.\server\src\main\java\io\crate\planner\operators\PKAndVersion.java,29,20,10,59,33.898305084745765
.\server\src\main\java\io\crate\planner\operators\PlanHint.java,5,63,3,71,88.73239436619718
.\server\src\main\java\io\crate\planner\operators\PrintContext.java,52,20,12,84,23.80952380952381
.\server\src\main\java\io\crate\planner\operators\ProjectSet.java,123,39,17,179,21.787709497206706
.\server\src\main\java\io\crate\planner\operators\Rename.java,176,39,20,235,16.595744680851062
.\server\src\main\java\io\crate\planner\operators\RewriteInsertFromSubQueryToInsertFromValues.java,37,20,9,66,30.303030303030305
.\server\src\main\java\io\crate\planner\operators\RootRelationBoundary.java,58,23,12,93,24.731182795698924
.\server\src\main\java\io\crate\planner\operators\StatementClassifier.java,61,39,16,116,33.62068965517241
.\server\src\main\java\io\crate\planner\operators\SubQueryAndParamBinder.java,61,27,13,101,26.73267326732673
.\server\src\main\java\io\crate\planner\operators\SubQueryResults.java,77,24,20,121,19.834710743801654
.\server\src\main\java\io\crate\planner\operators\TableFunction.java,142,21,20,183,11.475409836065573
.\server\src\main\java\io\crate\planner\operators\Union.java,192,93,32,317,29.337539432176655
.\server\src\main\java\io\crate\planner\operators\WindowAgg.java,246,31,24,301,10.299003322259136
.\server\src\main\java\io\crate\planner\optimizer\costs\PlanStats.java,231,26,34,291,8.934707903780069
.\server\src\main\java\io\crate\planner\optimizer\iterative\GroupReference.java,80,24,17,121,19.834710743801654
.\server\src\main\java\io\crate\planner\optimizer\iterative\GroupReferenceResolver.java,25,23,8,56,41.07142857142857
.\server\src\main\java\io\crate\planner\optimizer\iterative\IterativeOptimizer.java,120,47,20,187,25.13368983957219
.\server\src\main\java\io\crate\planner\optimizer\iterative\Memo.java,156,74,45,275,26.90909090909091
.\server\src\main\java\io\crate\planner\optimizer\joinorder\JoinGraph.java,168,67,31,266,25.18796992481203
.\server\src\main\java\io\crate\planner\optimizer\LoadedRules.java,75,21,11,107,19.626168224299064
.\server\src\main\java\io\crate\planner\optimizer\matcher\Capture.java,3,20,2,25,80.0
.\server\src\main\java\io\crate\planner\optimizer\matcher\CapturePattern.java,16,20,7,43,46.51162790697674
.\server\src\main\java\io\crate\planner\optimizer\matcher\Captures.java,36,20,10,66,30.303030303030305
.\server\src\main\java\io\crate\planner\optimizer\matcher\Match.java,69,20,25,114,17.54385964912281
.\server\src\main\java\io\crate\planner\optimizer\matcher\Pattern.java,23,20,10,53,37.735849056603776
.\server\src\main\java\io\crate\planner\optimizer\matcher\Patterns.java,11,20,6,37,54.054054054054056
.\server\src\main\java\io\crate\planner\optimizer\matcher\TypeOfPattern.java,17,20,7,44,45.45454545454545
.\server\src\main\java\io\crate\planner\optimizer\matcher\WithPattern.java,27,20,7,54,37.03703703703704
.\server\src\main\java\io\crate\planner\optimizer\matcher\WithPropertyPattern.java,23,20,7,50,40.0
.\server\src\main\java\io\crate\planner\optimizer\Optimizer.java,106,24,11,141,17.02127659574468
.\server\src\main\java\io\crate\planner\optimizer\rule\DeduplicateJoinConditions.java,57,20,13,90,22.22222222222222
.\server\src\main\java\io\crate\planner\optimizer\rule\DeduplicateOrder.java,29,33,8,70,47.142857142857146
.\server\src\main\java\io\crate\planner\optimizer\rule\EliminateCrossJoin.java,137,29,22,188,15.425531914893616
.\server\src\main\java\io\crate\planner\optimizer\rule\EquiJoinToLookupJoin.java,156,37,28,221,16.742081447963802
.\server\src\main\java\io\crate\planner\optimizer\rule\MergeAggregateAndCollectToCount.java,61,21,10,92,22.82608695652174
.\server\src\main\java\io\crate\planner\optimizer\rule\MergeAggregateRenameAndCollectToCount.java,61,20,8,89,22.471910112359552
.\server\src\main\java\io\crate\planner\optimizer\rule\MergeFilterAndCollect.java,36,20,8,64,31.25
.\server\src\main\java\io\crate\planner\optimizer\rule\MergeFilterAndForeignCollect.java,39,27,9,75,36.0
.\server\src\main\java\io\crate\planner\optimizer\rule\MergeFilters.java,32,35,8,75,46.666666666666664
.\server\src\main\java\io\crate\planner\optimizer\rule\MoveConstantJoinConditionsBeneathJoin.java,111,26,13,150,17.333333333333332
.\server\src\main\java\io\crate\planner\optimizer\rule\MoveEquiJoinFilterIntoInnerJoin.java,69,20,14,103,19.41747572815534
.\server\src\main\java\io\crate\planner\optimizer\rule\MoveFilterBeneathCorrelatedJoin.java,48,21,10,79,26.582278481012658
.\server\src\main\java\io\crate\planner\optimizer\rule\MoveFilterBeneathEval.java,31,21,9,61,34.42622950819672
.\server\src\main\java\io\crate\planner\optimizer\rule\MoveFilterBeneathGroupBy.java,55,53,12,120,44.166666666666664
.\server\src\main\java\io\crate\planner\optimizer\rule\MoveFilterBeneathJoin.java,117,58,20,195,29.743589743589745
.\server\src\main\java\io\crate\planner\optimizer\rule\MoveFilterBeneathMultiPhase.java,59,20,9,88,22.727272727272727
.\server\src\main\java\io\crate\planner\optimizer\rule\MoveFilterBeneathOrder.java,30,44,8,82,53.65853658536585
.\server\src\main\java\io\crate\planner\optimizer\rule\MoveFilterBeneathProjectSet.java,69,23,13,105,21.904761904761905
.\server\src\main\java\io\crate\planner\optimizer\rule\MoveFilterBeneathRename.java,36,20,9,65,30.76923076923077
.\server\src\main\java\io\crate\planner\optimizer\rule\MoveFilterBeneathUnion.java,58,20,10,88,22.727272727272727
.\server\src\main\java\io\crate\planner\optimizer\rule\MoveFilterBeneathWindowAgg.java,66,61,17,144,42.361111111111114
.\server\src\main\java\io\crate\planner\optimizer\rule\MoveLimitBeneathEval.java,31,20,8,59,33.898305084745765
.\server\src\main\java\io\crate\planner\optimizer\rule\MoveLimitBeneathRename.java,31,20,8,59,33.898305084745765
.\server\src\main\java\io\crate\planner\optimizer\rule\MoveOrderBeneathEval.java,40,20,9,69,28.985507246376812
.\server\src\main\java\io\crate\planner\optimizer\rule\MoveOrderBeneathNestedLoop.java,66,28,9,103,27.184466019417474
.\server\src\main\java\io\crate\planner\optimizer\rule\MoveOrderBeneathRename.java,42,39,9,90,43.333333333333336
.\server\src\main\java\io\crate\planner\optimizer\rule\MoveOrderBeneathUnion.java,47,20,10,77,25.974025974025974
.\server\src\main\java\io\crate\planner\optimizer\rule\NullSymbolEvaluator.java,98,25,16,139,17.985611510791365
.\server\src\main\java\io\crate\planner\optimizer\rule\OptimizeCollectWhereClauseAccess.java,62,20,9,91,21.978021978021978
.\server\src\main\java\io\crate\planner\optimizer\rule\RemoveOrderBeneathInsert.java,28,24,8,60,40.0
.\server\src\main\java\io\crate\planner\optimizer\rule\RemoveRedundantEval.java,24,23,8,55,41.81818181818182
.\server\src\main\java\io\crate\planner\optimizer\rule\ReorderHashJoin.java,38,24,7,69,34.78260869565217
.\server\src\main\java\io\crate\planner\optimizer\rule\ReorderNestedLoopJoin.java,43,24,7,74,32.432432432432435
.\server\src\main\java\io\crate\planner\optimizer\rule\RewriteDistinctAggToGroupBy.java,68,49,16,133,36.8421052631579
.\server\src\main\java\io\crate\planner\optimizer\rule\RewriteFilterOnCrossJoinToInnerJoin.java,72,20,15,107,18.69158878504673
.\server\src\main\java\io\crate\planner\optimizer\rule\RewriteFilterOnOuterJoinToInnerJoin.java,130,113,16,259,43.62934362934363
.\server\src\main\java\io\crate\planner\optimizer\rule\RewriteGroupByKeysLimitToLimitDistinct.java,75,97,12,184,52.71739130434783
.\server\src\main\java\io\crate\planner\optimizer\rule\RewriteJoinPlan.java,49,22,9,80,27.5
.\server\src\main\java\io\crate\planner\optimizer\rule\RewriteLeftOuterJoinToHashJoin.java,35,20,7,62,32.25806451612903
.\server\src\main\java\io\crate\planner\optimizer\rule\RewriteRightOuterJoinToHashJoin.java,39,20,7,66,30.303030303030305
.\server\src\main\java\io\crate\planner\optimizer\rule\RewriteToQueryThenFetch.java,88,20,15,123,16.260162601626018
.\server\src\main\java\io\crate\planner\optimizer\rule\Util.java,11,23,6,40,57.5
.\server\src\main\java\io\crate\planner\optimizer\Rule.java,39,40,13,92,43.47826086956522
.\server\src\main\java\io\crate\planner\optimizer\symbol\FunctionLookup.java,7,20,5,32,62.5
.\server\src\main\java\io\crate\planner\optimizer\symbol\Optimizer.java,128,24,16,168,14.285714285714286
.\server\src\main\java\io\crate\planner\optimizer\symbol\rule\MoveArrayLengthOnReferenceCastToLiteralCastInsideOperators.java,54,20,11,85,23.529411764705884
.\server\src\main\java\io\crate\planner\optimizer\symbol\rule\MoveReferenceCastToLiteralCastOnArrayOperatorsWhenLeftIsReference.java,50,20,11,81,24.691358024691358
.\server\src\main\java\io\crate\planner\optimizer\symbol\rule\MoveReferenceCastToLiteralCastOnArrayOperatorsWhenRightIsReference.java,65,21,12,98,21.428571428571427
.\server\src\main\java\io\crate\planner\optimizer\symbol\rule\MoveSubscriptOnReferenceCastToLiteralCastInsideOperators.java,53,20,11,84,23.80952380952381
.\server\src\main\java\io\crate\planner\optimizer\symbol\rule\SimplifyEqualsOperationOnIdenticalReferences.java,46,25,9,80,31.25
.\server\src\main\java\io\crate\planner\optimizer\symbol\rule\SwapCastsInComparisonOperators.java,82,31,11,124,25.0
.\server\src\main\java\io\crate\planner\optimizer\symbol\rule\SwapCastsInLikeOperators.java,55,21,10,86,24.41860465116279
.\server\src\main\java\io\crate\planner\optimizer\symbol\Rule.java,14,20,6,40,50.0
.\server\src\main\java\io\crate\planner\optimizer\tracer\LoggingOptimizerTracer.java,38,20,12,70,28.571428571428573
.\server\src\main\java\io\crate\planner\optimizer\tracer\OptimizerTracer.java,25,20,12,57,35.08771929824562
.\server\src\main\java\io\crate\planner\Plan.java,44,35,9,88,39.77272727272727
.\server\src\main\java\io\crate\planner\Planner.java,622,26,94,742,3.504043126684636
.\server\src\main\java\io\crate\planner\PlannerContext.java,198,27,29,254,10.62992125984252
.\server\src\main\java\io\crate\planner\PlanPrinter.java,233,28,43,304,9.210526315789474
.\server\src\main\java\io\crate\planner\PositionalOrderBy.java,137,54,20,211,25.592417061611375
.\server\src\main\java\io\crate\planner\ReaderAllocations.java,62,20,12,94,21.27659574468085
.\server\src\main\java\io\crate\planner\ResultDescription.java,22,66,14,102,64.70588235294117
.\server\src\main\java\io\crate\planner\RoutingBuilder.java,98,58,18,174,33.333333333333336
.\server\src\main\java\io\crate\planner\selectivity\SelectivityFunctions.java,290,34,50,374,9.090909090909092
.\server\src\main\java\io\crate\planner\statement\CopyFromPlan.java,357,63,43,463,13.606911447084233
.\server\src\main\java\io\crate\planner\statement\CopyToPlan.java,227,23,30,280,8.214285714285714
.\server\src\main\java\io\crate\planner\statement\DeletePlanner.java,167,21,19,207,10.144927536231885
.\server\src\main\java\io\crate\planner\statement\SetSessionAuthorizationPlan.java,42,20,8,70,28.571428571428573
.\server\src\main\java\io\crate\planner\statement\SetSessionPlan.java,73,20,15,108,18.51851851851852
.\server\src\main\java\io\crate\planner\SubqueryPlanner.java,52,20,11,83,24.096385542168676
.\server\src\main\java\io\crate\planner\SwapTablePlan.java,58,20,11,89,22.471910112359552
.\server\src\main\java\io\crate\planner\UnionExecutionPlan.java,129,37,27,193,19.17098445595855
.\server\src\main\java\io\crate\planner\WhereClauseOptimizer.java,193,39,24,256,15.234375
.\server\src\main\java\io\crate\plugin\CopyPlugin.java,13,20,6,39,51.282051282051285
.\server\src\main\java\io\crate\profile\package-info.java,1,24,1,26,92.3076923076923
.\server\src\main\java\io\crate\profile\ProfilingContext.java,81,27,13,121,22.31404958677686
.\server\src\main\java\io\crate\profile\Timer.java,33,20,8,61,32.78688524590164
.\server\src\main\java\io\crate\protocols\ConnectionStats.java,31,20,7,58,34.48275862068966
.\server\src\main\java\io\crate\protocols\http\Headers.java,74,26,13,113,23.008849557522122
.\server\src\main\java\io\crate\protocols\http\HttpBlobHandler.java,443,40,54,537,7.4487895716946
.\server\src\main\java\io\crate\protocols\http\HttpHandler.java,78,27,14,119,22.689075630252102
.\server\src\main\java\io\crate\protocols\http\MainAndStaticFileHandler.java,217,23,20,260,8.846153846153847
.\server\src\main\java\io\crate\protocols\http\Responses.java,30,20,6,56,35.714285714285715
.\server\src\main\java\io\crate\protocols\http\StaticSite.java,84,25,14,123,20.32520325203252
.\server\src\main\java\io\crate\protocols\postgres\AuthenticationContext.java,49,36,12,97,37.11340206185567
.\server\src\main\java\io\crate\protocols\postgres\BindPostgresException.java,7,20,3,30,66.66666666666667
.\server\src\main\java\io\crate\protocols\postgres\ClientMessages.java,151,29,28,208,13.942307692307692
.\server\src\main\java\io\crate\protocols\postgres\ConnectionProperties.java,69,27,16,112,24.107142857142858
.\server\src\main\java\io\crate\protocols\postgres\DelayableWriteChannel.java,280,33,64,377,8.753315649867375
.\server\src\main\java\io\crate\protocols\postgres\FormatCodes.java,27,39,9,75,52.0
.\server\src\main\java\io\crate\protocols\postgres\JobsLogsUpdateListener.java,17,20,7,44,45.45454545454545
.\server\src\main\java\io\crate\protocols\postgres\KeyData.java,26,20,9,55,36.36363636363637
.\server\src\main\java\io\crate\protocols\postgres\Messages.java,374,188,52,614,30.618892508143322
.\server\src\main\java\io\crate\protocols\postgres\PgClient.java,534,49,66,649,7.550077041602465
.\server\src\main\java\io\crate\protocols\postgres\PgClientFactory.java,43,26,8,77,33.76623376623377
.\server\src\main\java\io\crate\protocols\postgres\PgDecoder.java,151,63,40,254,24.80314960629921
.\server\src\main\java\io\crate\protocols\postgres\PGError.java,81,20,19,120,16.666666666666668
.\server\src\main\java\io\crate\protocols\postgres\PGErrorStatus.java,283,22,9,314,7.006369426751593
.\server\src\main\java\io\crate\protocols\postgres\Portal.java,57,20,18,95,21.05263157894737
.\server\src\main\java\io\crate\protocols\postgres\PostgresNetty.java,255,24,30,309,7.766990291262136
.\server\src\main\java\io\crate\protocols\postgres\PostgresWireProtocol.java,632,219,71,922,23.752711496746205
.\server\src\main\java\io\crate\protocols\postgres\ResultSetReceiver.java,92,30,16,138,21.73913043478261
.\server\src\main\java\io\crate\protocols\postgres\RowCountReceiver.java,56,24,11,91,26.373626373626372
.\server\src\main\java\io\crate\protocols\postgres\TransactionState.java,13,20,6,39,51.282051282051285
.\server\src\main\java\io\crate\protocols\postgres\types\AnyType.java,52,22,16,90,24.444444444444443
.\server\src\main\java\io\crate\protocols\postgres\types\BaseTimestampType.java,38,30,14,82,36.58536585365854
.\server\src\main\java\io\crate\protocols\postgres\types\BigIntType.java,45,20,16,81,24.691358024691358
.\server\src\main\java\io\crate\protocols\postgres\types\BitType.java,86,28,17,131,21.374045801526716
.\server\src\main\java\io\crate\protocols\postgres\types\BooleanType.java,65,20,16,101,19.801980198019802
.\server\src\main\java\io\crate\protocols\postgres\types\CharacterType.java,60,20,18,98,20.408163265306122
.\server\src\main\java\io\crate\protocols\postgres\types\CharType.java,45,25,15,85,29.41176470588235
.\server\src\main\java\io\crate\protocols\postgres\types\DateType.java,76,23,23,122,18.852459016393443
.\server\src\main\java\io\crate\protocols\postgres\types\DoubleType.java,46,20,15,81,24.691358024691358
.\server\src\main\java\io\crate\protocols\postgres\types\IntegerType.java,45,20,16,81,24.691358024691358
.\server\src\main\java\io\crate\protocols\postgres\types\IntervalType.java,87,24,19,130,18.46153846153846
.\server\src\main\java\io\crate\protocols\postgres\types\JsonType.java,95,20,18,133,15.037593984962406
.\server\src\main\java\io\crate\protocols\postgres\types\NumericType.java,201,48,40,289,16.608996539792386
.\server\src\main\java\io\crate\protocols\postgres\types\OidType.java,45,20,15,80,25.0
.\server\src\main\java\io\crate\protocols\postgres\types\PGArray.java,256,39,35,330,11.818181818181818
.\server\src\main\java\io\crate\protocols\postgres\types\PGFloatVectorType.java,97,25,21,143,17.482517482517483
.\server\src\main\java\io\crate\protocols\postgres\types\PgOidVectorType.java,60,20,15,95,21.05263157894737
.\server\src\main\java\io\crate\protocols\postgres\types\PGType.java,132,46,39,217,21.19815668202765
.\server\src\main\java\io\crate\protocols\postgres\types\PGTypes.java,181,38,26,245,15.510204081632653
.\server\src\main\java\io\crate\protocols\postgres\types\PgUUIDType.java,47,20,15,82,24.390243902439025
.\server\src\main\java\io\crate\protocols\postgres\types\PointType.java,74,20,17,111,18.01801801801802
.\server\src\main\java\io\crate\protocols\postgres\types\RealType.java,46,20,15,81,24.691358024691358
.\server\src\main\java\io\crate\protocols\postgres\types\RecordType.java,100,21,23,144,14.583333333333334
.\server\src\main\java\io\crate\protocols\postgres\types\RegclassType.java,55,20,15,90,22.22222222222222
.\server\src\main\java\io\crate\protocols\postgres\types\RegprocType.java,59,20,18,97,20.61855670103093
.\server\src\main\java\io\crate\protocols\postgres\types\RegtypeType.java,51,20,15,86,23.25581395348837
.\server\src\main\java\io\crate\protocols\postgres\types\SmallIntType.java,46,25,15,86,29.069767441860463
.\server\src\main\java\io\crate\protocols\postgres\types\TimestampType.java,77,20,17,114,17.54385964912281
.\server\src\main\java\io\crate\protocols\postgres\types\TimestampZType.java,89,24,20,133,18.045112781954888
.\server\src\main\java\io\crate\protocols\postgres\types\TimeTZType.java,62,20,18,100,20.0
.\server\src\main\java\io\crate\protocols\postgres\types\UnknownType.java,64,20,17,101,19.801980198019802
.\server\src\main\java\io\crate\protocols\postgres\types\VarCharType.java,76,20,22,118,16.949152542372882
.\server\src\main\java\io\crate\protocols\ssl\SslConfigurationException.java,6,23,3,32,71.875
.\server\src\main\java\io\crate\protocols\ssl\SslContextProvider.java,241,21,37,299,7.023411371237458
.\server\src\main\java\io\crate\protocols\ssl\SslContextProviderService.java,120,21,18,159,13.20754716981132
.\server\src\main\java\io\crate\protocols\ssl\SslSettings.java,72,24,22,118,20.338983050847457
.\server\src\main\java\io\crate\protocols\SSL.java,40,29,7,76,38.1578947368421
.\server\src\main\java\io\crate\replication\logical\action\CreatePublicationRequest.java,55,20,12,87,22.988505747126435
.\server\src\main\java\io\crate\replication\logical\action\CreateSubscriptionRequest.java,58,20,13,91,21.978021978021978
.\server\src\main\java\io\crate\replication\logical\action\DropPublicationRequest.java,30,20,10,60,33.333333333333336
.\server\src\main\java\io\crate\replication\logical\action\DropSubscriptionAction.java,123,24,21,168,14.285714285714286
.\server\src\main\java\io\crate\replication\logical\action\DropSubscriptionRequest.java,30,20,10,60,33.333333333333336
.\server\src\main\java\io\crate\replication\logical\action\GetFileChunkAction.java,163,20,32,215,9.30232558139535
.\server\src\main\java\io\crate\replication\logical\action\GetStoreMetadataAction.java,110,20,25,155,12.903225806451612
.\server\src\main\java\io\crate\replication\logical\action\PublicationsStateAction.java,203,31,35,269,11.524163568773234
.\server\src\main\java\io\crate\replication\logical\action\ReleasePublisherResourcesAction.java,86,20,18,124,16.129032258064516
.\server\src\main\java\io\crate\replication\logical\action\ReplayChangesAction.java,261,26,35,322,8.074534161490684
.\server\src\main\java\io\crate\replication\logical\action\RestoreShardRequest.java,70,20,14,104,19.23076923076923
.\server\src\main\java\io\crate\replication\logical\action\ShardChangesAction.java,273,28,45,346,8.092485549132949
.\server\src\main\java\io\crate\replication\logical\action\TransportAlterPublication.java,151,21,26,198,10.606060606060606
.\server\src\main\java\io\crate\replication\logical\action\TransportCreatePublication.java,89,23,16,128,17.96875
.\server\src\main\java\io\crate\replication\logical\action\TransportCreateSubscription.java,187,25,30,242,10.330578512396695
.\server\src\main\java\io\crate\replication\logical\action\TransportDropPublication.java,68,20,14,102,19.607843137254903
.\server\src\main\java\io\crate\replication\logical\action\UpdateSubscriptionAction.java,141,20,29,190,10.526315789473685
.\server\src\main\java\io\crate\replication\logical\analyze\AnalyzedAlterPublication.java,34,20,11,65,30.76923076923077
.\server\src\main\java\io\crate\replication\logical\analyze\AnalyzedAlterSubscription.java,27,20,10,57,35.08771929824562
.\server\src\main\java\io\crate\replication\logical\analyze\AnalyzedCreatePublication.java,33,20,11,64,31.25
.\server\src\main\java\io\crate\replication\logical\analyze\AnalyzedCreateSubscription.java,43,20,12,75,26.666666666666668
.\server\src\main\java\io\crate\replication\logical\analyze\AnalyzedDropPublication.java,26,20,10,56,35.714285714285715
.\server\src\main\java\io\crate\replication\logical\analyze\AnalyzedDropSubscription.java,32,20,11,63,31.746031746031747
.\server\src\main\java\io\crate\replication\logical\analyze\LogicalReplicationAnalyzer.java,148,20,16,184,10.869565217391305
.\server\src\main\java\io\crate\replication\logical\engine\SubscriberEngine.java,54,20,12,86,23.25581395348837
.\server\src\main\java\io\crate\replication\logical\exceptions\CreateSubscriptionException.java,17,20,8,45,44.44444444444444
.\server\src\main\java\io\crate\replication\logical\exceptions\InvalidShardEngineException.java,9,26,6,41,63.41463414634146
.\server\src\main\java\io\crate\replication\logical\exceptions\MissingShardOperationsException.java,30,20,9,59,33.898305084745765
.\server\src\main\java\io\crate\replication\logical\exceptions\NoSubscriptionForIndexException.java,9,24,6,39,61.53846153846154
.\server\src\main\java\io\crate\replication\logical\exceptions\PublicationAlreadyExistsException.java,15,20,6,41,48.78048780487805
.\server\src\main\java\io\crate\replication\logical\exceptions\PublicationUnknownException.java,15,20,6,41,48.78048780487805
.\server\src\main\java\io\crate\replication\logical\exceptions\SubscriptionAlreadyExistsException.java,15,20,6,41,48.78048780487805
.\server\src\main\java\io\crate\replication\logical\exceptions\SubscriptionUnknownException.java,15,20,6,41,48.78048780487805
.\server\src\main\java\io\crate\replication\logical\LogicalReplicationService.java,341,34,36,411,8.27250608272506
.\server\src\main\java\io\crate\replication\logical\LogicalReplicationSettings.java,150,38,24,212,17.92452830188679
.\server\src\main\java\io\crate\replication\logical\metadata\ConnectionInfo.java,204,28,32,264,10.606060606060606
.\server\src\main\java\io\crate\replication\logical\metadata\pgcatalog\PgPublicationTable.java,26,20,8,54,37.03703703703704
.\server\src\main\java\io\crate\replication\logical\metadata\pgcatalog\PgPublicationTablesTable.java,42,21,9,72,29.166666666666668
.\server\src\main\java\io\crate\replication\logical\metadata\pgcatalog\PgSubscriptionRelTable.java,45,21,9,75,28.0
.\server\src\main\java\io\crate\replication\logical\metadata\pgcatalog\PgSubscriptionTable.java,28,20,7,55,36.36363636363637
.\server\src\main\java\io\crate\replication\logical\metadata\Publication.java,166,26,24,216,12.037037037037036
.\server\src\main\java\io\crate\replication\logical\metadata\PublicationsMetadata.java,128,44,22,194,22.68041237113402
.\server\src\main\java\io\crate\replication\logical\metadata\RelationMetadata.java,38,24,8,70,34.285714285714285
.\server\src\main\java\io\crate\replication\logical\metadata\Subscription.java,134,22,25,181,12.154696132596685
.\server\src\main\java\io\crate\replication\logical\metadata\SubscriptionsMetadata.java,186,42,24,252,16.666666666666668
.\server\src\main\java\io\crate\replication\logical\MetadataTracker.java,516,42,52,610,6.885245901639344
.\server\src\main\java\io\crate\replication\logical\package-info.java,1,41,2,44,93.18181818181819
.\server\src\main\java\io\crate\replication\logical\plan\AlterPublicationPlan.java,35,20,7,62,32.25806451612903
.\server\src\main\java\io\crate\replication\logical\plan\CreatePublicationPlan.java,36,20,8,64,31.25
.\server\src\main\java\io\crate\replication\logical\plan\CreateSubscriptionPlan.java,71,20,16,107,18.69158878504673
.\server\src\main\java\io\crate\replication\logical\plan\DropPublicationPlan.java,31,20,7,58,34.48275862068966
.\server\src\main\java\io\crate\replication\logical\plan\DropSubscriptionPlan.java,32,20,8,60,33.333333333333336
.\server\src\main\java\io\crate\replication\logical\repository\LogicalReplicationRepository.java,464,35,51,550,6.363636363636363
.\server\src\main\java\io\crate\replication\logical\repository\PublisherRestoreService.java,176,45,33,254,17.716535433070867
.\server\src\main\java\io\crate\replication\logical\repository\RemoteClusterMultiChunkTransfer.java,126,21,14,161,13.043478260869565
.\server\src\main\java\io\crate\replication\logical\repository\RemoteClusterRepositoryFileChunk.java,26,20,9,55,36.36363636363637
.\server\src\main\java\io\crate\replication\logical\seqno\RetentionLeaseHelper.java,91,25,11,127,19.68503937007874
.\server\src\main\java\io\crate\replication\logical\ShardReplicationChangesTracker.java,324,49,28,401,12.219451371571072
.\server\src\main\java\io\crate\replication\logical\ShardReplicationService.java,110,20,16,146,13.698630136986301
.\server\src\main\java\io\crate\rest\action\HttpError.java,117,22,18,157,14.012738853503185
.\server\src\main\java\io\crate\rest\action\HttpErrorStatus.java,101,42,24,167,25.149700598802394
.\server\src\main\java\io\crate\rest\action\RestBulkRowCountReceiver.java,43,21,12,76,27.63157894736842
.\server\src\main\java\io\crate\rest\action\RestResultSetReceiver.java,77,20,15,112,17.857142857142858
.\server\src\main\java\io\crate\rest\action\RestRowCountReceiver.java,72,20,15,107,18.69158878504673
.\server\src\main\java\io\crate\rest\action\ResultToXContentBuilder.java,111,36,22,169,21.301775147928993
.\server\src\main\java\io\crate\rest\action\SqlHttpHandler.java,256,28,22,306,9.15032679738562
.\server\src\main\java\io\crate\role\AlterRoleRequest.java,83,20,14,117,17.094017094017094
.\server\src\main\java\io\crate\role\CreateRoleRequest.java,80,20,15,115,17.391304347826086
.\server\src\main\java\io\crate\role\DropRoleRequest.java,30,20,10,60,33.333333333333336
.\server\src\main\java\io\crate\role\DropRoleTask.java,84,20,15,119,16.80672268907563
.\server\src\main\java\io\crate\role\GrantedRole.java,76,20,13,109,18.34862385321101
.\server\src\main\java\io\crate\role\GrantedRolesChange.java,48,28,13,89,31.46067415730337
.\server\src\main\java\io\crate\role\JwtProperties.java,88,29,13,130,22.307692307692307
.\server\src\main\java\io\crate\role\metadata\RolesMetadata.java,196,55,31,282,19.50354609929078
.\server\src\main\java\io\crate\role\metadata\SysPrivilegesTableInfo.java,35,20,9,64,31.25
.\server\src\main\java\io\crate\role\metadata\SysRolesTableInfo.java,20,20,7,47,42.5531914893617
.\server\src\main\java\io\crate\role\metadata\SysUsersTableInfo.java,34,20,8,62,32.25806451612903
.\server\src\main\java\io\crate\role\metadata\UsersMetadata.java,125,40,25,190,21.05263157894737
.\server\src\main\java\io\crate\role\metadata\UsersPrivilegesMetadata.java,104,35,20,159,22.0125786163522
.\server\src\main\java\io\crate\role\Permission.java,10,23,4,37,62.16216216216216
.\server\src\main\java\io\crate\role\Policy.java,8,21,4,33,63.63636363636363
.\server\src\main\java\io\crate\role\Privilege.java,119,33,17,169,19.526627218934912
.\server\src\main\java\io\crate\role\Privileges.java,98,30,17,145,20.689655172413794
.\server\src\main\java\io\crate\role\PrivilegesModifier.java,151,33,19,203,16.25615763546798
.\server\src\main\java\io\crate\role\PrivilegesRequest.java,65,20,13,98,20.408163265306122
.\server\src\main\java\io\crate\role\PrivilegesResponse.java,32,20,10,62,32.25806451612903
.\server\src\main\java\io\crate\role\Role.java,344,51,41,436,11.697247706422019
.\server\src\main\java\io\crate\role\RoleManager.java,23,63,9,95,66.3157894736842
.\server\src\main\java\io\crate\role\RoleManagerDDLModifier.java,108,22,23,153,14.379084967320262
.\server\src\main\java\io\crate\role\RoleManagerService.java,107,20,19,146,13.698630136986301
.\server\src\main\java\io\crate\role\RolePrivileges.java,152,28,19,199,14.07035175879397
.\server\src\main\java\io\crate\role\Roles.java,119,64,24,207,30.917874396135264
.\server\src\main\java\io\crate\role\RolesService.java,67,20,14,101,19.801980198019802
.\server\src\main\java\io\crate\role\scalar\UserFunction.java,47,20,9,76,26.31578947368421
.\server\src\main\java\io\crate\role\Securable.java,9,20,5,34,58.8235294117647
.\server\src\main\java\io\crate\role\SecureHash.java,137,49,24,210,23.333333333333332
.\server\src\main\java\io\crate\role\Subject.java,22,24,6,52,46.15384615384615
.\server\src\main\java\io\crate\role\TransportAlterRole.java,165,22,26,213,10.328638497652582
.\server\src\main\java\io\crate\role\TransportCreateRole.java,131,26,20,177,14.689265536723164
.\server\src\main\java\io\crate\role\TransportDropRole.java,82,22,19,123,17.88617886178862
.\server\src\main\java\io\crate\role\TransportPrivileges.java,156,22,30,208,10.576923076923077
.\server\src\main\java\io\crate\role\WriteRoleResponse.java,24,20,9,53,37.735849056603776
.\server\src\main\java\io\crate\server\cli\CommandLoggingConfigurator.java,11,27,5,43,62.7906976744186
.\server\src\main\java\io\crate\server\cli\EnvironmentAwareCommand.java,87,30,17,134,22.388059701492537
.\server\src\main\java\io\crate\server\xcontent\LoggingDeprecationHandler.java,21,36,8,65,55.38461538461539
.\server\src\main\java\io\crate\server\xcontent\ServerXContentExtension.java,163,24,10,197,12.182741116751268
.\server\src\main\java\io\crate\server\xcontent\XContentHelper.java,164,57,16,237,24.050632911392405
.\server\src\main\java\io\crate\server\xcontent\XContentMapValues.java,45,18,12,75,24.0
.\server\src\main\java\io\crate\server\xcontent\XContentParserUtils.java,27,33,11,71,46.478873239436616
.\server\src\main\java\io\crate\session\BaseResultReceiver.java,34,20,12,66,30.303030303030305
.\server\src\main\java\io\crate\session\CollectingResultReceiver.java,46,23,13,82,28.048780487804876
.\server\src\main\java\io\crate\session\Cursor.java,270,33,32,335,9.850746268656716
.\server\src\main\java\io\crate\session\Cursors.java,63,26,15,104,25.0
.\server\src\main\java\io\crate\session\DCLStatementDispatcher.java,35,25,11,71,35.2112676056338
.\server\src\main\java\io\crate\session\DeferredExecution.java,21,20,9,50,40.0
.\server\src\main\java\io\crate\session\DescribeResult.java,38,32,12,82,39.02439024390244
.\server\src\main\java\io\crate\session\parser\SQLArgsParseElement.java,32,20,7,59,33.898305084745765
.\server\src\main\java\io\crate\session\parser\SQLBulkArgsParseElement.java,28,20,7,55,36.36363636363637
.\server\src\main\java\io\crate\session\parser\SQLParseElement.java,5,33,4,42,78.57142857142857
.\server\src\main\java\io\crate\session\parser\SQLParseSourceException.java,7,23,4,34,67.6470588235294
.\server\src\main\java\io\crate\session\parser\SQLRequestParseContext.java,25,23,10,58,39.6551724137931
.\server\src\main\java\io\crate\session\parser\SQLRequestParser.java,68,30,10,108,27.77777777777778
.\server\src\main\java\io\crate\session\parser\SQLStmtParseElement.java,16,27,5,48,56.25
.\server\src\main\java\io\crate\session\PreparedStmt.java,44,25,12,81,30.864197530864196
.\server\src\main\java\io\crate\session\ResultReceiver.java,13,33,10,56,58.92857142857143
.\server\src\main\java\io\crate\session\RetryOnFailureResultReceiver.java,81,20,16,117,17.094017094017094
.\server\src\main\java\io\crate\session\RowConsumerToResultReceiver.java,147,31,18,196,15.816326530612244
.\server\src\main\java\io\crate\session\Session.java,900,150,92,1142,13.134851138353765
.\server\src\main\java\io\crate\session\Sessions.java,199,35,30,264,13.257575757575758
.\server\src\main\java\io\crate\statistics\ColumnSketchBuilder.java,192,44,42,278,15.827338129496402
.\server\src\main\java\io\crate\statistics\ColumnStats.java,126,21,21,168,12.5
.\server\src\main\java\io\crate\statistics\ColumnStatsEntry.java,22,20,8,50,40.0
.\server\src\main\java\io\crate\statistics\ColumnStatsSupport.java,32,36,12,80,45.0
.\server\src\main\java\io\crate\statistics\DistinctValuesSketch.java,71,38,20,129,29.45736434108527
.\server\src\main\java\io\crate\statistics\FetchSampleRequest.java,91,20,15,126,15.873015873015873
.\server\src\main\java\io\crate\statistics\FetchSampleResponse.java,26,20,11,57,35.08771929824562
.\server\src\main\java\io\crate\statistics\HistogramSketch.java,64,24,16,104,23.076923076923077
.\server\src\main\java\io\crate\statistics\MostCommonValues.java,75,20,21,116,17.24137931034483
.\server\src\main\java\io\crate\statistics\MostCommonValuesSketch.java,91,24,22,137,17.51824817518248
.\server\src\main\java\io\crate\statistics\package-info.java,1,55,1,57,96.49122807017544
.\server\src\main\java\io\crate\statistics\PublishTableStatsRequest.java,32,20,10,62,32.25806451612903
.\server\src\main\java\io\crate\statistics\Reservoir.java,35,37,11,83,44.57831325301205
.\server\src\main\java\io\crate\statistics\ReservoirSampler.java,347,24,54,425,5.647058823529412
.\server\src\main\java\io\crate\statistics\Samples.java,80,20,12,112,17.857142857142858
.\server\src\main\java\io\crate\statistics\SketchRamAccounting.java,47,28,12,87,32.18390804597701
.\server\src\main\java\io\crate\statistics\SketchStreamer.java,94,20,26,140,14.285714285714286
.\server\src\main\java\io\crate\statistics\Stats.java,109,20,17,146,13.698630136986301
.\server\src\main\java\io\crate\statistics\TableStats.java,43,45,12,100,45.0
.\server\src\main\java\io\crate\statistics\TableStatsService.java,440,31,47,518,5.984555984555985
.\server\src\main\java\io\crate\statistics\TransportAnalyzeAction.java,198,22,20,240,9.166666666666666
.\server\src\main\java\io\crate\Streamer.java,8,20,6,34,58.8235294117647
.\server\src\main\java\io\crate\time\StrictISODateTimeFormat.java,900,880,151,1931,45.57224236147074
.\server\src\main\java\io\crate\types\ArrayType.java,458,45,58,561,8.02139037433155
.\server\src\main\java\io\crate\types\BitStringType.java,245,29,41,315,9.206349206349206
.\server\src\main\java\io\crate\types\BooleanType.java,226,20,35,281,7.117437722419929
.\server\src\main\java\io\crate\types\ByteType.java,130,21,26,177,11.864406779661017
.\server\src\main\java\io\crate\types\CharacterType.java,191,24,31,246,9.75609756097561
.\server\src\main\java\io\crate\types\DataType.java,213,131,46,390,33.58974358974359
.\server\src\main\java\io\crate\types\DataTypes.java,493,68,60,621,10.950080515297907
.\server\src\main\java\io\crate\types\DataTypesBwc.java,59,30,9,98,30.612244897959183
.\server\src\main\java\io\crate\types\DateType.java,134,22,26,182,12.087912087912088
.\server\src\main\java\io\crate\types\DoubleType.java,188,24,31,243,9.876543209876543
.\server\src\main\java\io\crate\types\EqQuery.java,35,31,10,76,40.78947368421053
.\server\src\main\java\io\crate\types\FixedWidthType.java,4,34,3,41,82.92682926829268
.\server\src\main\java\io\crate\types\FloatType.java,192,24,31,247,9.7165991902834
.\server\src\main\java\io\crate\types\FloatVectorType.java,178,21,34,233,9.012875536480687
.\server\src\main\java\io\crate\types\GeoPointType.java,212,25,34,271,9.22509225092251
.\server\src\main\java\io\crate\types\GeoShapeType.java,184,29,32,245,11.83673469387755
.\server\src\main\java\io\crate\types\IntegerLiteralTypeSignature.java,31,20,11,62,32.25806451612903
.\server\src\main\java\io\crate\types\IntegerType.java,141,20,27,188,10.638297872340425
.\server\src\main\java\io\crate\types\IntEqQuery.java,51,20,7,78,25.641025641025642
.\server\src\main\java\io\crate\types\IntervalType.java,149,27,22,198,13.636363636363637
.\server\src\main\java\io\crate\types\IpType.java,185,21,28,234,8.974358974358974
.\server\src\main\java\io\crate\types\JsonType.java,68,20,18,106,18.867924528301888
.\server\src\main\java\io\crate\types\LongEqQuery.java,49,20,7,76,26.31578947368421
.\server\src\main\java\io\crate\types\LongType.java,133,20,26,179,11.1731843575419
.\server\src\main\java\io\crate\types\MapComparator.java,48,20,5,73,27.397260273972602
.\server\src\main\java\io\crate\types\NotSupportedType.java,48,20,15,83,24.096385542168676
.\server\src\main\java\io\crate\types\NumericEqQuery.java,228,20,29,277,7.2202166064981945
.\server\src\main\java\io\crate\types\NumericStorage.java,168,35,29,232,15.086206896551724
.\server\src\main\java\io\crate\types\NumericType.java,320,31,45,396,7.828282828282828
.\server\src\main\java\io\crate\types\ObjectType.java,520,46,69,635,7.244094488188976
.\server\src\main\java\io\crate\types\OidVectorType.java,45,20,14,79,25.31645569620253
.\server\src\main\java\io\crate\types\ParameterTypeSignature.java,41,23,14,78,29.487179487179485
.\server\src\main\java\io\crate\types\Regclass.java,67,23,19,109,21.10091743119266
.\server\src\main\java\io\crate\types\RegclassType.java,102,25,20,147,17.006802721088434
.\server\src\main\java\io\crate\types\Regproc.java,60,29,15,104,27.884615384615383
.\server\src\main\java\io\crate\types\RegprocType.java,79,20,17,116,17.24137931034483
.\server\src\main\java\io\crate\types\Regtype.java,60,20,16,96,20.833333333333332
.\server\src\main\java\io\crate\types\RegtypeType.java,82,20,20,122,16.39344262295082
.\server\src\main\java\io\crate\types\ResultSetParser.java,138,28,9,175,16.0
.\server\src\main\java\io\crate\types\RowType.java,156,24,28,208,11.538461538461538
.\server\src\main\java\io\crate\types\ShortType.java,129,21,27,177,11.864406779661017
.\server\src\main\java\io\crate\types\StorageSupport.java,61,38,22,121,31.40495867768595
.\server\src\main\java\io\crate\types\StringType.java,372,29,52,453,6.401766004415011
.\server\src\main\java\io\crate\types\TimestampType.java,217,22,38,277,7.9422382671480145
.\server\src\main\java\io\crate\types\TimeTZ.java,41,20,11,72,27.77777777777778
.\server\src\main\java\io\crate\types\TimeTZParser.java,102,67,12,181,37.01657458563536
.\server\src\main\java\io\crate\types\TimeTZType.java,97,20,21,138,14.492753623188406
.\server\src\main\java\io\crate\types\TypeCompatibility.java,42,21,5,68,30.88235294117647
.\server\src\main\java\io\crate\types\TypeSignature.java,218,47,35,300,15.666666666666666
.\server\src\main\java\io\crate\types\TypeSignatureParsingException.java,23,20,11,54,37.03703703703704
.\server\src\main\java\io\crate\types\TypeSignaturesASTVisitor.java,82,20,19,121,16.52892561983471
.\server\src\main\java\io\crate\types\TypeSignatureType.java,18,20,9,47,42.5531914893617
.\server\src\main\java\io\crate\types\UncheckedObjectType.java,81,26,19,126,20.634920634920636
.\server\src\main\java\io\crate\types\UndefinedType.java,111,20,26,157,12.738853503184714
.\server\src\main\java\io\crate\types\UUIDType.java,245,22,47,314,7.006369426751593
.\server\src\main\java\io\crate\udc\ping\PingTask.java,121,22,23,166,13.25301204819277
.\server\src\main\java\io\crate\udc\service\UDCService.java,70,21,17,108,19.444444444444443
.\server\src\main\java\org\elasticsearch\action\ActionListener.java,140,71,23,234,30.34188034188034
.\server\src\main\java\org\elasticsearch\action\ActionListenerResponseHandler.java,49,22,12,83,26.50602409638554
.\server\src\main\java\org\elasticsearch\action\ActionModule.java,209,32,18,259,12.355212355212355
.\server\src\main\java\org\elasticsearch\action\ActionRunnable.java,35,46,11,92,50.0
.\server\src\main\java\org\elasticsearch\action\ActionType.java,27,30,10,67,44.776119402985074
.\server\src\main\java\org\elasticsearch\action\admin\cluster\configuration\AddVotingConfigExclusionsRequest.java,157,49,27,233,21.030042918454935
.\server\src\main\java\org\elasticsearch\action\admin\cluster\configuration\AddVotingConfigExclusionsResponse.java,14,22,7,43,51.16279069767442
.\server\src\main\java\org\elasticsearch\action\admin\cluster\configuration\ClearVotingConfigExclusionsRequest.java,42,41,12,95,43.1578947368421
.\server\src\main\java\org\elasticsearch\action\admin\cluster\configuration\ClearVotingConfigExclusionsResponse.java,14,22,6,42,52.38095238095238
.\server\src\main\java\org\elasticsearch\action\admin\cluster\configuration\TransportAddVotingConfigExclusions.java,121,18,29,168,10.714285714285714
.\server\src\main\java\org\elasticsearch\action\admin\cluster\configuration\TransportClearVotingConfigExclusions.java,123,19,23,165,11.515151515151516
.\server\src\main\java\org\elasticsearch\action\admin\cluster\health\ClusterHealthRequest.java,141,48,27,216,22.22222222222222
.\server\src\main\java\org\elasticsearch\action\admin\cluster\health\ClusterHealthResponse.java,133,38,30,201,18.90547263681592
.\server\src\main\java\org\elasticsearch\action\admin\cluster\health\TransportClusterHealth.java,299,27,38,364,7.417582417582418
.\server\src\main\java\org\elasticsearch\action\admin\cluster\node\stats\NodesStatsRequest.java,18,18,7,43,41.86046511627907
.\server\src\main\java\org\elasticsearch\action\admin\cluster\node\stats\NodesStatsResponse.java,16,18,7,41,43.90243902439025
.\server\src\main\java\org\elasticsearch\action\admin\cluster\node\stats\NodeStats.java,38,18,13,69,26.08695652173913
.\server\src\main\java\org\elasticsearch\action\admin\cluster\node\stats\TransportNodesStats.java,71,18,18,107,16.822429906542055
.\server\src\main\java\org\elasticsearch\action\admin\cluster\repositories\delete\DeleteRepositoryRequest.java,29,38,12,79,48.10126582278481
.\server\src\main\java\org\elasticsearch\action\admin\cluster\repositories\delete\TransportDeleteRepository.java,53,21,13,87,24.137931034482758
.\server\src\main\java\org\elasticsearch\action\admin\cluster\repositories\put\AlterRepositoryRequest.java,50,34,16,100,34.0
.\server\src\main\java\org\elasticsearch\action\admin\cluster\repositories\put\PutRepositoryRequest.java,47,24,12,83,28.91566265060241
.\server\src\main\java\org\elasticsearch\action\admin\cluster\repositories\put\TransportAlterRepository.java,51,21,14,86,24.41860465116279
.\server\src\main\java\org\elasticsearch\action\admin\cluster\repositories\put\TransportPutRepository.java,53,21,14,88,23.863636363636363
.\server\src\main\java\org\elasticsearch\action\admin\cluster\reroute\ClusterRerouteAction.java,9,18,5,32,56.25
.\server\src\main\java\org\elasticsearch\action\admin\cluster\reroute\ClusterRerouteRequest.java,80,56,19,155,36.12903225806452
.\server\src\main\java\org\elasticsearch\action\admin\cluster\reroute\ClusterRerouteResponse.java,33,24,10,67,35.82089552238806
.\server\src\main\java\org\elasticsearch\action\admin\cluster\reroute\TransportClusterRerouteAction.java,96,19,18,133,14.285714285714286
.\server\src\main\java\org\elasticsearch\action\admin\cluster\settings\ClusterUpdateSettingsAction.java,9,18,5,32,56.25
.\server\src\main\java\org\elasticsearch\action\admin\cluster\settings\ClusterUpdateSettingsRequest.java,83,45,19,147,30.612244897959183
.\server\src\main\java\org\elasticsearch\action\admin\cluster\settings\ClusterUpdateSettingsResponse.java,46,21,12,79,26.582278481012658
.\server\src\main\java\org\elasticsearch\action\admin\cluster\settings\SettingsUpdater.java,104,50,21,175,28.571428571428573
.\server\src\main\java\org\elasticsearch\action\admin\cluster\settings\TransportClusterUpdateSettingsAction.java,147,33,25,205,16.097560975609756
.\server\src\main\java\org\elasticsearch\action\admin\cluster\snapshots\create\CreateSnapshotRequest.java,213,135,40,388,34.79381443298969
.\server\src\main\java\org\elasticsearch\action\admin\cluster\snapshots\create\CreateSnapshotResponse.java,44,26,13,83,31.325301204819276
.\server\src\main\java\org\elasticsearch\action\admin\cluster\snapshots\create\TransportCreateSnapshot.java,66,24,13,103,23.300970873786408
.\server\src\main\java\org\elasticsearch\action\admin\cluster\snapshots\delete\DeleteSnapshotRequest.java,53,48,15,116,41.37931034482759
.\server\src\main\java\org\elasticsearch\action\admin\cluster\snapshots\delete\TransportDeleteSnapshot.java,50,22,13,85,25.88235294117647
.\server\src\main\java\org\elasticsearch\action\admin\cluster\snapshots\restore\RestoreClusterStateListener.java,48,25,10,83,30.120481927710845
.\server\src\main\java\org\elasticsearch\action\admin\cluster\snapshots\restore\RestoreSnapshotRequest.java,227,66,34,327,20.18348623853211
.\server\src\main\java\org\elasticsearch\action\admin\cluster\snapshots\restore\RestoreSnapshotResponse.java,40,26,12,78,33.333333333333336
.\server\src\main\java\org\elasticsearch\action\admin\cluster\snapshots\restore\TableOrPartition.java,17,20,7,44,45.45454545454545
.\server\src\main\java\org\elasticsearch\action\admin\cluster\snapshots\restore\TransportRestoreSnapshot.java,68,25,15,108,23.14814814814815
.\server\src\main\java\org\elasticsearch\action\admin\cluster\state\ClusterStateRequest.java,162,20,28,210,9.523809523809524
.\server\src\main\java\org\elasticsearch\action\admin\cluster\state\ClusterStateResponse.java,76,36,16,128,28.125
.\server\src\main\java\org\elasticsearch\action\admin\cluster\state\TransportClusterState.java,193,24,25,242,9.917355371900827
.\server\src\main\java\org\elasticsearch\action\admin\cluster\tasks\PendingClusterTasksAction.java,9,18,5,32,56.25
.\server\src\main\java\org\elasticsearch\action\admin\cluster\tasks\PendingClusterTasksRequest.java,11,18,6,35,51.42857142857143
.\server\src\main\java\org\elasticsearch\action\admin\cluster\tasks\PendingClusterTasksResponse.java,44,18,12,74,24.324324324324323
.\server\src\main\java\org\elasticsearch\action\admin\cluster\tasks\TransportPendingClusterTasksAction.java,45,19,10,74,25.675675675675677
.\server\src\main\java\org\elasticsearch\action\admin\indices\alias\Alias.java,71,27,18,116,23.275862068965516
.\server\src\main\java\org\elasticsearch\action\admin\indices\alias\AliasesNotFoundException.java,14,20,6,40,50.0
.\server\src\main\java\org\elasticsearch\action\admin\indices\close\TransportVerifyShardBeforeCloseAction.java,140,29,24,193,15.025906735751295
.\server\src\main\java\org\elasticsearch\action\admin\indices\create\CreatePartitionsRequest.java,110,31,15,156,19.871794871794872
.\server\src\main\java\org\elasticsearch\action\admin\indices\create\package-info.java,1,21,1,23,91.30434782608695
.\server\src\main\java\org\elasticsearch\action\admin\indices\create\TransportCreatePartitions.java,285,48,42,375,12.8
.\server\src\main\java\org\elasticsearch\action\admin\indices\delete\DeleteIndexRequest.java,23,22,9,54,40.74074074074074
.\server\src\main\java\org\elasticsearch\action\admin\indices\delete\package-info.java,1,21,1,23,91.30434782608695
.\server\src\main\java\org\elasticsearch\action\admin\indices\delete\TransportDeleteIndex.java,75,22,14,111,19.81981981981982
.\server\src\main\java\org\elasticsearch\action\admin\indices\forcemerge\ForceMergeAction.java,9,18,5,32,56.25
.\server\src\main\java\org\elasticsearch\action\admin\indices\forcemerge\ForceMergeRequest.java,81,61,21,163,37.423312883435585
.\server\src\main\java\org\elasticsearch\action\admin\indices\forcemerge\ForceMergeResponse.java,14,21,6,41,51.21951219512195
.\server\src\main\java\org\elasticsearch\action\admin\indices\forcemerge\package-info.java,1,21,1,23,91.30434782608695
.\server\src\main\java\org\elasticsearch\action\admin\indices\forcemerge\TransportForceMergeAction.java,75,24,13,112,21.428571428571427
.\server\src\main\java\org\elasticsearch\action\admin\indices\mapping\package-info.java,1,21,1,23,91.30434782608695
.\server\src\main\java\org\elasticsearch\action\admin\indices\mapping\put\package-info.java,1,21,1,23,91.30434782608695
.\server\src\main\java\org\elasticsearch\action\admin\indices\package-info.java,1,21,1,23,91.30434782608695
.\server\src\main\java\org\elasticsearch\action\admin\indices\refresh\package-info.java,1,21,1,23,91.30434782608695
.\server\src\main\java\org\elasticsearch\action\admin\indices\refresh\RefreshRequest.java,14,26,7,47,55.319148936170215
.\server\src\main\java\org\elasticsearch\action\admin\indices\refresh\RefreshResponse.java,14,21,6,41,51.21951219512195
.\server\src\main\java\org\elasticsearch\action\admin\indices\refresh\TransportRefresh.java,49,21,11,81,25.925925925925927
.\server\src\main\java\org\elasticsearch\action\admin\indices\refresh\TransportShardRefreshAction.java,53,18,10,81,22.22222222222222
.\server\src\main\java\org\elasticsearch\action\admin\indices\retention\package-info.java,1,27,2,30,90.0
.\server\src\main\java\org\elasticsearch\action\admin\indices\retention\SyncRetentionLeasesAction.java,12,20,6,38,52.63157894736842
.\server\src\main\java\org\elasticsearch\action\admin\indices\retention\SyncRetentionLeasesRequest.java,14,20,7,41,48.78048780487805
.\server\src\main\java\org\elasticsearch\action\admin\indices\retention\TransportSyncRetentionLeasesAction.java,95,21,13,129,16.27906976744186
.\server\src\main\java\org\elasticsearch\action\admin\indices\settings\put\TransportUpdateSettings.java,80,21,16,117,17.94871794871795
.\server\src\main\java\org\elasticsearch\action\admin\indices\settings\put\UpdateSettingsRequest.java,70,24,15,109,22.01834862385321
.\server\src\main\java\org\elasticsearch\action\admin\indices\shrink\ResizeRequest.java,76,23,15,114,20.17543859649123
.\server\src\main\java\org\elasticsearch\action\admin\indices\shrink\ResizeResponse.java,24,23,7,54,42.592592592592595
.\server\src\main\java\org\elasticsearch\action\admin\indices\shrink\ResizeType.java,5,21,2,28,75.0
.\server\src\main\java\org\elasticsearch\action\admin\indices\shrink\TransportResize.java,126,21,19,166,12.650602409638553
.\server\src\main\java\org\elasticsearch\action\admin\indices\stats\CommonStats.java,87,19,15,121,15.702479338842975
.\server\src\main\java\org\elasticsearch\action\admin\indices\stats\CommonStatsFlags.java,135,35,31,201,17.412935323383085
.\server\src\main\java\org\elasticsearch\action\admin\indices\stats\IndexShardStats.java,27,18,8,53,33.9622641509434
.\server\src\main\java\org\elasticsearch\action\admin\indices\stats\IndexStats.java,40,18,9,67,26.865671641791046
.\server\src\main\java\org\elasticsearch\action\admin\indices\stats\IndicesStatsRequest.java,67,29,19,115,25.217391304347824
.\server\src\main\java\org\elasticsearch\action\admin\indices\stats\IndicesStatsResponse.java,62,18,14,94,19.148936170212767
.\server\src\main\java\org\elasticsearch\action\admin\indices\stats\ShardStats.java,64,22,11,97,22.68041237113402
.\server\src\main\java\org\elasticsearch\action\admin\indices\stats\TransportIndicesStats.java,101,22,16,139,15.827338129496402
.\server\src\main\java\org\elasticsearch\action\admin\package-info.java,1,21,1,23,91.30434782608695
.\server\src\main\java\org\elasticsearch\action\bulk\BackoffPolicy.java,65,54,16,135,40.0
.\server\src\main\java\org\elasticsearch\action\bulk\BulkRequestExecutor.java,8,20,4,32,62.5
.\server\src\main\java\org\elasticsearch\action\FailedNodeException.java,24,18,9,51,35.294117647058826
.\server\src\main\java\org\elasticsearch\action\NoShardAvailableActionException.java,25,18,10,53,33.9622641509434
.\server\src\main\java\org\elasticsearch\action\NoSuchNodeException.java,11,18,6,35,51.42857142857143
.\server\src\main\java\org\elasticsearch\action\NotifyOnceListener.java,19,23,8,50,46.0
.\server\src\main\java\org\elasticsearch\action\package-info.java,1,21,1,23,91.30434782608695
.\server\src\main\java\org\elasticsearch\action\PrimaryMissingActionException.java,12,18,6,36,50.0
.\server\src\main\java\org\elasticsearch\action\resync\ResyncReplicationRequest.java,65,21,15,101,20.792079207920793
.\server\src\main\java\org\elasticsearch\action\resync\TransportResyncReplicationAction.java,138,31,19,188,16.48936170212766
.\server\src\main\java\org\elasticsearch\action\ShardOperationFailedException.java,31,34,12,77,44.15584415584416
.\server\src\main\java\org\elasticsearch\action\StepListener.java,29,49,11,89,55.056179775280896
.\server\src\main\java\org\elasticsearch\action\support\ActiveShardCount.java,141,59,25,225,26.22222222222222
.\server\src\main\java\org\elasticsearch\action\support\ActiveShardsObserver.java,88,37,18,143,25.874125874125873
.\server\src\main\java\org\elasticsearch\action\support\broadcast\BroadcastRequest.java,68,18,14,100,18.0
.\server\src\main\java\org\elasticsearch\action\support\broadcast\BroadcastResponse.java,62,33,14,109,30.275229357798164
.\server\src\main\java\org\elasticsearch\action\support\broadcast\BroadcastShardOperationFailedException.java,15,23,6,44,52.27272727272727
.\server\src\main\java\org\elasticsearch\action\support\broadcast\node\TransportBroadcastByNodeAction.java,410,99,70,579,17.098445595854923
.\server\src\main\java\org\elasticsearch\action\support\ChannelActionListener.java,30,18,7,55,32.72727272727273
.\server\src\main\java\org\elasticsearch\action\support\DefaultShardOperationFailedException.java,33,18,9,60,30.0
.\server\src\main\java\org\elasticsearch\action\support\HandledTransportAction.java,39,21,7,67,31.34328358208955
.\server\src\main\java\org\elasticsearch\action\support\IndicesOptions.java,122,55,29,206,26.699029126213592
.\server\src\main\java\org\elasticsearch\action\support\master\AcknowledgedRequest.java,40,36,14,90,40.0
.\server\src\main\java\org\elasticsearch\action\support\master\AcknowledgedResponse.java,37,25,11,73,34.24657534246575
.\server\src\main\java\org\elasticsearch\action\support\master\MasterNodeReadRequest.java,26,26,10,62,41.935483870967744
.\server\src\main\java\org\elasticsearch\action\support\master\MasterNodeRequest.java,29,24,12,65,36.92307692307692
.\server\src\main\java\org\elasticsearch\action\support\master\ShardsAcknowledgedResponse.java,37,23,11,71,32.394366197183096
.\server\src\main\java\org\elasticsearch\action\support\master\TransportMasterNodeAction.java,204,29,30,263,11.02661596958175
.\server\src\main\java\org\elasticsearch\action\support\master\TransportMasterNodeReadAction.java,29,22,7,58,37.93103448275862
.\server\src\main\java\org\elasticsearch\action\support\nodes\BaseNodeResponse.java,23,24,9,56,42.857142857142854
.\server\src\main\java\org\elasticsearch\action\support\nodes\BaseNodesRequest.java,36,18,13,67,26.865671641791046
.\server\src\main\java\org\elasticsearch\action\support\nodes\BaseNodesResponse.java,34,37,12,83,44.57831325301205
.\server\src\main\java\org\elasticsearch\action\support\nodes\TransportNodesAction.java,158,37,32,227,16.29955947136564
.\server\src\main\java\org\elasticsearch\action\support\PlainFuture.java,152,156,41,349,44.69914040114613
.\server\src\main\java\org\elasticsearch\action\support\replication\BasicReplicationRequest.java,16,27,7,50,54.0
.\server\src\main\java\org\elasticsearch\action\support\replication\PendingReplicationActions.java,83,20,16,119,16.80672268907563
.\server\src\main\java\org\elasticsearch\action\support\replication\ReplicationOperation.java,328,172,60,560,30.714285714285715
.\server\src\main\java\org\elasticsearch\action\support\replication\ReplicationRequest.java,79,57,22,158,36.075949367088604
.\server\src\main\java\org\elasticsearch\action\support\replication\ReplicationResponse.java,125,42,30,197,21.31979695431472
.\server\src\main\java\org\elasticsearch\action\support\replication\TransportBroadcastReplicationAction.java,112,27,14,153,17.647058823529413
.\server\src\main\java\org\elasticsearch\action\support\replication\TransportReplicationAction.java,881,115,139,1135,10.13215859030837
.\server\src\main\java\org\elasticsearch\action\support\replication\TransportWriteAction.java,179,59,24,262,22.519083969465647
.\server\src\main\java\org\elasticsearch\action\support\RetryableAction.java,124,25,28,177,14.124293785310735
.\server\src\main\java\org\elasticsearch\action\support\single\shard\SingleShardRequest.java,43,18,10,71,25.35211267605634
.\server\src\main\java\org\elasticsearch\action\support\single\shard\TransportSingleShardAction.java,226,38,42,306,12.418300653594772
.\server\src\main\java\org\elasticsearch\action\support\ThreadedActionListener.java,55,21,10,86,24.41860465116279
.\server\src\main\java\org\elasticsearch\action\support\TransportAction.java,22,18,9,49,36.734693877551024
.\server\src\main\java\org\elasticsearch\action\support\WriteResponse.java,3,21,3,27,77.77777777777777
.\server\src\main\java\org\elasticsearch\action\UnavailableShardsException.java,67,18,15,100,18.0
.\server\src\main\java\org\elasticsearch\Assertions.java,11,29,7,47,61.702127659574465
.\server\src\main\java\org\elasticsearch\bootstrap\BootstrapCheck.java,34,29,17,80,36.25
.\server\src\main\java\org\elasticsearch\bootstrap\BootstrapChecks.java,420,83,77,580,14.310344827586206
.\server\src\main\java\org\elasticsearch\bootstrap\BootstrapSettings.java,9,18,5,32,56.25
.\server\src\main\java\org\elasticsearch\bootstrap\ConsoleCtrlHandler.java,5,24,4,33,72.72727272727273
.\server\src\main\java\org\elasticsearch\bootstrap\ElasticsearchUncaughtExceptionHandler.java,46,21,10,77,27.272727272727273
.\server\src\main\java\org\elasticsearch\bootstrap\JarHell.java,179,88,15,282,31.20567375886525
.\server\src\main\java\org\elasticsearch\bootstrap\StartupException.java,69,45,17,131,34.35114503816794
.\server\src\main\java\org\elasticsearch\Build.java,55,19,16,90,21.11111111111111
.\server\src\main\java\org\elasticsearch\client\Client.java,45,26,13,84,30.952380952380953
.\server\src\main\java\org\elasticsearch\client\node\NodeClient.java,33,22,9,64,34.375
.\server\src\main\java\org\elasticsearch\client\package-info.java,1,21,1,23,91.30434782608695
.\server\src\main\java\org\elasticsearch\client\transport\NoNodeAvailableException.java,17,21,8,46,45.65217391304348
.\server\src\main\java\org\elasticsearch\cluster\AbstractNamedDiffable.java,79,35,19,133,26.31578947368421
.\server\src\main\java\org\elasticsearch\cluster\ack\AckedRequest.java,6,27,5,38,71.05263157894737
.\server\src\main\java\org\elasticsearch\cluster\ack\ClusterStateUpdateRequest.java,24,35,8,67,52.23880597014925
.\server\src\main\java\org\elasticsearch\cluster\ack\ClusterStateUpdateResponse.java,10,24,5,39,61.53846153846154
.\server\src\main\java\org\elasticsearch\cluster\AckedClusterStateTaskListener.java,10,41,8,59,69.49152542372882
.\server\src\main\java\org\elasticsearch\cluster\AckedClusterStateUpdateTask.java,55,41,19,115,35.65217391304348
.\server\src\main\java\org\elasticsearch\cluster\action\shard\ShardStateAction.java,535,68,65,668,10.179640718562874
.\server\src\main\java\org\elasticsearch\cluster\block\ClusterBlock.java,138,25,22,185,13.513513513513514
.\server\src\main\java\org\elasticsearch\cluster\block\ClusterBlockException.java,58,18,13,89,20.224719101123597
.\server\src\main\java\org\elasticsearch\cluster\block\ClusterBlockLevel.java,10,18,5,33,54.54545454545455
.\server\src\main\java\org\elasticsearch\cluster\block\ClusterBlocks.java,368,35,60,463,7.559395248380129
.\server\src\main\java\org\elasticsearch\cluster\ClusterChangedEvent.java,96,88,24,208,42.30769230769231
.\server\src\main\java\org\elasticsearch\cluster\ClusterInfo.java,154,64,30,248,25.806451612903224
.\server\src\main\java\org\elasticsearch\cluster\ClusterInfoService.java,9,27,5,41,65.85365853658537
.\server\src\main\java\org\elasticsearch\cluster\ClusterModule.java,242,34,28,304,11.18421052631579
.\server\src\main\java\org\elasticsearch\cluster\ClusterName.java,67,18,20,105,17.142857142857142
.\server\src\main\java\org\elasticsearch\cluster\ClusterState.java,452,60,90,602,9.966777408637874
.\server\src\main\java\org\elasticsearch\cluster\ClusterStateApplier.java,5,29,4,38,76.3157894736842
.\server\src\main\java\org\elasticsearch\cluster\ClusterStateListener.java,4,26,3,33,78.78787878787878
.\server\src\main\java\org\elasticsearch\cluster\ClusterStateObserver.java,183,55,34,272,20.220588235294116
.\server\src\main\java\org\elasticsearch\cluster\ClusterStateTaskConfig.java,31,52,10,93,55.913978494623656
.\server\src\main\java\org\elasticsearch\cluster\ClusterStateTaskExecutor.java,81,50,25,156,32.05128205128205
.\server\src\main\java\org\elasticsearch\cluster\ClusterStateTaskListener.java,11,29,7,47,61.702127659574465
.\server\src\main\java\org\elasticsearch\cluster\ClusterStateUpdateTask.java,40,38,15,93,40.86021505376344
.\server\src\main\java\org\elasticsearch\cluster\CompleteDiff.java,29,20,8,57,35.08771929824562
.\server\src\main\java\org\elasticsearch\cluster\coordination\ApplyCommitRequest.java,25,23,8,56,41.07142857142857
.\server\src\main\java\org\elasticsearch\cluster\coordination\ClusterBootstrapService.java,197,18,35,250,7.2
.\server\src\main\java\org\elasticsearch\cluster\coordination\ClusterFormationFailureHelper.java,182,18,37,237,7.594936708860759
.\server\src\main\java\org\elasticsearch\cluster\coordination\ClusterStatePublisher.java,13,40,6,59,67.79661016949153
.\server\src\main\java\org\elasticsearch\cluster\coordination\CoordinationMetadata.java,269,21,68,358,5.865921787709497
.\server\src\main\java\org\elasticsearch\cluster\coordination\CoordinationState.java,382,110,82,574,19.16376306620209
.\server\src\main\java\org\elasticsearch\cluster\coordination\CoordinationStateRejectedException.java,12,25,5,42,59.523809523809526
.\server\src\main\java\org\elasticsearch\cluster\coordination\Coordinator.java,1218,104,181,1503,6.919494344644045
.\server\src\main\java\org\elasticsearch\cluster\coordination\DetachClusterCommand.java,55,20,15,90,22.22222222222222
.\server\src\main\java\org\elasticsearch\cluster\coordination\ElasticsearchNodeCommand.java,133,31,24,188,16.48936170212766
.\server\src\main\java\org\elasticsearch\cluster\coordination\ElectionSchedulerFactory.java,120,52,28,200,26.0
.\server\src\main\java\org\elasticsearch\cluster\coordination\ElectionStrategy.java,31,36,8,75,48.0
.\server\src\main\java\org\elasticsearch\cluster\coordination\FailedToCommitClusterStateException.java,15,21,7,43,48.83720930232558
.\server\src\main\java\org\elasticsearch\cluster\coordination\FollowersChecker.java,349,47,67,463,10.151187904967603
.\server\src\main\java\org\elasticsearch\cluster\coordination\InMemoryPersistedState.java,30,18,10,58,31.03448275862069
.\server\src\main\java\org\elasticsearch\cluster\coordination\Join.java,86,27,19,132,20.454545454545453
.\server\src\main\java\org\elasticsearch\cluster\coordination\JoinHelper.java,379,25,65,469,5.330490405117271
.\server\src\main\java\org\elasticsearch\cluster\coordination\JoinRequest.java,72,35,19,126,27.77777777777778
.\server\src\main\java\org\elasticsearch\cluster\coordination\JoinTaskExecutor.java,233,54,39,326,16.56441717791411
.\server\src\main\java\org\elasticsearch\cluster\coordination\LagDetector.java,120,26,27,173,15.028901734104046
.\server\src\main\java\org\elasticsearch\cluster\coordination\LeaderChecker.java,278,41,54,373,10.99195710455764
.\server\src\main\java\org\elasticsearch\cluster\coordination\NodeHealthCheckFailureException.java,12,22,7,41,53.65853658536585
.\server\src\main\java\org\elasticsearch\cluster\coordination\NodeRemovalClusterStateTaskExecutor.java,73,22,21,116,18.96551724137931
.\server\src\main\java\org\elasticsearch\cluster\coordination\NodeToolCli.java,23,25,6,54,46.2962962962963
.\server\src\main\java\org\elasticsearch\cluster\coordination\NoMasterBlockService.java,46,18,11,75,24.0
.\server\src\main\java\org\elasticsearch\cluster\coordination\PeersResponse.java,62,29,13,104,27.884615384615383
.\server\src\main\java\org\elasticsearch\cluster\coordination\PreVoteCollector.java,172,37,42,251,14.741035856573705
.\server\src\main\java\org\elasticsearch\cluster\coordination\PreVoteRequest.java,51,18,13,82,21.951219512195124
.\server\src\main\java\org\elasticsearch\cluster\coordination\PreVoteResponse.java,59,18,13,90,20.0
.\server\src\main\java\org\elasticsearch\cluster\coordination\Publication.java,318,21,62,401,5.236907730673317
.\server\src\main\java\org\elasticsearch\cluster\coordination\PublicationTransportHandler.java,346,42,40,428,9.813084112149532
.\server\src\main\java\org\elasticsearch\cluster\coordination\PublishRequest.java,30,22,12,64,34.375
.\server\src\main\java\org\elasticsearch\cluster\coordination\PublishResponse.java,50,22,16,88,25.0
.\server\src\main\java\org\elasticsearch\cluster\coordination\PublishWithJoinResponse.java,50,22,14,86,25.58139534883721
.\server\src\main\java\org\elasticsearch\cluster\coordination\Reconfigurator.java,104,57,21,182,31.318681318681318
.\server\src\main\java\org\elasticsearch\cluster\coordination\RemoveCustomsCommand.java,70,18,14,102,17.647058823529413
.\server\src\main\java\org\elasticsearch\cluster\coordination\RemoveSettingsCommand.java,74,18,13,105,17.142857142857142
.\server\src\main\java\org\elasticsearch\cluster\coordination\StartJoinRequest.java,51,22,16,89,24.719101123595507
.\server\src\main\java\org\elasticsearch\cluster\coordination\TermVersionRequest.java,65,18,16,99,18.181818181818183
.\server\src\main\java\org\elasticsearch\cluster\coordination\UnsafeBootstrapMasterCommand.java,96,18,24,138,13.043478260869565
.\server\src\main\java\org\elasticsearch\cluster\coordination\ValidateJoinRequest.java,24,18,9,51,35.294117647058826
.\server\src\main\java\org\elasticsearch\cluster\Diff.java,5,24,4,33,72.72727272727273
.\server\src\main\java\org\elasticsearch\cluster\Diffable.java,11,24,5,40,60.0
.\server\src\main\java\org\elasticsearch\cluster\Diffs.java,379,150,84,613,24.469820554649267
.\server\src\main\java\org\elasticsearch\cluster\DiskUsage.java,46,22,11,79,27.848101265822784
.\server\src\main\java\org\elasticsearch\cluster\EmptyClusterInfoService.java,14,22,6,42,52.38095238095238
.\server\src\main\java\org\elasticsearch\cluster\health\ClusterIndexHealth.java,163,20,28,211,9.47867298578199
.\server\src\main\java\org\elasticsearch\cluster\health\ClusterShardHealth.java,194,33,24,251,13.147410358565738
.\server\src\main\java\org\elasticsearch\cluster\health\ClusterStateHealth.java,198,27,30,255,10.588235294117647
.\server\src\main\java\org\elasticsearch\cluster\health\Health.java,42,23,11,76,30.263157894736842
.\server\src\main\java\org\elasticsearch\cluster\IncompatibleClusterStateVersionException.java,15,21,6,42,50.0
.\server\src\main\java\org\elasticsearch\cluster\InternalClusterInfoService.java,339,48,47,434,11.059907834101383
.\server\src\main\java\org\elasticsearch\cluster\LocalClusterUpdateTask.java,42,24,14,80,30.0
.\server\src\main\java\org\elasticsearch\cluster\LocalNodeMasterListener.java,15,28,6,49,57.142857142857146
.\server\src\main\java\org\elasticsearch\cluster\MasterNodeChangePredicate.java,24,22,7,53,41.509433962264154
.\server\src\main\java\org\elasticsearch\cluster\metadata\AliasMetadata.java,99,19,24,142,13.380281690140846
.\server\src\main\java\org\elasticsearch\cluster\metadata\AliasOrIndex.java,76,42,27,145,28.96551724137931
.\server\src\main\java\org\elasticsearch\cluster\metadata\AliasValidator.java,27,34,9,70,48.57142857142857
.\server\src\main\java\org\elasticsearch\cluster\metadata\AutoExpandReplicas.java,116,30,21,167,17.964071856287426
.\server\src\main\java\org\elasticsearch\cluster\metadata\ColumnPositionResolver.java,56,23,10,89,25.84269662921348
.\server\src\main\java\org\elasticsearch\cluster\metadata\DiffableStringMap.java,96,25,23,144,17.36111111111111
.\server\src\main\java\org\elasticsearch\cluster\metadata\IndexGraveyard.java,290,91,63,444,20.495495495495497
.\server\src\main\java\org\elasticsearch\cluster\metadata\IndexMetadata.java,1127,155,169,1451,10.682288077188145
.\server\src\main\java\org\elasticsearch\cluster\metadata\IndexNameExpressionResolver.java,137,42,18,197,21.31979695431472
.\server\src\main\java\org\elasticsearch\cluster\metadata\IndexTemplateMetadata.java,294,45,54,393,11.450381679389313
.\server\src\main\java\org\elasticsearch\cluster\metadata\Manifest.java,169,35,42,246,14.227642276422765
.\server\src\main\java\org\elasticsearch\cluster\metadata\MappingMetadata.java,67,27,18,112,24.107142857142858
.\server\src\main\java\org\elasticsearch\cluster\metadata\Metadata.java,1532,186,195,1913,9.722948248823837
.\server\src\main\java\org\elasticsearch\cluster\metadata\MetadataCreateIndexService.java,599,57,55,711,8.016877637130802
.\server\src\main\java\org\elasticsearch\cluster\metadata\MetadataDeleteIndexService.java,113,30,19,162,18.51851851851852
.\server\src\main\java\org\elasticsearch\cluster\metadata\MetadataUpdateSettingsService.java,191,40,28,259,15.444015444015443
.\server\src\main\java\org\elasticsearch\cluster\metadata\MetadataUpgradeService.java,266,67,33,366,18.306010928961747
.\server\src\main\java\org\elasticsearch\cluster\metadata\ProcessClusterEventTimeoutException.java,18,18,8,44,40.90909090909091
.\server\src\main\java\org\elasticsearch\cluster\metadata\RepositoriesMetadata.java,150,59,23,232,25.43103448275862
.\server\src\main\java\org\elasticsearch\cluster\metadata\RepositoryMetadata.java,91,76,24,191,39.79057591623037
.\server\src\main\java\org\elasticsearch\cluster\metadata\SchemaMetadata.java,149,23,27,199,11.557788944723619
.\server\src\main\java\org\elasticsearch\cluster\NamedDiff.java,8,24,4,36,66.66666666666667
.\server\src\main\java\org\elasticsearch\cluster\NamedDiffable.java,4,21,3,28,75.0
.\server\src\main\java\org\elasticsearch\cluster\NamedDiffableValueSerializer.java,27,21,10,58,36.206896551724135
.\server\src\main\java\org\elasticsearch\cluster\node\DiscoveryNode.java,216,134,42,392,34.183673469387756
.\server\src\main\java\org\elasticsearch\cluster\node\DiscoveryNodeFilters.java,199,33,19,251,13.147410358565738
.\server\src\main\java\org\elasticsearch\cluster\node\DiscoveryNodeRole.java,90,56,28,174,32.18390804597701
.\server\src\main\java\org\elasticsearch\cluster\node\DiscoveryNodes.java,489,161,70,720,22.36111111111111
.\server\src\main\java\org\elasticsearch\cluster\NodeConnectionsService.java,347,95,62,504,18.849206349206348
.\server\src\main\java\org\elasticsearch\cluster\NotMasterException.java,16,23,8,47,48.93617021276596
.\server\src\main\java\org\elasticsearch\cluster\RestoreInProgress.java,256,156,55,467,33.40471092077088
.\server\src\main\java\org\elasticsearch\cluster\routing\allocation\AbstractAllocationDecision.java,82,46,18,146,31.506849315068493
.\server\src\main\java\org\elasticsearch\cluster\routing\allocation\AllocateUnassignedDecision.java,192,68,27,287,23.693379790940767
.\server\src\main\java\org\elasticsearch\cluster\routing\allocation\AllocationDecision.java,85,58,13,156,37.17948717948718
.\server\src\main\java\org\elasticsearch\cluster\routing\allocation\AllocationService.java,465,112,71,648,17.28395061728395
.\server\src\main\java\org\elasticsearch\cluster\routing\allocation\allocator\BalancedShardsAllocator.java,802,290,106,1198,24.207011686143574
.\server\src\main\java\org\elasticsearch\cluster\routing\allocation\allocator\ShardsAllocator.java,10,46,5,61,75.40983606557377
.\server\src\main\java\org\elasticsearch\cluster\routing\allocation\command\AbstractAllocateAllocationCommand.java,141,71,28,240,29.583333333333332
.\server\src\main\java\org\elasticsearch\cluster\routing\allocation\command\AllocateEmptyPrimaryAllocationCommand.java,99,32,20,151,21.192052980132452
.\server\src\main\java\org\elasticsearch\cluster\routing\allocation\command\AllocateReplicaAllocationCommand.java,100,32,19,151,21.192052980132452
.\server\src\main\java\org\elasticsearch\cluster\routing\allocation\command\AllocateStalePrimaryAllocationCommand.java,91,33,20,144,22.916666666666668
.\server\src\main\java\org\elasticsearch\cluster\routing\allocation\command\AllocationCommand.java,16,36,8,60,60.0
.\server\src\main\java\org\elasticsearch\cluster\routing\allocation\command\AllocationCommands.java,66,57,13,136,41.911764705882355
.\server\src\main\java\org\elasticsearch\cluster\routing\allocation\command\BasePrimaryAllocationCommand.java,54,29,16,99,29.292929292929294
.\server\src\main\java\org\elasticsearch\cluster\routing\allocation\command\CancelAllocationCommand.java,155,47,19,221,21.266968325791854
.\server\src\main\java\org\elasticsearch\cluster\routing\allocation\command\MoveAllocationCommand.java,169,30,24,223,13.452914798206278
.\server\src\main\java\org\elasticsearch\cluster\routing\allocation\decider\AllocationDecider.java,45,68,12,125,54.4
.\server\src\main\java\org\elasticsearch\cluster\routing\allocation\decider\AllocationDeciders.java,182,32,17,231,13.852813852813853
.\server\src\main\java\org\elasticsearch\cluster\routing\allocation\decider\AwarenessAllocationDecider.java,125,65,25,215,30.232558139534884
.\server\src\main\java\org\elasticsearch\cluster\routing\allocation\decider\ClusterRebalanceAllocationDecider.java,104,53,18,175,30.285714285714285
.\server\src\main\java\org\elasticsearch\cluster\routing\allocation\decider\ConcurrentRebalanceAllocationDecider.java,47,30,10,87,34.48275862068966
.\server\src\main\java\org\elasticsearch\cluster\routing\allocation\decider\Decision.java,221,78,48,347,22.478386167146976
.\server\src\main\java\org\elasticsearch\cluster\routing\allocation\decider\DiskThresholdDecider.java,408,103,49,560,18.392857142857142
.\server\src\main\java\org\elasticsearch\cluster\routing\allocation\decider\EnableAllocationDecider.java,216,57,33,306,18.627450980392158
.\server\src\main\java\org\elasticsearch\cluster\routing\allocation\decider\FilterAllocationDecider.java,147,48,26,221,21.71945701357466
.\server\src\main\java\org\elasticsearch\cluster\routing\allocation\decider\MaxRetryAllocationDecider.java,41,28,8,77,36.36363636363637
.\server\src\main\java\org\elasticsearch\cluster\routing\allocation\decider\NodeVersionAllocationDecider.java,67,34,8,109,31.192660550458715
.\server\src\main\java\org\elasticsearch\cluster\routing\allocation\decider\RebalanceOnlyWhenActiveAllocationDecider.java,13,21,5,39,53.84615384615385
.\server\src\main\java\org\elasticsearch\cluster\routing\allocation\decider\ReplicaAfterPrimaryActiveAllocationDecider.java,22,21,6,49,42.857142857142854
.\server\src\main\java\org\elasticsearch\cluster\routing\allocation\decider\ResizeAllocationDecider.java,52,23,9,84,27.38095238095238
.\server\src\main\java\org\elasticsearch\cluster\routing\allocation\decider\RestoreInProgressAllocationDecider.java,42,22,9,73,30.136986301369863
.\server\src\main\java\org\elasticsearch\cluster\routing\allocation\decider\SameShardAllocationDecider.java,84,40,11,135,29.62962962962963
.\server\src\main\java\org\elasticsearch\cluster\routing\allocation\decider\ShardsLimitAllocationDecider.java,77,48,17,142,33.80281690140845
.\server\src\main\java\org\elasticsearch\cluster\routing\allocation\decider\SnapshotInProgressAllocationDecider.java,41,33,11,85,38.8235294117647
.\server\src\main\java\org\elasticsearch\cluster\routing\allocation\decider\ThrottlingAllocationDecider.java,144,55,20,219,25.114155251141554
.\server\src\main\java\org\elasticsearch\cluster\routing\allocation\DiskThresholdMonitor.java,307,44,54,405,10.864197530864198
.\server\src\main\java\org\elasticsearch\cluster\routing\allocation\DiskThresholdSettings.java,295,64,54,413,15.49636803874092
.\server\src\main\java\org\elasticsearch\cluster\routing\allocation\ExistingShardsAllocator.java,30,77,18,125,61.6
.\server\src\main\java\org\elasticsearch\cluster\routing\allocation\FailedShard.java,36,33,10,79,41.77215189873418
.\server\src\main\java\org\elasticsearch\cluster\routing\allocation\IndexMetadataUpdater.java,224,77,32,333,23.123123123123122
.\server\src\main\java\org\elasticsearch\cluster\routing\allocation\MoveDecision.java,168,87,25,280,31.071428571428573
.\server\src\main\java\org\elasticsearch\cluster\routing\allocation\NodeAllocationResult.java,132,71,28,231,30.735930735930737
.\server\src\main\java\org\elasticsearch\cluster\routing\allocation\RerouteExplanation.java,29,22,10,61,36.0655737704918
.\server\src\main\java\org\elasticsearch\cluster\routing\allocation\RoutingAllocation.java,161,103,49,313,32.9073482428115
.\server\src\main\java\org\elasticsearch\cluster\routing\allocation\RoutingExplanations.java,45,31,10,86,36.04651162790697
.\server\src\main\java\org\elasticsearch\cluster\routing\allocation\RoutingNodesChangedObserver.java,68,27,14,109,24.770642201834864
.\server\src\main\java\org\elasticsearch\cluster\routing\allocation\ShardAllocationDecision.java,34,46,11,91,50.54945054945055
.\server\src\main\java\org\elasticsearch\cluster\routing\allocation\StaleShard.java,20,27,7,54,50.0
.\server\src\main\java\org\elasticsearch\cluster\routing\AllocationId.java,72,57,22,151,37.74834437086093
.\server\src\main\java\org\elasticsearch\cluster\routing\BatchedRerouteService.java,125,30,15,170,17.647058823529413
.\server\src\main\java\org\elasticsearch\cluster\routing\DelayedAllocationService.java,156,43,29,228,18.859649122807017
.\server\src\main\java\org\elasticsearch\cluster\routing\GroupShardsIterator.java,38,43,12,93,46.236559139784944
.\server\src\main\java\org\elasticsearch\cluster\routing\IllegalShardRoutingStateException.java,26,25,10,61,40.98360655737705
.\server\src\main\java\org\elasticsearch\cluster\routing\IndexRoutingTable.java,356,111,56,523,21.223709369024856
.\server\src\main\java\org\elasticsearch\cluster\routing\IndexShardRoutingTable.java,356,76,64,496,15.32258064516129
.\server\src\main\java\org\elasticsearch\cluster\routing\Murmur3HashFunction.java,20,22,6,48,45.833333333333336
.\server\src\main\java\org\elasticsearch\cluster\routing\OperationRouting.java,82,21,20,123,17.073170731707318
.\server\src\main\java\org\elasticsearch\cluster\routing\PlainShardIterator.java,29,29,10,68,42.64705882352941
.\server\src\main\java\org\elasticsearch\cluster\routing\PlainShardsIterator.java,27,25,9,61,40.98360655737705
.\server\src\main\java\org\elasticsearch\cluster\routing\Preference.java,5,23,5,33,69.6969696969697
.\server\src\main\java\org\elasticsearch\cluster\routing\RecoverySource.java,199,54,55,308,17.532467532467532
.\server\src\main\java\org\elasticsearch\cluster\routing\RerouteService.java,8,27,4,39,69.23076923076923
.\server\src\main\java\org\elasticsearch\cluster\routing\RotationShardShuffler.java,18,21,10,49,42.857142857142854
.\server\src\main\java\org\elasticsearch\cluster\routing\RoutingChangesObserver.java,101,54,42,197,27.411167512690355
.\server\src\main\java\org\elasticsearch\cluster\routing\RoutingException.java,12,21,6,39,53.84615384615385
.\server\src\main\java\org\elasticsearch\cluster\routing\RoutingNode.java,254,58,42,354,16.384180790960453
.\server\src\main\java\org\elasticsearch\cluster\routing\RoutingNodes.java,854,243,124,1221,19.9017199017199
.\server\src\main\java\org\elasticsearch\cluster\routing\RoutingTable.java,437,112,79,628,17.8343949044586
.\server\src\main\java\org\elasticsearch\cluster\routing\ShardIterator.java,5,24,4,33,72.72727272727273
.\server\src\main\java\org\elasticsearch\cluster\routing\ShardRouting.java,385,166,69,620,26.774193548387096
.\server\src\main\java\org\elasticsearch\cluster\routing\ShardRoutingState.java,28,39,7,74,52.7027027027027
.\server\src\main\java\org\elasticsearch\cluster\routing\ShardShuffler.java,9,31,7,47,65.95744680851064
.\server\src\main\java\org\elasticsearch\cluster\routing\ShardsIterator.java,9,29,7,45,64.44444444444444
.\server\src\main\java\org\elasticsearch\cluster\routing\UnassignedInfo.java,294,175,42,511,34.24657534246575
.\server\src\main\java\org\elasticsearch\cluster\service\BatchedTask.java,47,30,14,91,32.967032967032964
.\server\src\main\java\org\elasticsearch\cluster\service\ClusterApplier.java,8,29,5,42,69.04761904761905
.\server\src\main\java\org\elasticsearch\cluster\service\ClusterApplierService.java,470,69,75,614,11.237785016286646
.\server\src\main\java\org\elasticsearch\cluster\service\ClusterService.java,137,94,35,266,35.338345864661655
.\server\src\main\java\org\elasticsearch\cluster\service\MasterService.java,583,89,97,769,11.573472041612483
.\server\src\main\java\org\elasticsearch\cluster\service\PendingClusterTask.java,32,18,8,58,31.03448275862069
.\server\src\main\java\org\elasticsearch\cluster\service\TaskBatcher.java,127,31,16,174,17.816091954022987
.\server\src\main\java\org\elasticsearch\cluster\SnapshotDeletionsInProgress.java,260,55,49,364,15.10989010989011
.\server\src\main\java\org\elasticsearch\cluster\SnapshotsInProgress.java,556,81,91,728,11.126373626373626
.\server\src\main\java\org\elasticsearch\cluster\TimeoutClusterStateListener.java,7,23,6,36,63.888888888888886
.\server\src\main\java\org\elasticsearch\common\blobstore\BlobContainer.java,25,124,14,163,76.07361963190183
.\server\src\main\java\org\elasticsearch\common\blobstore\BlobPath.java,54,26,14,94,27.659574468085108
.\server\src\main\java\org\elasticsearch\common\blobstore\BlobStore.java,5,24,4,33,72.72727272727273
.\server\src\main\java\org\elasticsearch\common\blobstore\BlobStoreException.java,15,18,7,40,45.0
.\server\src\main\java\org\elasticsearch\common\blobstore\fs\FsBlobContainer.java,177,34,25,236,14.40677966101695
.\server\src\main\java\org\elasticsearch\common\blobstore\fs\FsBlobStore.java,62,19,15,96,19.791666666666668
.\server\src\main\java\org\elasticsearch\common\blobstore\package-info.java,1,231,1,233,99.14163090128756
.\server\src\main\java\org\elasticsearch\common\blobstore\support\AbstractBlobContainer.java,13,21,7,41,51.21951219512195
.\server\src\main\java\org\elasticsearch\common\breaker\ChildMemoryCircuitBreaker.java,140,84,21,245,34.285714285714285
.\server\src\main\java\org\elasticsearch\common\breaker\CircuitBreaker.java,18,64,14,96,66.66666666666667
.\server\src\main\java\org\elasticsearch\common\breaker\CircuitBreakingException.java,48,21,11,80,26.25
.\server\src\main\java\org\elasticsearch\common\breaker\NoopCircuitBreaker.java,32,22,10,64,34.375
.\server\src\main\java\org\elasticsearch\common\bytes\AbstractBytesReference.java,267,31,34,332,9.337349397590362
.\server\src\main\java\org\elasticsearch\common\bytes\ByteBufferReference.java,47,31,12,90,34.44444444444444
.\server\src\main\java\org\elasticsearch\common\bytes\BytesArray.java,92,19,23,134,14.17910447761194
.\server\src\main\java\org\elasticsearch\common\bytes\BytesReference.java,92,81,25,198,40.90909090909091
.\server\src\main\java\org\elasticsearch\common\bytes\CompositeBytesReference.java,128,27,19,174,15.517241379310345
.\server\src\main\java\org\elasticsearch\common\bytes\PagedBytesReference.java,69,28,14,111,25.225225225225227
.\server\src\main\java\org\elasticsearch\common\bytes\RecyclingBytesStreamOutput.java,101,28,21,150,18.666666666666668
.\server\src\main\java\org\elasticsearch\common\bytes\ReleasableBytesReference.java,106,22,30,158,13.924050632911392
.\server\src\main\java\org\elasticsearch\common\CheckedBiConsumer.java,6,21,3,30,70.0
.\server\src\main\java\org\elasticsearch\common\CheckedBiFunction.java,5,21,2,28,75.0
.\server\src\main\java\org\elasticsearch\common\CheckedConsumer.java,6,21,3,30,70.0
.\server\src\main\java\org\elasticsearch\common\CheckedRunnable.java,5,21,2,28,75.0
.\server\src\main\java\org\elasticsearch\common\CheckedTriFunction.java,4,28,3,35,80.0
.\server\src\main\java\org\elasticsearch\common\collect\CopyOnWriteHashMap.java,397,103,74,574,17.94425087108014
.\server\src\main\java\org\elasticsearch\common\collect\ImmutableOpenIntMap.java,242,85,64,391,21.73913043478261
.\server\src\main\java\org\elasticsearch\common\component\AbstractLifecycleComponent.java,82,18,15,115,15.652173913043478
.\server\src\main\java\org\elasticsearch\common\component\Lifecycle.java,108,71,19,198,35.85858585858586
.\server\src\main\java\org\elasticsearch\common\component\LifecycleComponent.java,9,18,8,35,51.42857142857143
.\server\src\main\java\org\elasticsearch\common\component\LifecycleListener.java,15,18,14,47,38.297872340425535
.\server\src\main\java\org\elasticsearch\common\compress\CompressedXContent.java,117,38,25,180,21.11111111111111
.\server\src\main\java\org\elasticsearch\common\compress\Compressor.java,13,42,10,65,64.61538461538461
.\server\src\main\java\org\elasticsearch\common\compress\CompressorFactory.java,85,33,13,131,25.19083969465649
.\server\src\main\java\org\elasticsearch\common\compress\DeflateCompressor.java,185,56,28,269,20.817843866171003
.\server\src\main\java\org\elasticsearch\common\compress\NotCompressedException.java,6,21,4,31,67.74193548387096
.\server\src\main\java\org\elasticsearch\common\compress\NotXContentException.java,7,20,5,32,62.5
.\server\src\main\java\org\elasticsearch\common\Explicit.java,15,37,6,58,63.793103448275865
.\server\src\main\java\org\elasticsearch\common\geo\builders\CircleBuilder.java,55,39,14,108,36.111111111111114
.\server\src\main\java\org\elasticsearch\common\geo\builders\CoordinatesBuilder.java,43,53,12,108,49.074074074074076
.\server\src\main\java\org\elasticsearch\common\geo\builders\EnvelopeBuilder.java,43,21,11,75,28.0
.\server\src\main\java\org\elasticsearch\common\geo\builders\GeometryCollectionBuilder.java,60,25,17,102,24.50980392156863
.\server\src\main\java\org\elasticsearch\common\geo\builders\LineStringBuilder.java,120,37,18,175,21.142857142857142
.\server\src\main\java\org\elasticsearch\common\geo\builders\MultiLineStringBuilder.java,79,18,12,109,16.513761467889907
.\server\src\main\java\org\elasticsearch\common\geo\builders\MultiPointBuilder.java,32,24,8,64,37.5
.\server\src\main\java\org\elasticsearch\common\geo\builders\MultiPolygonBuilder.java,89,29,14,132,21.96969696969697
.\server\src\main\java\org\elasticsearch\common\geo\builders\PointBuilder.java,23,21,7,51,41.1764705882353
.\server\src\main\java\org\elasticsearch\common\geo\builders\PolygonBuilder.java,492,219,93,804,27.238805970149254
.\server\src\main\java\org\elasticsearch\common\geo\builders\ShapeBuilder.java,198,90,41,329,27.35562310030395
.\server\src\main\java\org\elasticsearch\common\geo\GeoHashUtils.java,32,39,8,79,49.36708860759494
.\server\src\main\java\org\elasticsearch\common\geo\GeoShapeType.java,244,37,28,309,11.974110032362459
.\server\src\main\java\org\elasticsearch\common\geo\GeoUtils.java,86,71,21,178,39.8876404494382
.\server\src\main\java\org\elasticsearch\common\geo\MortonEncoder.java,17,38,6,61,62.295081967213115
.\server\src\main\java\org\elasticsearch\common\geo\parsers\CoordinateNode.java,28,36,8,72,50.0
.\server\src\main\java\org\elasticsearch\common\geo\parsers\GeoJsonParser.java,157,45,20,222,20.27027027027027
.\server\src\main\java\org\elasticsearch\common\geo\parsers\ShapeParser.java,22,31,5,58,53.44827586206897
.\server\src\main\java\org\elasticsearch\common\geo\ShapeRelation.java,33,23,10,66,34.84848484848485
.\server\src\main\java\org\elasticsearch\common\geo\XShapeCollection.java,17,21,8,46,45.65217391304348
.\server\src\main\java\org\elasticsearch\common\hash\MessageDigests.java,27,39,8,74,52.7027027027027
.\server\src\main\java\org\elasticsearch\common\hash\MurmurHash3.java,154,78,33,265,29.433962264150942
.\server\src\main\java\org\elasticsearch\common\io\Channels.java,122,107,24,253,42.29249011857708
.\server\src\main\java\org\elasticsearch\common\io\DiskIoBufferPool.java,25,18,8,51,35.294117647058826
.\server\src\main\java\org\elasticsearch\common\io\FileSystemUtils.java,71,50,15,136,36.76470588235294
.\server\src\main\java\org\elasticsearch\common\io\PathUtils.java,40,62,12,114,54.3859649122807
.\server\src\main\java\org\elasticsearch\common\io\stream\ByteBufferStreamInput.java,107,18,20,145,12.413793103448276
.\server\src\main\java\org\elasticsearch\common\io\stream\BytesStream.java,5,18,4,27,66.66666666666667
.\server\src\main\java\org\elasticsearch\common\io\stream\BytesStreamOutput.java,109,58,28,195,29.743589743589745
.\server\src\main\java\org\elasticsearch\common\io\stream\FilterStreamInput.java,58,21,18,97,21.649484536082475
.\server\src\main\java\org\elasticsearch\common\io\stream\InputStreamStreamInput.java,79,27,20,126,21.428571428571427
.\server\src\main\java\org\elasticsearch\common\io\stream\NamedWriteable.java,4,26,3,33,78.78787878787878
.\server\src\main\java\org\elasticsearch\common\io\stream\NamedWriteableAwareStreamInput.java,27,21,7,55,38.18181818181818
.\server\src\main\java\org\elasticsearch\common\io\stream\NamedWriteableRegistry.java,62,42,15,119,35.294117647058826
.\server\src\main\java\org\elasticsearch\common\io\stream\NotSerializableExceptionWrapper.java,43,25,9,77,32.467532467532465
.\server\src\main\java\org\elasticsearch\common\io\stream\OutputStreamStreamOutput.java,29,18,10,57,31.57894736842105
.\server\src\main\java\org\elasticsearch\common\io\stream\package-info.java,1,21,1,23,91.30434782608695
.\server\src\main\java\org\elasticsearch\common\io\stream\ReleasableBytesStreamOutput.java,38,29,9,76,38.1578947368421
.\server\src\main\java\org\elasticsearch\common\io\stream\StreamInput.java,915,189,93,1197,15.789473684210526
.\server\src\main\java\org\elasticsearch\common\io\stream\StreamOutput.java,797,237,90,1124,21.085409252669038
.\server\src\main\java\org\elasticsearch\common\io\stream\VersionedNamedWriteable.java,9,37,7,53,69.81132075471699
.\server\src\main\java\org\elasticsearch\common\io\stream\Writeable.java,13,69,11,93,74.19354838709677
.\server\src\main\java\org\elasticsearch\common\io\Streams.java,163,61,36,260,23.46153846153846
.\server\src\main\java\org\elasticsearch\common\joda\FormatDateTimeFormatter.java,31,22,14,67,32.83582089552239
.\server\src\main\java\org\elasticsearch\common\joda\Joda.java,207,33,35,275,12.0
.\server\src\main\java\org\elasticsearch\common\lease\Releasable.java,7,21,6,34,61.76470588235294
.\server\src\main\java\org\elasticsearch\common\lease\Releasables.java,52,40,13,105,38.095238095238095
.\server\src\main\java\org\elasticsearch\common\logging\DeprecationLogger.java,52,36,14,102,35.294117647058826
.\server\src\main\java\org\elasticsearch\common\logging\LogConfigurator.java,175,100,26,301,33.222591362126245
.\server\src\main\java\org\elasticsearch\common\logging\LoggerMessageFormat.java,212,31,24,267,11.610486891385769
.\server\src\main\java\org\elasticsearch\common\logging\Loggers.java,125,30,21,176,17.045454545454547
.\server\src\main\java\org\elasticsearch\common\logging\NodeAndClusterIdConverter.java,31,38,10,79,48.10126582278481
.\server\src\main\java\org\elasticsearch\common\logging\NodeAndClusterIdStateListener.java,44,27,15,86,31.3953488372093
.\server\src\main\java\org\elasticsearch\common\logging\NodeNamePatternConverter.java,31,38,8,77,49.35064935064935
.\server\src\main\java\org\elasticsearch\common\logging\PrefixLogger.java,41,55,12,108,50.925925925925924
.\server\src\main\java\org\elasticsearch\common\lucene\BytesRefs.java,33,25,6,64,39.0625
.\server\src\main\java\org\elasticsearch\common\lucene\index\ElasticsearchDirectoryReader.java,66,51,16,133,38.34586466165413
.\server\src\main\java\org\elasticsearch\common\lucene\index\ElasticsearchLeafReader.java,32,35,9,76,46.05263157894737
.\server\src\main\java\org\elasticsearch\common\lucene\index\SequentialStoredFieldsLeafReader.java,22,34,6,62,54.83870967741935
.\server\src\main\java\org\elasticsearch\common\lucene\LoggerInfoStream.java,27,22,13,62,35.483870967741936
.\server\src\main\java\org\elasticsearch\common\lucene\Lucene.java,297,90,50,437,20.594965675057207
.\server\src\main\java\org\elasticsearch\common\lucene\MinimumScoreCollector.java,46,18,14,78,23.076923076923077
.\server\src\main\java\org\elasticsearch\common\lucene\search\MultiPhrasePrefixQuery.java,224,65,34,323,20.123839009287927
.\server\src\main\java\org\elasticsearch\common\lucene\search\Queries.java,97,27,17,141,19.148936170212767
.\server\src\main\java\org\elasticsearch\common\lucene\search\UnscoredLeafCollector.java,7,24,4,35,68.57142857142857
.\server\src\main\java\org\elasticsearch\common\lucene\store\ByteArrayIndexInput.java,63,21,16,100,21.0
.\server\src\main\java\org\elasticsearch\common\lucene\store\FilterIndexOutput.java,30,21,11,62,33.87096774193548
.\server\src\main\java\org\elasticsearch\common\lucene\store\IndexOutputOutputStream.java,26,21,10,57,36.8421052631579
.\server\src\main\java\org\elasticsearch\common\lucene\store\InputStreamIndexInput.java,68,18,16,102,17.647058823529413
.\server\src\main\java\org\elasticsearch\common\lucene\uid\PerThreadIDVersionAndSeqNoLookup.java,98,51,15,164,31.097560975609756
.\server\src\main\java\org\elasticsearch\common\lucene\uid\Versions.java,6,25,6,37,67.56756756756756
.\server\src\main\java\org\elasticsearch\common\lucene\uid\VersionsAndSeqNoResolver.java,99,44,18,161,27.32919254658385
.\server\src\main\java\org\elasticsearch\common\MacAddressProvider.java,54,24,12,90,26.666666666666668
.\server\src\main\java\org\elasticsearch\common\metrics\MeanMetric.java,31,18,10,59,30.508474576271187
.\server\src\main\java\org\elasticsearch\common\network\Cidrs.java,80,28,8,116,24.137931034482758
.\server\src\main\java\org\elasticsearch\common\network\CloseableChannel.java,101,49,20,170,28.823529411764707
.\server\src\main\java\org\elasticsearch\common\network\DnsResolver.java,12,20,6,38,52.63157894736842
.\server\src\main\java\org\elasticsearch\common\network\IfConfig.java,121,30,16,167,17.964071856287426
.\server\src\main\java\org\elasticsearch\common\network\InetAddresses.java,236,125,28,389,32.13367609254499
.\server\src\main\java\org\elasticsearch\common\network\NetworkAddress.java,38,105,13,156,67.3076923076923
.\server\src\main\java\org\elasticsearch\common\network\NetworkService.java,151,68,21,240,28.333333333333332
.\server\src\main\java\org\elasticsearch\common\network\NetworkUtils.java,179,50,25,254,19.68503937007874
.\server\src\main\java\org\elasticsearch\common\Numbers.java,68,37,15,120,30.833333333333332
.\server\src\main\java\org\elasticsearch\common\ParsingException.java,45,33,13,91,36.26373626373626
.\server\src\main\java\org\elasticsearch\common\Priority.java,40,26,13,79,32.91139240506329
.\server\src\main\java\org\elasticsearch\common\RandomBasedUUIDGenerator.java,18,34,7,59,57.6271186440678
.\server\src\main\java\org\elasticsearch\common\Randomness.java,66,63,12,141,44.680851063829785
.\server\src\main\java\org\elasticsearch\common\recycler\AbstractRecycler.java,7,18,6,31,58.064516129032256
.\server\src\main\java\org\elasticsearch\common\recycler\ConcurrentDequeRecycler.java,29,22,9,60,36.666666666666664
.\server\src\main\java\org\elasticsearch\common\recycler\DequeRecycler.java,55,24,15,94,25.53191489361702
.\server\src\main\java\org\elasticsearch\common\recycler\FilterRecycler.java,11,20,6,37,54.054054054054056
.\server\src\main\java\org\elasticsearch\common\recycler\NoneRecycler.java,31,18,12,61,29.508196721311474
.\server\src\main\java\org\elasticsearch\common\recycler\Recycler.java,18,28,14,60,46.666666666666664
.\server\src\main\java\org\elasticsearch\common\recycler\Recyclers.java,88,40,26,154,25.974025974025974
.\server\src\main\java\org\elasticsearch\common\regex\Regex.java,131,53,15,199,26.633165829145728
.\server\src\main\java\org\elasticsearch\common\rounding\DateTimeUnit.java,23,21,8,52,40.38461538461539
.\server\src\main\java\org\elasticsearch\common\rounding\Rounding.java,205,83,53,341,24.34017595307918
.\server\src\main\java\org\elasticsearch\common\SecureRandomHolder.java,5,19,3,27,70.37037037037037
.\server\src\main\java\org\elasticsearch\common\settings\AbstractScopedSettings.java,561,269,66,896,30.022321428571427
.\server\src\main\java\org\elasticsearch\common\settings\ClusterSettings.java,445,21,17,483,4.3478260869565215
.\server\src\main\java\org\elasticsearch\common\settings\IndexScopedSettings.java,124,23,13,160,14.375
.\server\src\main\java\org\elasticsearch\common\settings\NoClassSettingsException.java,11,24,6,41,58.53658536585366
.\server\src\main\java\org\elasticsearch\common\settings\package-info.java,1,21,1,23,91.30434782608695
.\server\src\main\java\org\elasticsearch\common\settings\PropertyPlaceholder.java,92,65,17,174,37.35632183908046
.\server\src\main\java\org\elasticsearch\common\settings\SecureString.java,72,60,18,150,40.0
.\server\src\main\java\org\elasticsearch\common\settings\Setting.java,1214,367,220,1801,20.377568017767906
.\server\src\main\java\org\elasticsearch\common\settings\Settings.java,880,328,125,1333,24.60615153788447
.\server\src\main\java\org\elasticsearch\common\settings\SettingsException.java,18,23,8,49,46.93877551020408
.\server\src\main\java\org\elasticsearch\common\settings\SettingsModule.java,95,27,14,136,19.852941176470587
.\server\src\main\java\org\elasticsearch\common\settings\SettingUpgrader.java,12,40,8,60,66.66666666666667
.\server\src\main\java\org\elasticsearch\common\StopWatch.java,112,113,31,256,44.140625
.\server\src\main\java\org\elasticsearch\common\Strings.java,256,186,39,481,38.66943866943867
.\server\src\main\java\org\elasticsearch\common\SuppressLoggerChecks.java,10,21,3,34,61.76470588235294
.\server\src\main\java\org\elasticsearch\common\time\DateFormatter.java,74,74,23,171,43.27485380116959
.\server\src\main\java\org\elasticsearch\common\time\DateFormatters.java,1044,361,155,1560,23.141025641025642
.\server\src\main\java\org\elasticsearch\common\time\EpochMillisDateFormatter.java,78,29,14,121,23.96694214876033
.\server\src\main\java\org\elasticsearch\common\time\EpochSecondsDateFormatter.java,82,20,13,115,17.391304347826086
.\server\src\main\java\org\elasticsearch\common\time\JavaDateFormatter.java,124,21,22,167,12.574850299401197
.\server\src\main\java\org\elasticsearch\common\TimeBasedUUIDGenerator.java,46,48,22,116,41.37931034482759
.\server\src\main\java\org\elasticsearch\common\transport\BoundTransportAddress.java,34,25,9,68,36.76470588235294
.\server\src\main\java\org\elasticsearch\common\transport\NetworkExceptionHelper.java,40,19,5,64,29.6875
.\server\src\main\java\org\elasticsearch\common\transport\PortsRange.java,60,18,12,90,20.0
.\server\src\main\java\org\elasticsearch\common\transport\TransportAddress.java,73,41,17,131,31.297709923664122
.\server\src\main\java\org\elasticsearch\common\TriFunction.java,5,35,2,42,83.33333333333333
.\server\src\main\java\org\elasticsearch\common\unit\ByteSizeUnit.java,208,29,49,286,10.13986013986014
.\server\src\main\java\org\elasticsearch\common\unit\ByteSizeValue.java,148,35,21,204,17.15686274509804
.\server\src\main\java\org\elasticsearch\common\unit\DistanceUnit.java,100,89,24,213,41.78403755868545
.\server\src\main\java\org\elasticsearch\common\unit\Fuzziness.java,144,23,21,188,12.23404255319149
.\server\src\main\java\org\elasticsearch\common\unit\MemorySizeValue.java,26,22,7,55,40.0
.\server\src\main\java\org\elasticsearch\common\unit\RatioValue.java,43,26,10,79,32.91139240506329
.\server\src\main\java\org\elasticsearch\common\unit\SizeUnit.java,177,22,42,241,9.12863070539419
.\server\src\main\java\org\elasticsearch\common\unit\SizeValue.java,162,18,40,220,8.181818181818182
.\server\src\main\java\org\elasticsearch\common\util\AbstractArray.java,29,18,10,57,31.57894736842105
.\server\src\main\java\org\elasticsearch\common\util\AbstractBigArray.java,112,21,24,157,13.375796178343949
.\server\src\main\java\org\elasticsearch\common\util\BigArray.java,6,20,5,31,64.51612903225806
.\server\src\main\java\org\elasticsearch\common\util\BigArrays.java,346,76,67,489,15.541922290388548
.\server\src\main\java\org\elasticsearch\common\util\BigByteArray.java,124,25,19,168,14.880952380952381
.\server\src\main\java\org\elasticsearch\common\util\BigIntArray.java,77,25,16,118,21.1864406779661
.\server\src\main\java\org\elasticsearch\common\util\BigObjectArray.java,57,25,14,96,26.041666666666668
.\server\src\main\java\org\elasticsearch\common\util\ByteArray.java,12,44,11,67,65.67164179104478
.\server\src\main\java\org\elasticsearch\common\util\CancellableThreads.java,108,61,22,191,31.93717277486911
.\server\src\main\java\org\elasticsearch\common\util\concurrent\AbstractAsyncTask.java,117,52,19,188,27.659574468085108
.\server\src\main\java\org\elasticsearch\common\util\concurrent\AbstractLifecycleRunnable.java,29,67,10,106,63.20754716981132
.\server\src\main\java\org\elasticsearch\common\util\concurrent\AbstractRefCounted.java,47,27,14,88,30.681818181818183
.\server\src\main\java\org\elasticsearch\common\util\concurrent\AsyncIOProcessor.java,76,43,13,132,32.57575757575758
.\server\src\main\java\org\elasticsearch\common\util\concurrent\ConcurrentCollections.java,17,24,9,50,48.0
.\server\src\main\java\org\elasticsearch\common\util\concurrent\EsAbortPolicy.java,31,18,5,54,33.333333333333336
.\server\src\main\java\org\elasticsearch\common\util\concurrent\EsExecutors.java,189,71,40,300,23.666666666666668
.\server\src\main\java\org\elasticsearch\common\util\concurrent\EsRejectedExecutionException.java,12,26,7,45,57.77777777777778
.\server\src\main\java\org\elasticsearch\common\util\concurrent\EsThreadPoolExecutor.java,78,28,15,121,23.140495867768596
.\server\src\main\java\org\elasticsearch\common\util\concurrent\FutureUtils.java,48,43,11,102,42.15686274509804
.\server\src\main\java\org\elasticsearch\common\util\concurrent\KeyedLock.java,99,49,21,169,28.994082840236686
.\server\src\main\java\org\elasticsearch\common\util\concurrent\PrioritizedEsThreadPoolExecutor.java,154,39,27,220,17.727272727272727
.\server\src\main\java\org\elasticsearch\common\util\concurrent\PrioritizedRunnable.java,33,26,12,71,36.61971830985915
.\server\src\main\java\org\elasticsearch\common\util\concurrent\PriorityRunnable.java,60,20,20,100,20.0
.\server\src\main\java\org\elasticsearch\common\util\concurrent\RefCounted.java,6,55,6,67,82.08955223880596
.\server\src\main\java\org\elasticsearch\common\util\concurrent\RejectableRunnable.java,22,40,8,70,57.142857142857146
.\server\src\main\java\org\elasticsearch\common\util\concurrent\ReleasableLock.java,58,25,14,97,25.77319587628866
.\server\src\main\java\org\elasticsearch\common\util\concurrent\RunOnce.java,20,24,7,51,47.05882352941177
.\server\src\main\java\org\elasticsearch\common\util\concurrent\SizeBlockingQueue.java,151,30,30,211,14.218009478672986
.\server\src\main\java\org\elasticsearch\common\util\concurrent\ThreadContext.java,37,19,8,64,29.6875
.\server\src\main\java\org\elasticsearch\common\util\concurrent\UncategorizedExecutionException.java,12,18,6,36,50.0
.\server\src\main\java\org\elasticsearch\common\util\concurrent\WrappedRunnable.java,4,18,2,24,75.0
.\server\src\main\java\org\elasticsearch\common\util\concurrent\XRejectedExecutionHandler.java,5,21,4,30,70.0
.\server\src\main\java\org\elasticsearch\common\util\IntArray.java,7,33,7,47,70.2127659574468
.\server\src\main\java\org\elasticsearch\common\util\LazyInitializable.java,36,61,11,108,56.48148148148148
.\server\src\main\java\org\elasticsearch\common\util\ObjectArray.java,5,27,5,37,72.97297297297297
.\server\src\main\java\org\elasticsearch\common\util\PageCacheRecycler.java,156,38,35,229,16.593886462882097
.\server\src\main\java\org\elasticsearch\common\util\URIPattern.java,49,31,10,90,34.44444444444444
.\server\src\main\java\org\elasticsearch\common\UUIDGenerator.java,4,21,2,27,77.77777777777777
.\server\src\main\java\org\elasticsearch\common\UUIDs.java,21,34,9,64,53.125
.\server\src\main\java\org\elasticsearch\common\ValidationException.java,30,32,8,70,45.714285714285715
.\server\src\main\java\org\elasticsearch\discovery\DiscoveryModule.java,152,22,23,197,11.16751269035533
.\server\src\main\java\org\elasticsearch\discovery\FileBasedSeedHostsProvider.java,39,31,12,82,37.80487804878049
.\server\src\main\java\org\elasticsearch\discovery\HandshakingTransportAddressConnector.java,128,33,25,186,17.741935483870968
.\server\src\main\java\org\elasticsearch\discovery\MasterNotDiscoveredException.java,20,18,9,47,38.297872340425535
.\server\src\main\java\org\elasticsearch\discovery\PeerFinder.java,329,47,74,450,10.444444444444445
.\server\src\main\java\org\elasticsearch\discovery\PeersRequest.java,53,18,12,83,21.686746987951807
.\server\src\main\java\org\elasticsearch\discovery\SeedHostsProvider.java,9,29,6,44,65.9090909090909
.\server\src\main\java\org\elasticsearch\discovery\SeedHostsResolver.java,165,23,21,209,11.004784688995215
.\server\src\main\java\org\elasticsearch\discovery\SettingsBasedSeedHostsProvider.java,30,27,12,69,39.130434782608695
.\server\src\main\java\org\elasticsearch\ElasticsearchCorruptionException.java,10,33,5,48,68.75
.\server\src\main\java\org\elasticsearch\ElasticsearchException.java,635,155,49,839,18.474374255065555
.\server\src\main\java\org\elasticsearch\ElasticsearchGenerationException.java,11,23,6,40,57.5
.\server\src\main\java\org\elasticsearch\ElasticsearchParseException.java,19,21,9,49,42.857142857142854
.\server\src\main\java\org\elasticsearch\ElasticsearchTimeoutException.java,17,23,7,47,48.93617021276596
.\server\src\main\java\org\elasticsearch\ElasticsearchWrapperException.java,4,23,2,29,79.3103448275862
.\server\src\main\java\org\elasticsearch\env\Environment.java,187,62,42,291,21.305841924398624
.\server\src\main\java\org\elasticsearch\env\ESFileStore.java,117,32,18,167,19.161676646706585
.\server\src\main\java\org\elasticsearch\env\NodeEnvironment.java,848,254,108,1210,20.99173553719008
.\server\src\main\java\org\elasticsearch\env\NodeMetadata.java,111,23,31,165,13.93939393939394
.\server\src\main\java\org\elasticsearch\env\NodeRepurposeCommand.java,160,20,47,227,8.810572687224669
.\server\src\main\java\org\elasticsearch\env\OverrideNodeVersionCommand.java,66,19,13,98,19.387755102040817
.\server\src\main\java\org\elasticsearch\env\ShardLock.java,29,32,11,72,44.44444444444444
.\server\src\main\java\org\elasticsearch\env\ShardLockObtainFailedException.java,25,21,8,54,38.888888888888886
.\server\src\main\java\org\elasticsearch\gateway\AsyncShardFetch.java,287,101,42,430,23.488372093023255
.\server\src\main\java\org\elasticsearch\gateway\BaseGatewayShardAllocator.java,54,48,11,113,42.47787610619469
.\server\src\main\java\org\elasticsearch\gateway\ClusterStateUpdaters.java,98,20,22,140,14.285714285714286
.\server\src\main\java\org\elasticsearch\gateway\CorruptStateException.java,10,33,5,48,68.75
.\server\src\main\java\org\elasticsearch\gateway\GatewayAllocator.java,236,31,39,306,10.130718954248366
.\server\src\main\java\org\elasticsearch\gateway\GatewayException.java,9,18,5,32,56.25
.\server\src\main\java\org\elasticsearch\gateway\GatewayMetaState.java,362,54,50,466,11.587982832618026
.\server\src\main\java\org\elasticsearch\gateway\GatewayModule.java,10,18,4,32,56.25
.\server\src\main\java\org\elasticsearch\gateway\GatewayService.java,231,29,37,297,9.764309764309765
.\server\src\main\java\org\elasticsearch\gateway\IncrementalClusterStateWriter.java,249,77,51,377,20.424403183023873
.\server\src\main\java\org\elasticsearch\gateway\LocalAllocateDangledIndices.java,63,23,19,105,21.904761904761905
.\server\src\main\java\org\elasticsearch\gateway\MetadataStateFormat.java,340,106,44,490,21.632653061224488
.\server\src\main\java\org\elasticsearch\gateway\MetaStateService.java,176,88,29,293,30.034129692832764
.\server\src\main\java\org\elasticsearch\gateway\PersistedClusterStateService.java,738,118,105,961,12.278876170655566
.\server\src\main\java\org\elasticsearch\gateway\PrimaryShardAllocator.java,256,65,32,353,18.413597733711047
.\server\src\main\java\org\elasticsearch\gateway\PriorityComparator.java,32,22,8,62,35.483870967741936
.\server\src\main\java\org\elasticsearch\gateway\ReplicaShardAllocator.java,347,78,44,469,16.631130063965884
.\server\src\main\java\org\elasticsearch\gateway\TransportNodesListGatewayStartedShards.java,282,35,44,361,9.695290858725762
.\server\src\main\java\org\elasticsearch\gateway\WriteStateException.java,12,25,5,42,59.523809523809526
.\server\src\main\java\org\elasticsearch\http\BindHttpException.java,14,18,7,39,46.15384615384615
.\server\src\main\java\org\elasticsearch\http\HttpException.java,15,18,7,40,45.0
.\server\src\main\java\org\elasticsearch\http\HttpServerTransport.java,8,18,5,31,58.064516129032256
.\server\src\main\java\org\elasticsearch\http\HttpTransportSettings.java,91,25,12,128,19.53125
.\server\src\main\java\org\elasticsearch\http\netty4\cors\Netty4CorsConfig.java,107,107,20,234,45.72649572649573
.\server\src\main\java\org\elasticsearch\http\netty4\cors\Netty4CorsConfigBuilder.java,134,190,33,357,53.221288515406165
.\server\src\main\java\org\elasticsearch\http\netty4\cors\Netty4CorsHandler.java,198,34,33,265,12.830188679245284
.\server\src\main\java\org\elasticsearch\http\netty4\Netty4HttpServerTransport.java,515,57,75,647,8.809891808346213
.\server\src\main\java\org\elasticsearch\index\AbstractIndexComponent.java,21,21,7,49,42.857142857142854
.\server\src\main\java\org\elasticsearch\index\analysis\AbstractCharFilterFactory.java,14,18,7,39,46.15384615384615
.\server\src\main\java\org\elasticsearch\index\analysis\AbstractIndexAnalyzerProvider.java,23,27,8,58,46.55172413793103
.\server\src\main\java\org\elasticsearch\index\analysis\AbstractTokenFilterFactory.java,21,18,8,47,38.297872340425535
.\server\src\main\java\org\elasticsearch\index\analysis\AbstractTokenizerFactory.java,15,19,5,39,48.717948717948715
.\server\src\main\java\org\elasticsearch\index\analysis\Analysis.java,232,34,22,288,11.805555555555555
.\server\src\main\java\org\elasticsearch\index\analysis\AnalysisRegistry.java,438,98,55,591,16.58206429780034
.\server\src\main\java\org\elasticsearch\index\analysis\AnalyzerProvider.java,9,18,6,33,54.54545454545455
.\server\src\main\java\org\elasticsearch\index\analysis\AnalyzerScope.java,6,18,2,26,69.23076923076923
.\server\src\main\java\org\elasticsearch\index\analysis\CharFilterFactory.java,6,18,5,29,62.06896551724138
.\server\src\main\java\org\elasticsearch\index\analysis\CustomAnalyzer.java,87,21,20,128,16.40625
.\server\src\main\java\org\elasticsearch\index\analysis\CustomAnalyzerProvider.java,58,22,17,97,22.68041237113402
.\server\src\main\java\org\elasticsearch\index\analysis\CustomNormalizerProvider.java,60,23,12,95,24.210526315789473
.\server\src\main\java\org\elasticsearch\index\analysis\ESSolrSynonymParser.java,35,24,9,68,35.294117647058826
.\server\src\main\java\org\elasticsearch\index\analysis\ESWordnetSynonymParser.java,35,24,9,68,35.294117647058826
.\server\src\main\java\org\elasticsearch\index\analysis\HunspellTokenFilterFactory.java,36,18,13,67,26.865671641791046
.\server\src\main\java\org\elasticsearch\index\analysis\IndexAnalyzers.java,43,37,12,92,40.21739130434783
.\server\src\main\java\org\elasticsearch\index\analysis\KeywordAnalyzerProvider.java,16,18,6,40,45.0
.\server\src\main\java\org\elasticsearch\index\analysis\MultiTermAwareComponent.java,4,22,4,30,73.33333333333333
.\server\src\main\java\org\elasticsearch\index\analysis\NamedAnalyzer.java,75,32,19,126,25.396825396825395
.\server\src\main\java\org\elasticsearch\index\analysis\PreBuiltAnalyzerProvider.java,20,21,8,49,42.857142857142854
.\server\src\main\java\org\elasticsearch\index\analysis\PreBuiltAnalyzerProviderFactory.java,79,30,17,126,23.80952380952381
.\server\src\main\java\org\elasticsearch\index\analysis\PreConfiguredAnalysisComponent.java,36,24,9,69,34.78260869565217
.\server\src\main\java\org\elasticsearch\index\analysis\PreConfiguredCharFilter.java,81,36,17,134,26.865671641791046
.\server\src\main\java\org\elasticsearch\index\analysis\PreConfiguredTokenFilter.java,83,36,15,134,26.865671641791046
.\server\src\main\java\org\elasticsearch\index\analysis\PreConfiguredTokenizer.java,53,48,12,113,42.47787610619469
.\server\src\main\java\org\elasticsearch\index\analysis\ShingleTokenFilterFactory.java,83,24,25,132,18.181818181818183
.\server\src\main\java\org\elasticsearch\index\analysis\SimpleAnalyzerProvider.java,16,18,6,40,45.0
.\server\src\main\java\org\elasticsearch\index\analysis\StandardAnalyzerProvider.java,21,18,6,45,40.0
.\server\src\main\java\org\elasticsearch\index\analysis\StandardTokenizerFactory.java,20,18,6,44,40.90909090909091
.\server\src\main\java\org\elasticsearch\index\analysis\StopAnalyzerProvider.java,19,18,6,43,41.86046511627907
.\server\src\main\java\org\elasticsearch\index\analysis\StopTokenFilterFactory.java,38,18,12,68,26.470588235294116
.\server\src\main\java\org\elasticsearch\index\analysis\SynonymGraphTokenFilterFactory.java,39,19,9,67,28.35820895522388
.\server\src\main\java\org\elasticsearch\index\analysis\SynonymTokenFilterFactory.java,98,21,13,132,15.909090909090908
.\server\src\main\java\org\elasticsearch\index\analysis\TokenFilterFactory.java,26,35,9,70,50.0
.\server\src\main\java\org\elasticsearch\index\analysis\TokenizerFactory.java,5,18,3,26,69.23076923076923
.\server\src\main\java\org\elasticsearch\index\analysis\WhitespaceAnalyzerProvider.java,16,18,6,40,45.0
.\server\src\main\java\org\elasticsearch\index\cache\query\DisabledQueryCache.java,20,18,7,45,40.0
.\server\src\main\java\org\elasticsearch\index\codec\CodecService.java,33,30,9,72,41.666666666666664
.\server\src\main\java\org\elasticsearch\index\codec\CrateCodec.java,43,24,13,80,30.0
.\server\src\main\java\org\elasticsearch\index\CompositeIndexEventListener.java,229,21,24,274,7.664233576642336
.\server\src\main\java\org\elasticsearch\index\engine\CombinedDeletionPolicy.java,186,70,34,290,24.137931034482758
.\server\src\main\java\org\elasticsearch\index\engine\CombinedDocValues.java,59,21,11,91,23.076923076923077
.\server\src\main\java\org\elasticsearch\index\engine\CommitStats.java,58,28,13,99,28.282828282828284
.\server\src\main\java\org\elasticsearch\index\engine\DeleteVersionValue.java,41,19,14,74,25.675675675675677
.\server\src\main\java\org\elasticsearch\index\engine\DocumentMissingException.java,25,20,9,54,37.03703703703704
.\server\src\main\java\org\elasticsearch\index\engine\DocumentSourceMissingException.java,17,18,8,43,41.86046511627907
.\server\src\main\java\org\elasticsearch\index\engine\ElasticsearchConcurrentMergeScheduler.java,147,31,27,205,15.121951219512194
.\server\src\main\java\org\elasticsearch\index\engine\ElasticsearchReaderManager.java,29,34,10,73,46.57534246575342
.\server\src\main\java\org\elasticsearch\index\engine\Engine.java,980,391,214,1585,24.668769716088327
.\server\src\main\java\org\elasticsearch\index\engine\EngineConfig.java,183,139,33,355,39.15492957746479
.\server\src\main\java\org\elasticsearch\index\engine\EngineCreationFailureException.java,12,23,7,42,54.76190476190476
.\server\src\main\java\org\elasticsearch\index\engine\EngineException.java,17,18,7,42,42.857142857142854
.\server\src\main\java\org\elasticsearch\index\engine\EngineFactory.java,5,21,4,30,70.0
.\server\src\main\java\org\elasticsearch\index\engine\FlushFailedEngineException.java,12,18,6,36,50.0
.\server\src\main\java\org\elasticsearch\index\engine\IndexVersionValue.java,41,18,12,71,25.35211267605634
.\server\src\main\java\org\elasticsearch\index\engine\InternalEngine.java,2129,402,212,2743,14.655486693401386
.\server\src\main\java\org\elasticsearch\index\engine\InternalEngineFactory.java,7,18,2,27,66.66666666666667
.\server\src\main\java\org\elasticsearch\index\engine\LiveVersionMap.java,265,139,70,474,29.324894514767934
.\server\src\main\java\org\elasticsearch\index\engine\LuceneChangesSnapshot.java,245,39,21,305,12.78688524590164
.\server\src\main\java\org\elasticsearch\index\engine\MissingHistoryOperationsException.java,6,22,3,31,70.96774193548387
.\server\src\main\java\org\elasticsearch\index\engine\NoOpEngine.java,123,30,21,174,17.24137931034483
.\server\src\main\java\org\elasticsearch\index\engine\PrunePostingsMergePolicy.java,162,28,29,219,12.785388127853881
.\server\src\main\java\org\elasticsearch\index\engine\ReadOnlyEngine.java,362,56,71,489,11.451942740286299
.\server\src\main\java\org\elasticsearch\index\engine\RecoveryEngineException.java,24,18,9,51,35.294117647058826
.\server\src\main\java\org\elasticsearch\index\engine\RecoverySourcePruneMergePolicy.java,242,21,47,310,6.774193548387097
.\server\src\main\java\org\elasticsearch\index\engine\RefreshFailedEngineException.java,12,18,6,36,50.0
.\server\src\main\java\org\elasticsearch\index\engine\SafeCommitInfo.java,11,21,6,38,55.26315789473684
.\server\src\main\java\org\elasticsearch\index\engine\Segment.java,88,26,22,136,19.11764705882353
.\server\src\main\java\org\elasticsearch\index\engine\SnapshotFailedEngineException.java,8,18,5,31,58.064516129032256
.\server\src\main\java\org\elasticsearch\index\engine\SoftDeletesPolicy.java,76,70,15,161,43.47826086956522
.\server\src\main\java\org\elasticsearch\index\engine\TranslogLeafReader.java,160,21,35,216,9.722222222222221
.\server\src\main\java\org\elasticsearch\index\engine\VersionConflictEngineException.java,71,18,16,105,17.142857142857142
.\server\src\main\java\org\elasticsearch\index\engine\VersionValue.java,56,24,17,97,24.742268041237114
.\server\src\main\java\org\elasticsearch\index\EsTieredMergePolicy.java,49,24,14,87,27.586206896551722
.\server\src\main\java\org\elasticsearch\index\fieldvisitor\FieldsVisitor.java,102,23,23,148,15.54054054054054
.\server\src\main\java\org\elasticsearch\index\fieldvisitor\IDVisitor.java,49,21,14,84,25.0
.\server\src\main\java\org\elasticsearch\index\Index.java,50,31,14,95,32.63157894736842
.\server\src\main\java\org\elasticsearch\index\IndexComponent.java,4,18,3,25,72.0
.\server\src\main\java\org\elasticsearch\index\IndexModule.java,226,76,37,339,22.4188790560472
.\server\src\main\java\org\elasticsearch\index\IndexNotFoundException.java,22,21,7,50,42.0
.\server\src\main\java\org\elasticsearch\index\IndexService.java,769,61,101,931,6.552094522019334
.\server\src\main\java\org\elasticsearch\index\IndexSettings.java,354,236,79,669,35.276532137518686
.\server\src\main\java\org\elasticsearch\index\mapper\ArrayValueMapperParser.java,3,24,2,29,82.75862068965517
.\server\src\main\java\org\elasticsearch\index\mapper\ContentPath.java,38,22,13,73,30.136986301369863
.\server\src\main\java\org\elasticsearch\index\mapper\CustomDocValuesField.java,43,19,15,77,24.675324675324674
.\server\src\main\java\org\elasticsearch\index\mapper\MapperException.java,18,18,7,43,41.86046511627907
.\server\src\main\java\org\elasticsearch\index\mapper\MapperParsingException.java,22,18,10,50,36.0
.\server\src\main\java\org\elasticsearch\index\mapper\ParsedDocument.java,97,26,24,147,17.687074829931973
.\server\src\main\java\org\elasticsearch\index\mapper\SequenceIDFields.java,29,24,8,61,39.34426229508197
.\server\src\main\java\org\elasticsearch\index\mapper\SourceToParse.java,33,20,14,67,29.850746268656717
.\server\src\main\java\org\elasticsearch\index\mapper\Uid.java,152,42,18,212,19.81132075471698
.\server\src\main\java\org\elasticsearch\index\merge\OnGoingMerge.java,21,32,10,63,50.79365079365079
.\server\src\main\java\org\elasticsearch\index\MergePolicyConfig.java,131,107,19,257,41.63424124513619
.\server\src\main\java\org\elasticsearch\index\MergeSchedulerConfig.java,60,62,12,134,46.26865671641791
.\server\src\main\java\org\elasticsearch\index\query\MultiMatchQueryType.java,44,41,15,100,41.0
.\server\src\main\java\org\elasticsearch\index\query\support\QueryParsers.java,55,18,12,85,21.176470588235293
.\server\src\main\java\org\elasticsearch\index\recovery\RecoveryStats.java,52,31,17,100,31.0
.\server\src\main\java\org\elasticsearch\index\search\MatchQuery.java,379,61,51,491,12.423625254582484
.\server\src\main\java\org\elasticsearch\index\search\MultiMatchQuery.java,267,39,32,338,11.538461538461538
.\server\src\main\java\org\elasticsearch\index\seqno\CountedBitSet.java,42,27,11,80,33.75
.\server\src\main\java\org\elasticsearch\index\seqno\GlobalCheckpointSyncAction.java,87,23,15,125,18.4
.\server\src\main\java\org\elasticsearch\index\seqno\LocalCheckpointTracker.java,134,126,29,289,43.59861591695502
.\server\src\main\java\org\elasticsearch\index\seqno\ReplicationTracker.java,891,460,138,1489,30.893216924110142
.\server\src\main\java\org\elasticsearch\index\seqno\RetentionLease.java,101,72,22,195,36.92307692307692
.\server\src\main\java\org\elasticsearch\index\seqno\RetentionLeaseActions.java,256,25,63,344,7.267441860465116
.\server\src\main\java\org\elasticsearch\index\seqno\RetentionLeaseAlreadyExistsException.java,13,18,7,38,47.36842105263158
.\server\src\main\java\org\elasticsearch\index\seqno\RetentionLeaseBackgroundSyncAction.java,163,26,24,213,12.206572769953052
.\server\src\main\java\org\elasticsearch\index\seqno\RetentionLeaseInvalidRetainingSeqNoException.java,15,18,6,39,46.15384615384615
.\server\src\main\java\org\elasticsearch\index\seqno\RetentionLeaseNotFoundException.java,13,18,7,38,47.36842105263158
.\server\src\main\java\org\elasticsearch\index\seqno\RetentionLeases.java,129,106,29,264,40.15151515151515
.\server\src\main\java\org\elasticsearch\index\seqno\RetentionLeaseStats.java,33,45,11,89,50.561797752808985
.\server\src\main\java\org\elasticsearch\index\seqno\RetentionLeaseSyncAction.java,155,22,25,202,10.891089108910892
.\server\src\main\java\org\elasticsearch\index\seqno\RetentionLeaseSyncer.java,39,26,11,76,34.21052631578947
.\server\src\main\java\org\elasticsearch\index\seqno\SeqNoStats.java,60,22,15,97,22.68041237113402
.\server\src\main\java\org\elasticsearch\index\seqno\SequenceNumbers.java,66,61,14,141,43.262411347517734
.\server\src\main\java\org\elasticsearch\index\shard\AbstractIndexShardComponent.java,22,18,7,47,38.297872340425535
.\server\src\main\java\org\elasticsearch\index\shard\DocsStats.java,71,25,16,112,22.321428571428573
.\server\src\main\java\org\elasticsearch\index\shard\GlobalCheckpointListeners.java,154,90,23,267,33.70786516853933
.\server\src\main\java\org\elasticsearch\index\shard\IllegalIndexShardStateException.java,33,18,12,63,28.571428571428573
.\server\src\main\java\org\elasticsearch\index\shard\IndexEventListener.java,50,125,25,200,62.5
.\server\src\main\java\org\elasticsearch\index\shard\IndexingOperationListener.java,99,52,19,170,30.58823529411765
.\server\src\main\java\org\elasticsearch\index\shard\IndexShard.java,2388,752,269,3409,22.059254913464358
.\server\src\main\java\org\elasticsearch\index\shard\IndexShardClosedException.java,14,18,6,38,47.36842105263158
.\server\src\main\java\org\elasticsearch\index\shard\IndexShardComponent.java,6,18,5,29,62.06896551724138
.\server\src\main\java\org\elasticsearch\index\shard\IndexShardNotRecoveringException.java,11,18,6,35,51.42857142857143
.\server\src\main\java\org\elasticsearch\index\shard\IndexShardNotStartedException.java,11,18,6,35,51.42857142857143
.\server\src\main\java\org\elasticsearch\index\shard\IndexShardOperationPermits.java,240,93,31,364,25.54945054945055
.\server\src\main\java\org\elasticsearch\index\shard\IndexShardRecoveringException.java,11,18,6,35,51.42857142857143
.\server\src\main\java\org\elasticsearch\index\shard\IndexShardRecoveryException.java,13,18,5,36,50.0
.\server\src\main\java\org\elasticsearch\index\shard\IndexShardRelocatedException.java,14,18,7,39,46.15384615384615
.\server\src\main\java\org\elasticsearch\index\shard\IndexShardStartedException.java,11,18,6,35,51.42857142857143
.\server\src\main\java\org\elasticsearch\index\shard\IndexShardState.java,30,19,9,58,32.758620689655174
.\server\src\main\java\org\elasticsearch\index\shard\LocalShardSnapshot.java,99,23,19,141,16.31205673758865
.\server\src\main\java\org\elasticsearch\index\shard\MergeStats.java,12,20,4,36,55.55555555555556
.\server\src\main\java\org\elasticsearch\index\shard\PrimaryReplicaSyncer.java,274,41,42,357,11.484593837535014
.\server\src\main\java\org\elasticsearch\index\shard\PrimaryShardClosedException.java,11,20,5,36,55.55555555555556
.\server\src\main\java\org\elasticsearch\index\shard\RefreshListeners.java,165,97,21,283,34.275618374558306
.\server\src\main\java\org\elasticsearch\index\shard\RemoveCorruptedLuceneSegments.java,53,21,15,89,23.59550561797753
.\server\src\main\java\org\elasticsearch\index\shard\RemoveCorruptedShardDataCommand.java,446,36,86,568,6.338028169014085
.\server\src\main\java\org\elasticsearch\index\shard\ReplicationGroup.java,95,31,22,148,20.945945945945947
.\server\src\main\java\org\elasticsearch\index\shard\ShardId.java,73,27,18,118,22.88135593220339
.\server\src\main\java\org\elasticsearch\index\shard\ShardNotFoundException.java,22,18,8,48,37.5
.\server\src\main\java\org\elasticsearch\index\shard\ShardNotInPrimaryModeException.java,11,18,7,36,50.0
.\server\src\main\java\org\elasticsearch\index\shard\ShardPath.java,216,59,37,312,18.91025641025641
.\server\src\main\java\org\elasticsearch\index\shard\ShardSplittingQuery.java,106,28,18,152,18.42105263157895
.\server\src\main\java\org\elasticsearch\index\shard\ShardStateMetadata.java,113,19,18,150,12.666666666666666
.\server\src\main\java\org\elasticsearch\index\shard\ShardUtils.java,27,26,9,62,41.935483870967744
.\server\src\main\java\org\elasticsearch\index\shard\StoreRecovery.java,422,75,35,532,14.097744360902256
.\server\src\main\java\org\elasticsearch\index\snapshots\blobstore\BlobStoreIndexShardSnapshot.java,352,159,57,568,27.992957746478872
.\server\src\main\java\org\elasticsearch\index\snapshots\blobstore\BlobStoreIndexShardSnapshots.java,199,107,26,332,32.2289156626506
.\server\src\main\java\org\elasticsearch\index\snapshots\blobstore\RateLimitingInputStream.java,46,21,12,79,26.582278481012658
.\server\src\main\java\org\elasticsearch\index\snapshots\blobstore\SlicedInputStream.java,68,33,13,114,28.94736842105263
.\server\src\main\java\org\elasticsearch\index\snapshots\blobstore\SnapshotFiles.java,56,49,17,122,40.16393442622951
.\server\src\main\java\org\elasticsearch\index\snapshots\IndexShardRestoreException.java,17,21,6,44,47.72727272727273
.\server\src\main\java\org\elasticsearch\index\snapshots\IndexShardRestoreFailedException.java,15,21,6,42,50.0
.\server\src\main\java\org\elasticsearch\index\snapshots\IndexShardSnapshotException.java,17,21,6,44,47.72727272727273
.\server\src\main\java\org\elasticsearch\index\snapshots\IndexShardSnapshotFailedException.java,15,21,6,42,50.0
.\server\src\main\java\org\elasticsearch\index\snapshots\IndexShardSnapshotStatus.java,205,55,34,294,18.707482993197278
.\server\src\main\java\org\elasticsearch\index\store\ByteSizeCachingDirectory.java,98,31,15,144,21.52777777777778
.\server\src\main\java\org\elasticsearch\index\store\FsDirectoryFactory.java,113,38,19,170,22.352941176470587
.\server\src\main\java\org\elasticsearch\index\store\Store.java,1056,389,132,1577,24.66708941027267
.\server\src\main\java\org\elasticsearch\index\store\StoreFileMetadata.java,86,51,21,158,32.278481012658226
.\server\src\main\java\org\elasticsearch\index\store\StoreStats.java,54,31,17,102,30.392156862745097
.\server\src\main\java\org\elasticsearch\index\store\VerifyingIndexOutput.java,10,28,6,44,63.63636363636363
.\server\src\main\java\org\elasticsearch\index\translog\BaseTranslogReader.java,93,37,24,154,24.025974025974026
.\server\src\main\java\org\elasticsearch\index\translog\BufferedChecksumStreamInput.java,102,22,21,145,15.172413793103448
.\server\src\main\java\org\elasticsearch\index\translog\BufferedChecksumStreamOutput.java,43,22,12,77,28.571428571428573
.\server\src\main\java\org\elasticsearch\index\translog\ChannelFactory.java,13,21,4,38,55.26315789473684
.\server\src\main\java\org\elasticsearch\index\translog\Checkpoint.java,240,45,31,316,14.240506329113924
.\server\src\main\java\org\elasticsearch\index\translog\MultiSnapshot.java,67,28,12,107,26.16822429906542
.\server\src\main\java\org\elasticsearch\index\translog\TragicExceptionHolder.java,22,23,7,52,44.23076923076923
.\server\src\main\java\org\elasticsearch\index\translog\Translog.java,1327,365,190,1882,19.394261424017003
.\server\src\main\java\org\elasticsearch\index\translog\TranslogConfig.java,41,45,12,98,45.91836734693877
.\server\src\main\java\org\elasticsearch\index\translog\TranslogCorruptedException.java,25,18,8,51,35.294117647058826
.\server\src\main\java\org\elasticsearch\index\translog\TranslogDeletionPolicy.java,148,41,28,217,18.89400921658986
.\server\src\main\java\org\elasticsearch\index\translog\TranslogException.java,17,18,7,42,42.857142857142854
.\server\src\main\java\org\elasticsearch\index\translog\TranslogHeader.java,133,59,22,214,27.570093457943926
.\server\src\main\java\org\elasticsearch\index\translog\TranslogReader.java,91,45,17,153,29.41176470588235
.\server\src\main\java\org\elasticsearch\index\translog\TranslogSnapshot.java,89,24,15,128,18.75
.\server\src\main\java\org\elasticsearch\index\translog\TranslogStats.java,49,20,9,78,25.641025641025642
.\server\src\main\java\org\elasticsearch\index\translog\TranslogWriter.java,447,87,51,585,14.871794871794872
.\server\src\main\java\org\elasticsearch\index\translog\TruncatedTranslogException.java,11,18,7,36,50.0
.\server\src\main\java\org\elasticsearch\index\translog\TruncateTranslog.java,184,34,32,250,13.6
.\server\src\main\java\org\elasticsearch\index\VersionType.java,191,68,40,299,22.74247491638796
.\server\src\main\java\org\elasticsearch\indices\analysis\AnalysisModule.java,196,55,29,280,19.642857142857142
.\server\src\main\java\org\elasticsearch\indices\analysis\HunspellService.java,134,76,24,234,32.47863247863248
.\server\src\main\java\org\elasticsearch\indices\analysis\PreBuiltAnalyzers.java,83,25,20,128,19.53125
.\server\src\main\java\org\elasticsearch\indices\analysis\PreBuiltCacheFactory.java,78,34,26,138,24.63768115942029
.\server\src\main\java\org\elasticsearch\indices\analysis\PreBuiltTokenizers.java,25,18,10,53,33.9622641509434
.\server\src\main\java\org\elasticsearch\indices\breaker\BreakerSettings.java,9,21,4,34,61.76470588235294
.\server\src\main\java\org\elasticsearch\indices\breaker\CircuitBreakerService.java,25,30,12,67,44.776119402985074
.\server\src\main\java\org\elasticsearch\indices\breaker\CircuitBreakerStats.java,45,26,12,83,31.325301204819276
.\server\src\main\java\org\elasticsearch\indices\breaker\HierarchyCircuitBreakerService.java,249,32,48,329,9.72644376899696
.\server\src\main\java\org\elasticsearch\indices\cluster\IndicesClusterStateService.java,585,121,76,782,15.473145780051151
.\server\src\main\java\org\elasticsearch\indices\IndexClosedException.java,19,21,8,48,43.75
.\server\src\main\java\org\elasticsearch\indices\IndexCreationException.java,14,18,6,38,47.36842105263158
.\server\src\main\java\org\elasticsearch\indices\IndexingMemoryController.java,254,70,68,392,17.857142857142858
.\server\src\main\java\org\elasticsearch\indices\IndexPrimaryShardNotAllocatedException.java,14,22,6,42,52.38095238095238
.\server\src\main\java\org\elasticsearch\indices\IndexTemplateMissingException.java,29,18,11,58,31.03448275862069
.\server\src\main\java\org\elasticsearch\indices\IndicesModule.java,50,21,11,82,25.609756097560975
.\server\src\main\java\org\elasticsearch\indices\IndicesQueryCache.java,31,21,8,60,35.0
.\server\src\main\java\org\elasticsearch\indices\IndicesService.java,878,169,83,1130,14.955752212389381
.\server\src\main\java\org\elasticsearch\indices\InvalidAliasNameException.java,22,18,9,49,36.734693877551024
.\server\src\main\java\org\elasticsearch\indices\InvalidRelationName.java,27,18,10,55,32.72727272727273
.\server\src\main\java\org\elasticsearch\indices\recovery\BlobFinalizeRecoveryRequest.java,11,20,6,37,54.054054054054056
.\server\src\main\java\org\elasticsearch\indices\recovery\BlobRecoveryChunkRequest.java,39,20,11,70,28.571428571428573
.\server\src\main\java\org\elasticsearch\indices\recovery\BlobRecoveryDeleteRequest.java,28,20,8,56,35.714285714285715
.\server\src\main\java\org\elasticsearch\indices\recovery\BlobRecoveryRequest.java,23,20,9,52,38.46153846153846
.\server\src\main\java\org\elasticsearch\indices\recovery\BlobRecoveryStartTransferRequest.java,48,20,12,80,25.0
.\server\src\main\java\org\elasticsearch\indices\recovery\BlobRecoveryStatus.java,29,20,13,62,32.25806451612903
.\server\src\main\java\org\elasticsearch\indices\recovery\BlobRecoveryTarget.java,200,48,37,285,16.842105263157894
.\server\src\main\java\org\elasticsearch\indices\recovery\BlobRecoveryTransferStatus.java,27,20,9,56,35.714285714285715
.\server\src\main\java\org\elasticsearch\indices\recovery\BlobStartPrefixResponse.java,26,20,8,54,37.03703703703704
.\server\src\main\java\org\elasticsearch\indices\recovery\BlobStartPrefixSyncRequest.java,28,20,11,59,33.898305084745765
.\server\src\main\java\org\elasticsearch\indices\recovery\BlobStartRecoveryRequest.java,24,20,9,53,37.735849056603776
.\server\src\main\java\org\elasticsearch\indices\recovery\DelayRecoveryException.java,12,23,7,42,54.76190476190476
.\server\src\main\java\org\elasticsearch\indices\recovery\MultiChunkTransfer.java,149,46,21,216,21.296296296296298
.\server\src\main\java\org\elasticsearch\indices\recovery\MultiFileWriter.java,173,33,22,228,14.473684210526315
.\server\src\main\java\org\elasticsearch\indices\recovery\PeerRecoveryNotFound.java,14,18,6,38,47.36842105263158
.\server\src\main\java\org\elasticsearch\indices\recovery\PeerRecoverySourceService.java,300,35,42,377,9.283819628647215
.\server\src\main\java\org\elasticsearch\indices\recovery\PeerRecoveryTargetService.java,568,66,77,711,9.282700421940929
.\server\src\main\java\org\elasticsearch\indices\recovery\RecoverFilesRecoveryException.java,18,18,6,42,42.857142857142854
.\server\src\main\java\org\elasticsearch\indices\recovery\RecoveriesCollection.java,187,74,34,295,25.084745762711865
.\server\src\main\java\org\elasticsearch\indices\recovery\RecoveryCleanFilesRequest.java,58,18,13,89,20.224719101123597
.\server\src\main\java\org\elasticsearch\indices\recovery\RecoveryFailedException.java,25,18,9,52,34.61538461538461
.\server\src\main\java\org\elasticsearch\indices\recovery\RecoveryFileChunkRequest.java,105,21,19,145,14.482758620689655
.\server\src\main\java\org\elasticsearch\indices\recovery\RecoveryFilesInfoRequest.java,88,18,19,125,14.4
.\server\src\main\java\org\elasticsearch\indices\recovery\RecoveryFinalizeRecoveryRequest.java,49,18,12,79,22.78481012658228
.\server\src\main\java\org\elasticsearch\indices\recovery\RecoveryHandoffPrimaryContextRequest.java,48,28,12,88,31.818181818181817
.\server\src\main\java\org\elasticsearch\indices\recovery\RecoveryPrepareForTranslogOperationsRequest.java,38,18,11,67,26.865671641791046
.\server\src\main\java\org\elasticsearch\indices\recovery\RecoveryRequestTracker.java,42,30,9,81,37.03703703703704
.\server\src\main\java\org\elasticsearch\indices\recovery\RecoveryResponse.java,98,18,12,128,14.0625
.\server\src\main\java\org\elasticsearch\indices\recovery\RecoverySettings.java,153,42,43,238,17.647058823529413
.\server\src\main\java\org\elasticsearch\indices\recovery\RecoverySourceHandler.java,865,160,90,1115,14.349775784753364
.\server\src\main\java\org\elasticsearch\indices\recovery\RecoveryState.java,635,97,129,861,11.265969802555169
.\server\src\main\java\org\elasticsearch\indices\recovery\RecoveryTarget.java,371,104,46,521,19.961612284069098
.\server\src\main\java\org\elasticsearch\indices\recovery\RecoveryTargetHandler.java,34,70,13,117,59.82905982905983
.\server\src\main\java\org\elasticsearch\indices\recovery\RecoveryTranslogOperationsRequest.java,84,23,16,123,18.69918699186992
.\server\src\main\java\org\elasticsearch\indices\recovery\RecoveryTranslogOperationsResponse.java,18,18,8,44,40.90909090909091
.\server\src\main\java\org\elasticsearch\indices\recovery\RecoveryTransportRequest.java,31,18,9,58,31.03448275862069
.\server\src\main\java\org\elasticsearch\indices\recovery\ReestablishRecoveryRequest.java,38,21,11,70,30.0
.\server\src\main\java\org\elasticsearch\indices\recovery\RemoteRecoveryTargetHandler.java,271,27,25,323,8.359133126934985
.\server\src\main\java\org\elasticsearch\indices\recovery\StartRecoveryRequest.java,85,33,17,135,24.444444444444443
.\server\src\main\java\org\elasticsearch\indices\ShardLimitValidator.java,66,49,16,131,37.404580152671755
.\server\src\main\java\org\elasticsearch\indices\store\IndicesStore.java,347,49,52,448,10.9375
.\server\src\main\java\org\elasticsearch\indices\store\TransportNodesListShardStoreMetadata.java,287,41,53,381,10.761154855643044
.\server\src\main\java\org\elasticsearch\monitor\fs\FsHealthService.java,138,22,24,184,11.956521739130435
.\server\src\main\java\org\elasticsearch\monitor\fs\FsInfo.java,326,25,55,406,6.157635467980295
.\server\src\main\java\org\elasticsearch\monitor\fs\FsProbe.java,116,28,18,162,17.28395061728395
.\server\src\main\java\org\elasticsearch\monitor\fs\FsService.java,47,19,12,78,24.358974358974358
.\server\src\main\java\org\elasticsearch\monitor\jvm\GcNames.java,27,21,5,53,39.62264150943396
.\server\src\main\java\org\elasticsearch\monitor\jvm\JvmGcMonitorService.java,425,19,71,515,3.6893203883495147
.\server\src\main\java\org\elasticsearch\monitor\jvm\JvmInfo.java,296,36,48,380,9.473684210526315
.\server\src\main\java\org\elasticsearch\monitor\jvm\JvmPid.java,10,18,5,33,54.54545454545455
.\server\src\main\java\org\elasticsearch\monitor\jvm\JvmService.java,31,18,13,62,29.032258064516128
.\server\src\main\java\org\elasticsearch\monitor\jvm\JvmStats.java,385,25,83,493,5.070993914807302
.\server\src\main\java\org\elasticsearch\monitor\MonitorService.java,49,18,13,80,22.5
.\server\src\main\java\org\elasticsearch\monitor\NodeHealthService.java,5,18,3,26,69.23076923076923
.\server\src\main\java\org\elasticsearch\monitor\os\DummyOsInfo.java,7,18,4,29,62.06896551724138
.\server\src\main\java\org\elasticsearch\monitor\os\OsInfo.java,56,18,14,88,20.454545454545453
.\server\src\main\java\org\elasticsearch\monitor\os\OsProbe.java,370,223,57,650,34.30769230769231
.\server\src\main\java\org\elasticsearch\monitor\os\OsService.java,32,18,11,61,29.508196721311474
.\server\src\main\java\org\elasticsearch\monitor\os\OsStats.java,255,99,61,415,23.85542168674699
.\server\src\main\java\org\elasticsearch\monitor\package-info.java,1,22,1,24,91.66666666666667
.\server\src\main\java\org\elasticsearch\monitor\Probes.java,19,18,5,42,42.857142857142854
.\server\src\main\java\org\elasticsearch\monitor\process\ProcessProbe.java,96,43,18,157,27.388535031847134
.\server\src\main\java\org\elasticsearch\monitor\process\ProcessService.java,26,18,10,54,33.333333333333336
.\server\src\main\java\org\elasticsearch\monitor\process\ProcessStats.java,90,28,26,144,19.444444444444443
.\server\src\main\java\org\elasticsearch\monitor\StatusInfo.java,8,22,4,34,64.70588235294117
.\server\src\main\java\org\elasticsearch\node\InternalSettingsPreparer.java,62,43,13,118,36.440677966101696
.\server\src\main\java\org\elasticsearch\node\Node.java,1209,129,133,1471,8.769544527532291
.\server\src\main\java\org\elasticsearch\node\NodeClosedException.java,13,23,6,42,54.76190476190476
.\server\src\main\java\org\elasticsearch\node\NodeNames.java,39,20,6,65,30.76923076923077
.\server\src\main\java\org\elasticsearch\node\NodeService.java,32,22,10,64,34.375
.\server\src\main\java\org\elasticsearch\node\NodeValidationException.java,8,30,5,43,69.76744186046511
.\server\src\main\java\org\elasticsearch\node\package-info.java,1,22,1,24,91.66666666666667
.\server\src\main\java\org\elasticsearch\package-info.java,1,21,1,23,91.30434782608695
.\server\src\main\java\org\elasticsearch\plugins\AnalysisPlugin.java,63,69,15,147,46.93877551020408
.\server\src\main\java\org\elasticsearch\plugins\ClusterPlugin.java,27,53,9,89,59.550561797752806
.\server\src\main\java\org\elasticsearch\plugins\CompositeClassLoader.java,34,19,7,60,31.666666666666668
.\server\src\main\java\org\elasticsearch\plugins\DiscoveryPlugin.java,27,63,8,98,64.28571428571429
.\server\src\main\java\org\elasticsearch\plugins\EnginePlugin.java,7,29,6,42,69.04761904761905
.\server\src\main\java\org\elasticsearch\plugins\IndexStorePlugin.java,13,38,7,58,65.51724137931035
.\server\src\main\java\org\elasticsearch\plugins\package-info.java,1,22,1,24,91.66666666666667
.\server\src\main\java\org\elasticsearch\plugins\Plugin.java,66,92,17,175,52.57142857142857
.\server\src\main\java\org\elasticsearch\plugins\PluginInfo.java,75,50,18,143,34.96503496503497
.\server\src\main\java\org\elasticsearch\plugins\PluginsService.java,331,64,54,449,14.25389755011136
.\server\src\main\java\org\elasticsearch\plugins\ReloadablePlugin.java,5,46,3,54,85.18518518518519
.\server\src\main\java\org\elasticsearch\plugins\RepositoryPlugin.java,26,38,7,71,53.521126760563384
.\server\src\main\java\org\elasticsearch\plugins\spi\package-info.java,1,23,1,25,92.0
.\server\src\main\java\org\elasticsearch\repositories\blobstore\BlobStoreRepository.java,1851,373,192,2416,15.438741721854305
.\server\src\main\java\org\elasticsearch\repositories\blobstore\ChecksumBlobStoreFormat.java,120,49,18,187,26.203208556149733
.\server\src\main\java\org\elasticsearch\repositories\blobstore\FileRestoreContext.java,140,53,23,216,24.537037037037038
.\server\src\main\java\org\elasticsearch\repositories\fs\FsRepository.java,93,33,20,146,22.602739726027398
.\server\src\main\java\org\elasticsearch\repositories\IndexId.java,57,35,15,107,32.71028037383178
.\server\src\main\java\org\elasticsearch\repositories\IndexMetaDataGenerations.java,91,71,17,179,39.66480446927374
.\server\src\main\java\org\elasticsearch\repositories\package-info.java,1,21,1,23,91.30434782608695
.\server\src\main\java\org\elasticsearch\repositories\RepositoriesModule.java,103,21,15,139,15.107913669064748
.\server\src\main\java\org\elasticsearch\repositories\RepositoriesService.java,472,105,75,652,16.104294478527606
.\server\src\main\java\org\elasticsearch\repositories\Repository.java,59,158,25,242,65.2892561983471
.\server\src\main\java\org\elasticsearch\repositories\RepositoryData.java,540,187,48,775,24.129032258064516
.\server\src\main\java\org\elasticsearch\repositories\RepositoryException.java,27,26,9,62,41.935483870967744
.\server\src\main\java\org\elasticsearch\repositories\RepositoryMissingException.java,18,21,8,47,44.680851063829785
.\server\src\main\java\org\elasticsearch\repositories\RepositoryOperation.java,5,27,4,36,75.0
.\server\src\main\java\org\elasticsearch\repositories\RepositoryVerificationException.java,19,21,11,51,41.1764705882353
.\server\src\main\java\org\elasticsearch\repositories\ShardGenerations.java,155,78,27,260,30.0
.\server\src\main\java\org\elasticsearch\repositories\VerificationFailure.java,22,18,8,48,37.5
.\server\src\main\java\org\elasticsearch\repositories\VerifyNodeRepositoryAction.java,123,18,22,163,11.042944785276074
.\server\src\main\java\org\elasticsearch\ResourceAlreadyExistsException.java,21,18,9,48,37.5
.\server\src\main\java\org\elasticsearch\ResourceNotFoundException.java,19,21,9,49,42.857142857142854
.\server\src\main\java\org\elasticsearch\rest\RestStatus.java,97,430,15,542,79.33579335793358
.\server\src\main\java\org\elasticsearch\rest\RestUtils.java,25,30,7,62,48.38709677419355
.\server\src\main\java\org\elasticsearch\search\MultiValueMode.java,13,32,7,52,61.53846153846154
.\server\src\main\java\org\elasticsearch\search\profile\ProfileResult.java,41,48,12,101,47.524752475247524
.\server\src\main\java\org\elasticsearch\search\profile\query\ProfileScorer.java,169,25,23,217,11.52073732718894
.\server\src\main\java\org\elasticsearch\search\profile\query\ProfileWeight.java,61,23,13,97,23.711340206185568
.\server\src\main\java\org\elasticsearch\search\profile\query\QueryProfileBreakdown.java,30,28,9,67,41.791044776119406
.\server\src\main\java\org\elasticsearch\search\profile\query\QueryProfiler.java,90,84,28,202,41.584158415841586
.\server\src\main\java\org\elasticsearch\search\profile\query\QueryTimingType.java,16,18,4,38,47.36842105263158
.\server\src\main\java\org\elasticsearch\search\profile\Timer.java,43,48,8,99,48.484848484848484
.\server\src\main\java\org\elasticsearch\snapshots\AbortedSnapshotException.java,6,18,2,26,69.23076923076923
.\server\src\main\java\org\elasticsearch\snapshots\ConcurrentSnapshotExecutionException.java,14,21,7,42,50.0
.\server\src\main\java\org\elasticsearch\snapshots\EmptySnapshotsInfoService.java,9,18,4,31,58.064516129032256
.\server\src\main\java\org\elasticsearch\snapshots\InFlightShardSnapshotStates.java,76,56,15,147,38.095238095238095
.\server\src\main\java\org\elasticsearch\snapshots\InternalSnapshotsInfoService.java,315,31,47,393,7.888040712468193
.\server\src\main\java\org\elasticsearch\snapshots\InvalidSnapshotNameException.java,18,21,9,48,43.75
.\server\src\main\java\org\elasticsearch\snapshots\package-info.java,1,137,1,139,98.56115107913669
.\server\src\main\java\org\elasticsearch\snapshots\RestoreInfo.java,62,48,15,125,38.4
.\server\src\main\java\org\elasticsearch\snapshots\RestoreService.java,837,93,103,1033,9.002904162633108
.\server\src\main\java\org\elasticsearch\snapshots\Snapshot.java,54,33,15,102,32.35294117647059
.\server\src\main\java\org\elasticsearch\snapshots\SnapshotException.java,60,21,16,97,21.649484536082475
.\server\src\main\java\org\elasticsearch\snapshots\SnapshotId.java,58,43,16,117,36.75213675213675
.\server\src\main\java\org\elasticsearch\snapshots\SnapshotInfo.java,311,92,44,447,20.58165548098434
.\server\src\main\java\org\elasticsearch\snapshots\SnapshotInProgressException.java,17,22,8,47,46.808510638297875
.\server\src\main\java\org\elasticsearch\snapshots\SnapshotMissingException.java,21,21,9,51,41.1764705882353
.\server\src\main\java\org\elasticsearch\snapshots\SnapshotRestoreException.java,20,21,8,49,42.857142857142854
.\server\src\main\java\org\elasticsearch\snapshots\SnapshotSchemaValidator.java,110,46,12,168,27.38095238095238
.\server\src\main\java\org\elasticsearch\snapshots\SnapshotShardFailure.java,104,45,20,169,26.62721893491124
.\server\src\main\java\org\elasticsearch\snapshots\SnapshotShardSizeInfo.java,30,18,9,57,31.57894736842105
.\server\src\main\java\org\elasticsearch\snapshots\SnapshotShardsService.java,377,89,41,507,17.554240631163708
.\server\src\main\java\org\elasticsearch\snapshots\SnapshotsInfoService.java,5,18,2,25,72.0
.\server\src\main\java\org\elasticsearch\snapshots\SnapshotsService.java,1893,404,175,2472,16.34304207119741
.\server\src\main\java\org\elasticsearch\snapshots\SnapshotState.java,41,57,13,111,51.351351351351354
.\server\src\main\java\org\elasticsearch\snapshots\UpdateIndexShardSnapshotStatusRequest.java,61,22,14,97,22.68041237113402
.\server\src\main\java\org\elasticsearch\snapshots\UpdateIndexShardSnapshotStatusResponse.java,9,18,6,33,54.54545454545455
.\server\src\main\java\org\elasticsearch\tasks\package-info.java,1,22,1,24,91.66666666666667
.\server\src\main\java\org\elasticsearch\tasks\TaskAwareRequest.java,8,31,5,44,70.45454545454545
.\server\src\main\java\org\elasticsearch\tasks\TaskCancelledException.java,12,21,6,39,53.84615384615385
.\server\src\main\java\org\elasticsearch\tasks\TaskId.java,96,33,21,150,22.0
.\server\src\main\java\org\elasticsearch\threadpool\ExecutorBuilder.java,28,38,13,79,48.10126582278481
.\server\src\main\java\org\elasticsearch\threadpool\FixedExecutorBuilder.java,59,29,11,99,29.292929292929294
.\server\src\main\java\org\elasticsearch\threadpool\PrioFixedExecutorBuilder.java,55,39,7,101,38.613861386138616
.\server\src\main\java\org\elasticsearch\threadpool\ScalingExecutorBuilder.java,57,31,10,98,31.632653061224488
.\server\src\main\java\org\elasticsearch\threadpool\ScheduledCancellableAdapter.java,28,19,9,56,33.92857142857143
.\server\src\main\java\org\elasticsearch\threadpool\Scheduler.java,134,98,31,263,37.26235741444867
.\server\src\main\java\org\elasticsearch\threadpool\ThreadPool.java,436,110,71,617,17.828200972447327
.\server\src\main\java\org\elasticsearch\threadpool\ThreadPoolStats.java,79,18,15,112,16.071428571428573
.\server\src\main\java\org\elasticsearch\transport\ActionNotFoundTransportException.java,23,23,9,55,41.81818181818182
.\server\src\main\java\org\elasticsearch\transport\ActionTransportException.java,52,29,13,94,30.851063829787233
.\server\src\main\java\org\elasticsearch\transport\BindTransportException.java,14,18,7,39,46.15384615384615
.\server\src\main\java\org\elasticsearch\transport\BytesTransportRequest.java,34,26,11,71,36.61971830985915
.\server\src\main\java\org\elasticsearch\transport\CloseableConnection.java,18,23,9,50,46.0
.\server\src\main\java\org\elasticsearch\transport\ClusterConnectionManager.java,188,47,25,260,18.076923076923077
.\server\src\main\java\org\elasticsearch\transport\CompressibleBytesOutputStream.java,53,40,14,107,37.38317757009346
.\server\src\main\java\org\elasticsearch\transport\ConnectionManager.java,56,18,22,96,18.75
.\server\src\main\java\org\elasticsearch\transport\ConnectionProfile.java,206,99,30,335,29.55223880597015
.\server\src\main\java\org\elasticsearch\transport\ConnectTransportException.java,33,18,12,63,28.571428571428573
.\server\src\main\java\org\elasticsearch\transport\EmptyTransportResponseHandler.java,25,18,11,54,33.333333333333336
.\server\src\main\java\org\elasticsearch\transport\Header.java,67,19,21,107,17.757009345794394
.\server\src\main\java\org\elasticsearch\transport\InboundAggregator.java,197,19,31,247,7.6923076923076925
.\server\src\main\java\org\elasticsearch\transport\InboundDecoder.java,152,20,25,197,10.152284263959391
.\server\src\main\java\org\elasticsearch\transport\InboundHandler.java,343,55,38,436,12.614678899082568
.\server\src\main\java\org\elasticsearch\transport\InboundMessage.java,81,18,18,117,15.384615384615385
.\server\src\main\java\org\elasticsearch\transport\InboundPipeline.java,141,18,17,176,10.227272727272727
.\server\src\main\java\org\elasticsearch\transport\netty4\ByteBufBytesReference.java,69,18,18,105,17.142857142857142
.\server\src\main\java\org\elasticsearch\transport\netty4\ByteBufStreamInput.java,134,30,26,190,15.789473684210526
.\server\src\main\java\org\elasticsearch\transport\netty4\HostBasedAuthHandler.java,57,20,12,89,22.471910112359552
.\server\src\main\java\org\elasticsearch\transport\netty4\Netty4InboundStatsHandler.java,69,18,14,101,17.821782178217823
.\server\src\main\java\org\elasticsearch\transport\netty4\Netty4MessageChannelHandler.java,62,22,10,94,23.404255319148938
.\server\src\main\java\org\elasticsearch\transport\netty4\Netty4OutboundStatsHandler.java,31,19,9,59,32.20338983050848
.\server\src\main\java\org\elasticsearch\transport\netty4\Netty4Transport.java,277,26,51,354,7.344632768361582
.\server\src\main\java\org\elasticsearch\transport\netty4\Netty4Utils.java,86,44,14,144,30.555555555555557
.\server\src\main\java\org\elasticsearch\transport\NodeDisconnectedException.java,17,19,8,44,43.18181818181818
.\server\src\main\java\org\elasticsearch\transport\NodeNotConnectedException.java,12,23,6,41,56.09756097560975
.\server\src\main\java\org\elasticsearch\transport\NodeShouldNotConnectException.java,12,18,6,36,50.0
.\server\src\main\java\org\elasticsearch\transport\NoSeedNodeLeftException.java,12,21,6,39,53.84615384615385
.\server\src\main\java\org\elasticsearch\transport\NoSuchRemoteClusterException.java,12,23,7,42,54.76190476190476
.\server\src\main\java\org\elasticsearch\transport\NotSerializableTransportException.java,25,18,8,51,35.294117647058826
.\server\src\main\java\org\elasticsearch\transport\OutboundHandler.java,136,30,17,183,16.39344262295082
.\server\src\main\java\org\elasticsearch\transport\OutboundMessage.java,121,24,24,169,14.201183431952662
.\server\src\main\java\org\elasticsearch\transport\ProxyConnection.java,50,20,13,83,24.096385542168676
.\server\src\main\java\org\elasticsearch\transport\ReceiveTimeoutTransportException.java,12,18,7,37,48.648648648648646
.\server\src\main\java\org\elasticsearch\transport\RemoteCluster.java,102,20,17,139,14.388489208633093
.\server\src\main\java\org\elasticsearch\transport\RemoteClusterAwareRequest.java,5,25,5,35,71.42857142857143
.\server\src\main\java\org\elasticsearch\transport\RemoteClusters.java,76,26,12,114,22.80701754385965
.\server\src\main\java\org\elasticsearch\transport\RemoteConnectionParser.java,38,20,8,66,30.303030303030305
.\server\src\main\java\org\elasticsearch\transport\RemoteTransportException.java,21,25,8,54,46.2962962962963
.\server\src\main\java\org\elasticsearch\transport\RequestHandlerRegistry.java,55,18,15,88,20.454545454545453
.\server\src\main\java\org\elasticsearch\transport\ResponseHandlerFailureTransportException.java,15,21,7,43,48.83720930232558
.\server\src\main\java\org\elasticsearch\transport\SendRequestTransportException.java,13,18,6,37,48.648648648648646
.\server\src\main\java\org\elasticsearch\transport\SniffRemoteClient.java,276,18,30,324,5.555555555555555
.\server\src\main\java\org\elasticsearch\transport\StatsTracker.java,54,22,19,95,23.157894736842106
.\server\src\main\java\org\elasticsearch\transport\TcpHeader.java,43,19,20,82,23.170731707317074
.\server\src\main\java\org\elasticsearch\transport\TcpTransport.java,728,97,111,936,10.363247863247864
.\server\src\main\java\org\elasticsearch\transport\TcpTransportChannel.java,74,20,15,109,18.34862385321101
.\server\src\main\java\org\elasticsearch\transport\Transport.java,136,95,45,276,34.42028985507246
.\server\src\main\java\org\elasticsearch\transport\TransportActionProxy.java,118,50,29,197,25.380710659898476
.\server\src\main\java\org\elasticsearch\transport\TransportChannel.java,11,24,8,43,55.81395348837209
.\server\src\main\java\org\elasticsearch\transport\TransportConnectionListener.java,12,37,7,56,66.07142857142857
.\server\src\main\java\org\elasticsearch\transport\TransportDecompressor.java,117,18,13,148,12.162162162162161
.\server\src\main\java\org\elasticsearch\transport\TransportException.java,18,18,7,43,41.86046511627907
.\server\src\main\java\org\elasticsearch\transport\TransportHandshaker.java,184,28,39,251,11.155378486055778
.\server\src\main\java\org\elasticsearch\transport\TransportKeepAlive.java,127,35,31,193,18.134715025906736
.\server\src\main\java\org\elasticsearch\transport\TransportLogger.java,57,19,10,86,22.093023255813954
.\server\src\main\java\org\elasticsearch\transport\TransportMessageListener.java,20,49,9,78,62.82051282051282
.\server\src\main\java\org\elasticsearch\transport\TransportRequest.java,30,27,11,68,39.705882352941174
.\server\src\main\java\org\elasticsearch\transport\TransportRequestDeduplicator.java,68,37,17,122,30.327868852459016
.\server\src\main\java\org\elasticsearch\transport\TransportRequestHandler.java,4,18,4,26,69.23076923076923
.\server\src\main\java\org\elasticsearch\transport\TransportRequestOptions.java,19,18,9,46,39.130434782608695
.\server\src\main\java\org\elasticsearch\transport\TransportResponse.java,12,18,6,36,50.0
.\server\src\main\java\org\elasticsearch\transport\TransportResponseHandler.java,11,24,8,43,55.81395348837209
.\server\src\main\java\org\elasticsearch\transport\Transports.java,28,24,9,61,39.34426229508197
.\server\src\main\java\org\elasticsearch\transport\TransportSerializationException.java,11,18,6,35,51.42857142857143
.\server\src\main\java\org\elasticsearch\transport\TransportService.java,739,152,103,994,15.29175050301811
.\server\src\main\java\org\elasticsearch\transport\TransportSettings.java,68,26,22,116,22.413793103448278
.\server\src\main\java\org\elasticsearch\transport\TransportStatus.java,39,18,12,69,26.08695652173913
.\server\src\main\java\org\elasticsearch\Version.java,516,97,89,702,13.817663817663817
.\plugins\es-analysis-common\src\main\java\org\elasticsearch\analysis\common\AbstractCompoundWordTokenFilterFactory.java,26,21,6,53,39.62264150943396
.\plugins\es-analysis-common\src\main\java\org\elasticsearch\analysis\common\ApostropheFilterFactory.java,16,21,6,43,48.83720930232558
.\plugins\es-analysis-common\src\main\java\org\elasticsearch\analysis\common\ArabicAnalyzerProvider.java,22,18,6,46,39.130434782608695
.\plugins\es-analysis-common\src\main\java\org\elasticsearch\analysis\common\ArabicNormalizationFilterFactory.java,21,18,6,45,40.0
.\plugins\es-analysis-common\src\main\java\org\elasticsearch\analysis\common\ArabicStemTokenFilterFactory.java,16,18,5,39,46.15384615384615
.\plugins\es-analysis-common\src\main\java\org\elasticsearch\analysis\common\ArmenianAnalyzerProvider.java,22,18,6,46,39.130434782608695
.\plugins\es-analysis-common\src\main\java\org\elasticsearch\analysis\common\ASCIIFoldingTokenFilterFactory.java,42,22,9,73,30.136986301369863
.\plugins\es-analysis-common\src\main\java\org\elasticsearch\analysis\common\BasqueAnalyzerProvider.java,22,18,6,46,39.130434782608695
.\plugins\es-analysis-common\src\main\java\org\elasticsearch\analysis\common\BengaliAnalyzerProvider.java,22,18,6,46,39.130434782608695
.\plugins\es-analysis-common\src\main\java\org\elasticsearch\analysis\common\BengaliNormalizationFilterFactory.java,21,21,6,48,43.75
.\plugins\es-analysis-common\src\main\java\org\elasticsearch\analysis\common\BrazilianAnalyzerProvider.java,22,18,6,46,39.130434782608695
.\plugins\es-analysis-common\src\main\java\org\elasticsearch\analysis\common\BrazilianStemTokenFilterFactory.java,21,18,6,45,40.0
.\plugins\es-analysis-common\src\main\java\org\elasticsearch\analysis\common\BulgarianAnalyzerProvider.java,22,18,6,46,39.130434782608695
.\plugins\es-analysis-common\src\main\java\org\elasticsearch\analysis\common\CatalanAnalyzerProvider.java,22,18,6,46,39.130434782608695
.\plugins\es-analysis-common\src\main\java\org\elasticsearch\analysis\common\CharGroupTokenizerFactory.java,106,18,10,134,13.432835820895523
.\plugins\es-analysis-common\src\main\java\org\elasticsearch\analysis\common\CharMatcher.java,105,22,14,141,15.602836879432624
.\plugins\es-analysis-common\src\main\java\org\elasticsearch\analysis\common\ChineseAnalyzerProvider.java,17,22,6,45,48.888888888888886
.\plugins\es-analysis-common\src\main\java\org\elasticsearch\analysis\common\CjkAnalyzerProvider.java,21,18,7,46,39.130434782608695
.\plugins\es-analysis-common\src\main\java\org\elasticsearch\analysis\common\CJKBigramFilterFactory.java,46,38,9,93,40.86021505376344
.\plugins\es-analysis-common\src\main\java\org\elasticsearch\analysis\common\CJKWidthFilterFactory.java,21,18,7,46,39.130434782608695
.\plugins\es-analysis-common\src\main\java\org\elasticsearch\analysis\common\ClassicFilterFactory.java,16,21,6,43,48.83720930232558
.\plugins\es-analysis-common\src\main\java\org\elasticsearch\analysis\common\ClassicTokenizerFactory.java,21,21,6,48,43.75
.\plugins\es-analysis-common\src\main\java\org\elasticsearch\analysis\common\CommonAnalysisPlugin.java,430,29,20,479,6.054279749478079
.\plugins\es-analysis-common\src\main\java\org\elasticsearch\analysis\common\CommonGramsTokenFilterFactory.java,34,18,10,62,29.032258064516128
.\plugins\es-analysis-common\src\main\java\org\elasticsearch\analysis\common\CzechAnalyzerProvider.java,22,18,6,46,39.130434782608695
.\plugins\es-analysis-common\src\main\java\org\elasticsearch\analysis\common\CzechStemTokenFilterFactory.java,16,18,5,39,46.15384615384615
.\plugins\es-analysis-common\src\main\java\org\elasticsearch\analysis\common\DanishAnalyzerProvider.java,22,18,6,46,39.130434782608695
.\plugins\es-analysis-common\src\main\java\org\elasticsearch\analysis\common\DecimalDigitFilterFactory.java,21,21,6,48,43.75
.\plugins\es-analysis-common\src\main\java\org\elasticsearch\analysis\common\DelimitedPayloadTokenFilterFactory.java,45,18,10,73,24.65753424657534
.\plugins\es-analysis-common\src\main\java\org\elasticsearch\analysis\common\DictionaryCompoundWordTokenFilterFactory.java,16,23,6,45,51.111111111111114
.\plugins\es-analysis-common\src\main\java\org\elasticsearch\analysis\common\DutchAnalyzerProvider.java,22,18,6,46,39.130434782608695
.\plugins\es-analysis-common\src\main\java\org\elasticsearch\analysis\common\DutchStemTokenFilterFactory.java,23,18,6,47,38.297872340425535
.\plugins\es-analysis-common\src\main\java\org\elasticsearch\analysis\common\EdgeNGramTokenFilterFactory.java,43,20,14,77,25.974025974025974
.\plugins\es-analysis-common\src\main\java\org\elasticsearch\analysis\common\EdgeNGramTokenizerFactory.java,33,18,7,58,31.03448275862069
.\plugins\es-analysis-common\src\main\java\org\elasticsearch\analysis\common\ElisionTokenFilterFactory.java,25,18,7,50,36.0
.\plugins\es-analysis-common\src\main\java\org\elasticsearch\analysis\common\EnglishAnalyzerProvider.java,22,18,6,46,39.130434782608695
.\plugins\es-analysis-common\src\main\java\org\elasticsearch\analysis\common\FingerprintAnalyzer.java,30,19,5,54,35.18518518518518
.\plugins\es-analysis-common\src\main\java\org\elasticsearch\analysis\common\FingerprintAnalyzerProvider.java,38,22,13,73,30.136986301369863
.\plugins\es-analysis-common\src\main\java\org\elasticsearch\analysis\common\FingerprintTokenFilterFactory.java,24,18,8,50,36.0
.\plugins\es-analysis-common\src\main\java\org\elasticsearch\analysis\common\FinnishAnalyzerProvider.java,22,18,6,46,39.130434782608695
.\plugins\es-analysis-common\src\main\java\org\elasticsearch\analysis\common\FlattenGraphTokenFilterFactory.java,16,18,5,39,46.15384615384615
.\plugins\es-analysis-common\src\main\java\org\elasticsearch\analysis\common\FrenchAnalyzerProvider.java,22,18,6,46,39.130434782608695
.\plugins\es-analysis-common\src\main\java\org\elasticsearch\analysis\common\FrenchStemTokenFilterFactory.java,23,18,6,47,38.297872340425535
.\plugins\es-analysis-common\src\main\java\org\elasticsearch\analysis\common\GalicianAnalyzerProvider.java,22,18,6,46,39.130434782608695
.\plugins\es-analysis-common\src\main\java\org\elasticsearch\analysis\common\GermanAnalyzerProvider.java,22,18,6,46,39.130434782608695
.\plugins\es-analysis-common\src\main\java\org\elasticsearch\analysis\common\GermanNormalizationFilterFactory.java,21,21,6,48,43.75
.\plugins\es-analysis-common\src\main\java\org\elasticsearch\analysis\common\GermanStemTokenFilterFactory.java,21,18,6,45,40.0
.\plugins\es-analysis-common\src\main\java\org\elasticsearch\analysis\common\GreekAnalyzerProvider.java,18,18,6,42,42.857142857142854
.\plugins\es-analysis-common\src\main\java\org\elasticsearch\analysis\common\HindiAnalyzerProvider.java,22,18,6,46,39.130434782608695
.\plugins\es-analysis-common\src\main\java\org\elasticsearch\analysis\common\HindiNormalizationFilterFactory.java,21,21,6,48,43.75
.\plugins\es-analysis-common\src\main\java\org\elasticsearch\analysis\common\HtmlStripCharFilterFactory.java,25,18,6,49,36.734693877551024
.\plugins\es-analysis-common\src\main\java\org\elasticsearch\analysis\common\HungarianAnalyzerProvider.java,22,18,6,46,39.130434782608695
.\plugins\es-analysis-common\src\main\java\org\elasticsearch\analysis\common\HyphenationCompoundWordTokenFilterFactory.java,33,23,10,66,34.84848484848485
.\plugins\es-analysis-common\src\main\java\org\elasticsearch\analysis\common\IndicNormalizationFilterFactory.java,21,21,6,48,43.75
.\plugins\es-analysis-common\src\main\java\org\elasticsearch\analysis\common\IndonesianAnalyzerProvider.java,22,18,6,46,39.130434782608695
.\plugins\es-analysis-common\src\main\java\org\elasticsearch\analysis\common\IrishAnalyzerProvider.java,22,21,6,49,42.857142857142854
.\plugins\es-analysis-common\src\main\java\org\elasticsearch\analysis\common\ItalianAnalyzerProvider.java,22,18,6,46,39.130434782608695
.\plugins\es-analysis-common\src\main\java\org\elasticsearch\analysis\common\KeepTypesFilterFactory.java,49,30,10,89,33.70786516853933
.\plugins\es-analysis-common\src\main\java\org\elasticsearch\analysis\common\KeepWordFilterFactory.java,36,38,8,82,46.34146341463415
.\plugins\es-analysis-common\src\main\java\org\elasticsearch\analysis\common\KeywordMarkerTokenFilterFactory.java,46,36,9,91,39.56043956043956
.\plugins\es-analysis-common\src\main\java\org\elasticsearch\analysis\common\KeywordTokenizerFactory.java,18,18,6,42,42.857142857142854
.\plugins\es-analysis-common\src\main\java\org\elasticsearch\analysis\common\KStemTokenFilterFactory.java,16,18,5,39,46.15384615384615
.\plugins\es-analysis-common\src\main\java\org\elasticsearch\analysis\common\LatvianAnalyzerProvider.java,22,18,6,46,39.130434782608695
.\plugins\es-analysis-common\src\main\java\org\elasticsearch\analysis\common\LengthTokenFilterFactory.java,24,19,7,50,38.0
.\plugins\es-analysis-common\src\main\java\org\elasticsearch\analysis\common\LetterTokenizerFactory.java,16,18,5,39,46.15384615384615
.\plugins\es-analysis-common\src\main\java\org\elasticsearch\analysis\common\LimitTokenCountFilterFactory.java,22,18,7,47,38.297872340425535
.\plugins\es-analysis-common\src\main\java\org\elasticsearch\analysis\common\LithuanianAnalyzerProvider.java,22,21,6,49,42.857142857142854
.\plugins\es-analysis-common\src\main\java\org\elasticsearch\analysis\common\LowerCaseTokenFilterFactory.java,36,27,9,72,37.5
.\plugins\es-analysis-common\src\main\java\org\elasticsearch\analysis\common\LowerCaseTokenizerFactory.java,21,21,6,48,43.75
.\plugins\es-analysis-common\src\main\java\org\elasticsearch\analysis\common\MappingCharFilterFactory.java,91,22,15,128,17.1875
.\plugins\es-analysis-common\src\main\java\org\elasticsearch\analysis\common\MinHashTokenFilterFactory.java,36,22,8,66,33.333333333333336
.\plugins\es-analysis-common\src\main\java\org\elasticsearch\analysis\common\MultiplexerTokenFilterFactory.java,161,21,27,209,10.047846889952153
.\plugins\es-analysis-common\src\main\java\org\elasticsearch\analysis\common\NGramTokenFilterFactory.java,27,18,11,56,32.142857142857146
.\plugins\es-analysis-common\src\main\java\org\elasticsearch\analysis\common\NGramTokenizerFactory.java,82,20,12,114,17.54385964912281
.\plugins\es-analysis-common\src\main\java\org\elasticsearch\analysis\common\NorwegianAnalyzerProvider.java,22,18,6,46,39.130434782608695
.\plugins\es-analysis-common\src\main\java\org\elasticsearch\analysis\common\PathHierarchyTokenizerFactory.java,44,18,9,71,25.35211267605634
.\plugins\es-analysis-common\src\main\java\org\elasticsearch\analysis\common\PatternAnalyzer.java,39,19,7,65,29.23076923076923
.\plugins\es-analysis-common\src\main\java\org\elasticsearch\analysis\common\PatternAnalyzerProvider.java,29,18,10,57,31.57894736842105
.\plugins\es-analysis-common\src\main\java\org\elasticsearch\analysis\common\PatternCaptureGroupTokenFilterFactory.java,32,18,8,58,31.03448275862069
.\plugins\es-analysis-common\src\main\java\org\elasticsearch\analysis\common\PatternReplaceCharFilterFactory.java,38,18,11,67,26.865671641791046
.\plugins\es-analysis-common\src\main\java\org\elasticsearch\analysis\common\PatternReplaceTokenFilterFactory.java,28,18,8,54,33.333333333333336
.\plugins\es-analysis-common\src\main\java\org\elasticsearch\analysis\common\PatternTokenizerFactory.java,26,18,9,53,33.9622641509434
.\plugins\es-analysis-common\src\main\java\org\elasticsearch\analysis\common\PersianAnalyzerProvider.java,18,18,6,42,42.857142857142854
.\plugins\es-analysis-common\src\main\java\org\elasticsearch\analysis\common\PersianNormalizationFilterFactory.java,21,18,6,45,40.0
.\plugins\es-analysis-common\src\main\java\org\elasticsearch\analysis\common\PorterStemTokenFilterFactory.java,16,18,7,41,43.90243902439025
.\plugins\es-analysis-common\src\main\java\org\elasticsearch\analysis\common\PortugueseAnalyzerProvider.java,22,18,6,46,39.130434782608695
.\plugins\es-analysis-common\src\main\java\org\elasticsearch\analysis\common\RemoveDuplicatesTokenFilterFactory.java,16,21,5,42,50.0
.\plugins\es-analysis-common\src\main\java\org\elasticsearch\analysis\common\ReverseTokenFilterFactory.java,16,18,5,39,46.15384615384615
.\plugins\es-analysis-common\src\main\java\org\elasticsearch\analysis\common\RomanianAnalyzerProvider.java,22,18,6,46,39.130434782608695
.\plugins\es-analysis-common\src\main\java\org\elasticsearch\analysis\common\RussianAnalyzerProvider.java,22,18,6,46,39.130434782608695
.\plugins\es-analysis-common\src\main\java\org\elasticsearch\analysis\common\RussianStemTokenFilterFactory.java,16,18,5,39,46.15384615384615
.\plugins\es-analysis-common\src\main\java\org\elasticsearch\analysis\common\ScandinavianFoldingFilterFactory.java,21,21,6,48,43.75
.\plugins\es-analysis-common\src\main\java\org\elasticsearch\analysis\common\ScandinavianNormalizationFilterFactory.java,21,21,6,48,43.75
.\plugins\es-analysis-common\src\main\java\org\elasticsearch\analysis\common\SerbianNormalizationFilterFactory.java,21,18,6,45,40.0
.\plugins\es-analysis-common\src\main\java\org\elasticsearch\analysis\common\SimplePatternSplitTokenizerFactory.java,18,18,7,43,41.86046511627907
.\plugins\es-analysis-common\src\main\java\org\elasticsearch\analysis\common\SimplePatternTokenizerFactory.java,18,18,7,43,41.86046511627907
.\plugins\es-analysis-common\src\main\java\org\elasticsearch\analysis\common\SnowballAnalyzer.java,40,34,7,81,41.97530864197531
.\plugins\es-analysis-common\src\main\java\org\elasticsearch\analysis\common\SnowballAnalyzerProvider.java,38,31,12,81,38.27160493827161
.\plugins\es-analysis-common\src\main\java\org\elasticsearch\analysis\common\SnowballTokenFilterFactory.java,19,22,7,48,45.833333333333336
.\plugins\es-analysis-common\src\main\java\org\elasticsearch\analysis\common\SoraniAnalyzerProvider.java,22,21,6,49,42.857142857142854
.\plugins\es-analysis-common\src\main\java\org\elasticsearch\analysis\common\SoraniNormalizationFilterFactory.java,21,21,7,49,42.857142857142854
.\plugins\es-analysis-common\src\main\java\org\elasticsearch\analysis\common\SpanishAnalyzerProvider.java,22,18,6,46,39.130434782608695
.\plugins\es-analysis-common\src\main\java\org\elasticsearch\analysis\common\StandardHtmlStripAnalyzer.java,27,21,7,55,38.18181818181818
.\plugins\es-analysis-common\src\main\java\org\elasticsearch\analysis\common\StandardHtmlStripAnalyzerProvider.java,20,18,6,44,40.90909090909091
.\plugins\es-analysis-common\src\main\java\org\elasticsearch\analysis\common\StemmerOverrideTokenFilterFactory.java,46,18,13,77,23.376623376623378
.\plugins\es-analysis-common\src\main\java\org\elasticsearch\analysis\common\StemmerTokenFilterFactory.java,188,36,32,256,14.0625
.\plugins\es-analysis-common\src\main\java\org\elasticsearch\analysis\common\SwedishAnalyzerProvider.java,22,18,6,46,39.130434782608695
.\plugins\es-analysis-common\src\main\java\org\elasticsearch\analysis\common\ThaiAnalyzerProvider.java,19,18,6,43,41.86046511627907
.\plugins\es-analysis-common\src\main\java\org\elasticsearch\analysis\common\ThaiTokenizerFactory.java,16,21,5,42,50.0
.\plugins\es-analysis-common\src\main\java\org\elasticsearch\analysis\common\TrimTokenFilterFactory.java,25,18,7,50,36.0
.\plugins\es-analysis-common\src\main\java\org\elasticsearch\analysis\common\TruncateTokenFilterFactory.java,21,18,6,45,40.0
.\plugins\es-analysis-common\src\main\java\org\elasticsearch\analysis\common\TurkishAnalyzerProvider.java,22,18,6,46,39.130434782608695
.\plugins\es-analysis-common\src\main\java\org\elasticsearch\analysis\common\UAX29URLEmailTokenizerFactory.java,21,18,6,45,40.0
.\plugins\es-analysis-common\src\main\java\org\elasticsearch\analysis\common\UniqueTokenFilter.java,49,23,16,88,26.136363636363637
.\plugins\es-analysis-common\src\main\java\org\elasticsearch\analysis\common\UniqueTokenFilterFactory.java,17,18,6,41,43.90243902439025
.\plugins\es-analysis-common\src\main\java\org\elasticsearch\analysis\common\UpperCaseTokenFilterFactory.java,21,18,8,47,38.297872340425535
.\plugins\es-analysis-common\src\main\java\org\elasticsearch\analysis\common\WhitespaceTokenizerFactory.java,21,18,6,45,40.0
.\plugins\es-analysis-common\src\main\java\org\elasticsearch\analysis\common\WordDelimiterGraphTokenFilterFactory.java,77,34,12,123,27.642276422764226
.\plugins\es-analysis-common\src\main\java\org\elasticsearch\analysis\common\WordDelimiterTokenFilterFactory.java,151,39,16,206,18.932038834951456
.\plugins\es-analysis-common\src\main\java\org\elasticsearch\analysis\common\XLowerCaseTokenizer.java,81,20,15,116,17.24137931034483
.\plugins\es-analysis-phonetic\src\main\java\org\elasticsearch\index\analysis\phonetic\HaasePhonetik.java,19,34,6,59,57.6271186440678
.\plugins\es-analysis-phonetic\src\main\java\org\elasticsearch\index\analysis\phonetic\KoelnerPhonetik.java,243,38,21,302,12.582781456953642
.\plugins\es-analysis-phonetic\src\main\java\org\elasticsearch\index\analysis\phonetic\Nysiis.java,147,147,36,330,44.54545454545455
.\plugins\es-analysis-phonetic\src\main\java\org\elasticsearch\index\analysis\PhoneticTokenFilterFactory.java,119,19,8,146,13.013698630136986
.\plugins\es-analysis-phonetic\src\main\java\org\elasticsearch\plugin\analysis\AnalysisPhoneticPlugin.java,14,18,6,38,47.36842105263158
.\plugins\es-discovery-ec2\src\main\java\org\elasticsearch\discovery\ec2\AmazonEc2Reference.java,22,29,10,61,47.540983606557376
.\plugins\es-discovery-ec2\src\main\java\org\elasticsearch\discovery\ec2\AwsEc2SeedHostsProvider.java,172,30,39,241,12.448132780082988
.\plugins\es-discovery-ec2\src\main\java\org\elasticsearch\discovery\ec2\AwsEc2Service.java,46,57,12,115,49.56521739130435
.\plugins\es-discovery-ec2\src\main\java\org\elasticsearch\discovery\ec2\AwsEc2ServiceImpl.java,111,33,18,162,20.37037037037037
.\plugins\es-discovery-ec2\src\main\java\org\elasticsearch\discovery\ec2\Ec2ClientSettings.java,112,47,30,189,24.867724867724867
.\plugins\es-discovery-ec2\src\main\java\org\elasticsearch\discovery\ec2\Ec2DiscoveryPlugin.java,125,30,22,177,16.949152542372882
.\plugins\es-discovery-ec2\src\main\java\org\elasticsearch\discovery\ec2\Ec2NameResolver.java,69,47,15,131,35.87786259541985
.\plugins\es-repository-s3\src\main\java\org\elasticsearch\repositories\s3\S3Repository.java,149,36,24,209,17.22488038277512
.\plugins\es-repository-s3\src\main\java\org\elasticsearch\repositories\s3\S3RepositoryPlugin.java,61,21,13,95,22.105263157894736
.\plugins\es-repository-s3\src\main\java\org\elasticsearch\repositories\s3\S3RepositorySettings.java,72,91,30,193,47.15025906735751
.\plugins\es-repository-url\src\main\java\org\elasticsearch\common\blobstore\url\URLBlobContainer.java,68,45,16,129,34.883720930232556
.\plugins\es-repository-url\src\main\java\org\elasticsearch\common\blobstore\url\URLBlobStore.java,55,50,13,118,42.3728813559322
.\plugins\es-repository-url\src\main\java\org\elasticsearch\plugin\repository\url\URLRepositoryPlugin.java,54,18,9,81,22.22222222222222
.\plugins\es-repository-url\src\main\java\org\elasticsearch\repositories\url\URLRepository.java,126,37,26,189,19.576719576719576
.\plugins\es-repository-azure\src\main\java\org\elasticsearch\repositories\azure\AzureRepository.java,157,45,27,229,19.650655021834062
.\plugins\es-repository-azure\src\main\java\org\elasticsearch\repositories\azure\AzureRepositoryPlugin.java,63,21,13,97,21.649484536082475
.\plugins\repository-gcs\src\main\java\io\crate\gcs\GCSClientSettings.java,23,26,14,63,41.26984126984127
.\plugins\repository-gcs\src\main\java\io\crate\gcs\GCSRepository.java,122,29,20,171,16.95906432748538
.\plugins\repository-gcs\src\main\java\io\crate\gcs\GCSRepositoryPlugin.java,82,22,12,116,18.96551724137931
.\plugins\dns-discovery\src\main\java\io\crate\discovery\SrvUnicastHostsProvider.java,167,22,20,209,10.526315789473685
.\plugins\dns-discovery\src\main\java\io\crate\plugin\SrvPlugin.java,33,20,11,64,31.25
.\plugins\cr8-copy-s3\src\main\java\io\crate\copy\s3\common\S3Env.java,28,20,6,54,37.03703703703704
.\plugins\cr8-copy-s3\src\main\java\io\crate\copy\s3\common\S3Protocol.java,32,20,8,60,33.333333333333336
.\plugins\cr8-copy-s3\src\main\java\io\crate\copy\s3\common\S3URI.java,90,25,9,124,20.161290322580644
.\plugins\cr8-copy-s3\src\main\java\io\crate\copy\s3\S3CopyPlugin.java,33,20,10,63,31.746031746031747
.\plugins\cr8-copy-s3\src\main\java\io\crate\copy\s3\S3FileInputFactory.java,47,20,8,75,26.666666666666668
.\plugins\cr8-copy-s3\src\main\java\io\crate\copy\s3\S3FileOutputFactory.java,26,20,8,54,37.03703703703704
.\plugins\crate-copy-azure\src\main\java\io\crate\copy\azure\AzureBlobStorageSettings.java,46,20,13,79,25.31645569620253
.\plugins\crate-copy-azure\src\main\java\io\crate\copy\azure\AzureCopyPlugin.java,29,20,11,60,33.333333333333336
.\plugins\crate-copy-azure\src\main\java\io\crate\copy\azure\AzureFileInputFactory.java,32,20,8,60,33.333333333333336
.\plugins\crate-copy-azure\src\main\java\io\crate\copy\azure\AzureFileOutputFactory.java,23,20,8,51,39.21568627450981
.\plugins\crate-copy-azure\src\main\java\io\crate\copy\azure\AzureURI.java,63,34,16,113,30.088495575221238
.\plugins\crate-copy-azure\src\main\java\io\crate\copy\azure\OperatorHelper.java,44,36,9,89,40.449438202247194
.\extensions\functions\src\main\java\io\crate\execution\engine\aggregation\impl\HyperLogLogPlusPlus.java,366,84,50,500,16.8
.\extensions\functions\src\main\java\io\crate\module\ExtraFunctions.java,22,20,5,47,42.5531914893617
.\extensions\functions\src\main\java\io\crate\operation\aggregation\HyperLogLogDistinctAggregation.java,456,33,77,566,5.830388692579505
.\extensions\functions\src\main\java\io\crate\operation\aggregation\LTTBAggregation.java,272,42,63,377,11.140583554376658
.\extensions\functions\src\main\java\io\crate\plugin\ExtraFunctionsPlugin.java,4,20,4,28,71.42857142857143
.\extensions\functions\src\main\java\io\crate\window\NthValueFunctions.java,226,28,22,276,10.144927536231885
.\extensions\functions\src\main\java\io\crate\window\OffsetValueFunctions.java,304,38,22,364,10.43956043956044
.\extensions\functions\src\main\java\io\crate\window\RankFunctions.java,86,20,17,123,16.260162601626018
.\extensions\lang-js\src\main\java\io\crate\module\JavaScriptLanguageModule.java,23,20,10,53,37.735849056603776
.\extensions\lang-js\src\main\java\io\crate\operation\language\JavaScriptLanguage.java,9,20,5,34,58.8235294117647
.\extensions\lang-js\src\main\java\io\crate\operation\language\PolyglotLanguage.java,78,24,14,116,20.689655172413794
.\extensions\lang-js\src\main\java\io\crate\operation\language\PolyglotScalar.java,87,21,14,122,17.21311475409836
.\extensions\lang-js\src\main\java\io\crate\operation\language\PolyglotValues.java,125,22,10,157,14.012738853503185
.\extensions\lang-js\src\main\java\io\crate\plugin\JavaScriptLanguagePlugin.java,22,20,9,51,39.21568627450981
.\extensions\jmx-monitoring\src\main\java\io\crate\beans\CircuitBreakers.java,40,20,13,73,27.397260273972602
.\extensions\jmx-monitoring\src\main\java\io\crate\beans\CircuitBreakersMXBean.java,12,20,10,42,47.61904761904762
.\extensions\jmx-monitoring\src\main\java\io\crate\beans\Connections.java,87,20,24,131,15.267175572519085
.\extensions\jmx-monitoring\src\main\java\io\crate\beans\ConnectionsMBean.java,22,23,20,65,35.38461538461539
.\extensions\jmx-monitoring\src\main\java\io\crate\beans\NodeInfo.java,148,20,22,190,10.526315789473685
.\extensions\jmx-monitoring\src\main\java\io\crate\beans\NodeInfoMXBean.java,11,29,10,50,58.0
.\extensions\jmx-monitoring\src\main\java\io\crate\beans\NodeStatus.java,13,20,7,40,50.0
.\extensions\jmx-monitoring\src\main\java\io\crate\beans\NodeStatusMBean.java,5,29,3,37,78.37837837837837
.\extensions\jmx-monitoring\src\main\java\io\crate\beans\QueryStats.java,210,20,50,280,7.142857142857143
.\extensions\jmx-monitoring\src\main\java\io\crate\beans\QueryStatsMBean.java,36,29,34,99,29.292929292929294
.\extensions\jmx-monitoring\src\main\java\io\crate\beans\ShardInfo.java,61,20,13,94,21.27659574468085
.\extensions\jmx-monitoring\src\main\java\io\crate\beans\ShardStats.java,27,20,12,59,33.898305084745765
.\extensions\jmx-monitoring\src\main\java\io\crate\beans\ThreadPools.java,141,20,31,192,10.416666666666666
.\extensions\jmx-monitoring\src\main\java\io\crate\beans\ThreadPoolsMXBean.java,16,20,14,50,40.0
.\extensions\jmx-monitoring\src\main\java\io\crate\module\CrateMonitoringModule.java,9,20,4,33,60.60606060606061
.\extensions\jmx-monitoring\src\main\java\io\crate\plugin\CrateMonitor.java,61,20,9,90,22.22222222222222
.\extensions\jmx-monitoring\src\main\java\io\crate\plugin\CrateMonitoringPlugin.java,12,20,5,37,54.054054054054056
.\app\src\main\java\io\crate\bootstrap\BootstrapException.java,8,34,5,47,72.34042553191489
.\app\src\main\java\io\crate\bootstrap\CrateDB.java,79,43,13,135,31.85185185185185
.\app\src\main\java\org\elasticsearch\bootstrap\Bootstrap.java,174,46,27,247,18.62348178137652
.\app\src\main\java\org\elasticsearch\bootstrap\StartupExceptionProxy.java,6,24,2,32,75.0