language,filename,blank,comment,code,"github.com/AlDanial/cloc v 2.10  T=7.77 s (461.8 files/s 66178.3 lines/s)"
Java,.\libs\sql-parser\src\main\java\io\crate\sql\parser\AstBuilder.java,335,61,2492
Java,.\server\src\main\java\org\elasticsearch\index\shard\IndexShard.java,269,752,2388
Java,.\server\src\main\java\org\elasticsearch\index\engine\InternalEngine.java,212,402,2129
Java,.\server\src\main\java\io\crate\lucene\codec\CustomLucene90DocValuesProducer.java,262,99,1900
Java,.\server\src\main\java\org\elasticsearch\snapshots\SnapshotsService.java,175,404,1893
Java,.\server\src\main\java\org\elasticsearch\repositories\blobstore\BlobStoreRepository.java,192,373,1851
Java,.\libs\sql-parser\src\main\java\io\crate\sql\SqlFormatter.java,175,23,1675
Java,.\server\src\main\java\org\elasticsearch\cluster\metadata\Metadata.java,195,186,1531
Java,.\server\src\main\java\org\elasticsearch\index\translog\Translog.java,190,365,1327
Java,.\server\src\main\java\io\crate\analyze\expressions\ExpressionAnalyzer.java,138,168,1233
Java,.\server\src\main\java\org\elasticsearch\cluster\coordination\Coordinator.java,181,104,1218
Java,.\server\src\main\java\org\elasticsearch\common\settings\Setting.java,220,367,1214
Java,.\server\src\main\java\org\elasticsearch\node\Node.java,133,129,1209
Java,.\server\src\main\java\io\crate\metadata\doc\DocTableInfo.java,103,166,1158
Java,.\server\src\main\java\org\elasticsearch\cluster\metadata\IndexMetadata.java,169,155,1126
Java,.\server\src\main\java\org\elasticsearch\index\store\Store.java,132,389,1056
Java,.\server\src\main\java\org\elasticsearch\common\time\DateFormatters.java,155,361,1044
Java,.\server\src\main\java\org\elasticsearch\index\engine\Engine.java,214,391,980
Java,.\server\src\main\java\io\crate\execution\dml\Indexer.java,93,163,976
Java,.\server\src\main\java\io\crate\lucene\codec\CustomLucene90DocValuesConsumer.java,93,51,931
Java,.\server\src\main\java\io\crate\auth\AccessControlImpl.java,118,32,930
Java,.\server\src\main\java\org\elasticsearch\common\io\stream\StreamInput.java,93,189,915
Java,.\server\src\main\java\io\crate\execution\jobs\JobSetup.java,74,84,907
Java,.\server\src\main\java\io\crate\session\Session.java,92,150,900
Java,.\server\src\main\java\io\crate\time\StrictISODateTimeFormat.java,151,880,900
Java,.\server\src\main\java\org\elasticsearch\index\seqno\ReplicationTracker.java,138,460,891
Java,.\server\src\main\java\org\elasticsearch\action\support\replication\TransportReplicationAction.java,139,115,881
Java,.\server\src\main\java\org\elasticsearch\common\settings\Settings.java,125,328,880
Java,.\server\src\main\java\org\elasticsearch\indices\IndicesService.java,83,169,878
Java,.\server\src\main\java\org\elasticsearch\indices\recovery\RecoverySourceHandler.java,90,160,865
Java,.\server\src\main\java\org\elasticsearch\cluster\routing\RoutingNodes.java,124,243,854
Java,.\server\src\main\java\org\elasticsearch\env\NodeEnvironment.java,108,254,848
Java,.\server\src\main\java\org\elasticsearch\snapshots\RestoreService.java,103,93,837
Java,.\server\src\main\java\io\crate\execution\engine\collect\GroupByOptimizedIterator.java,71,108,812
Java,.\server\src\main\java\io\crate\analyze\Analyzer.java,94,25,802
Java,.\server\src\main\java\org\elasticsearch\cluster\routing\allocation\allocator\BalancedShardsAllocator.java,106,290,802
Java,.\server\src\main\java\org\elasticsearch\common\io\stream\StreamOutput.java,90,237,797
Java,.\server\src\main\java\io\crate\analyze\relations\RelationAnalyzer.java,70,62,774
Java,.\server\src\main\java\org\elasticsearch\index\IndexService.java,101,61,769
Java,.\server\src\main\java\io\crate\analyze\TableElementsAnalyzer.java,61,51,757
Java,.\server\src\main\java\org\elasticsearch\transport\TransportService.java,103,152,739
Java,.\server\src\main\java\org\elasticsearch\gateway\PersistedClusterStateService.java,105,118,738
Java,.\server\src\main\java\org\elasticsearch\transport\TcpTransport.java,111,97,728
Java,.\server\src\main\java\io\crate\planner\operators\InsertFromValues.java,81,49,714
Java,.\server\src\main\java\io\crate\execution\engine\pipeline\ProjectionToProjectorVisitor.java,60,41,685
Java,.\server\src\main\java\io\crate\planner\operators\LogicalPlanner.java,53,56,667
Java,.\server\src\main\java\io\crate\expression\scalar\formatting\PGDateTimeTemplates.java,39,44,643
Java,.\server\src\main\java\org\elasticsearch\ElasticsearchException.java,49,155,635
Java,.\server\src\main\java\org\elasticsearch\indices\recovery\RecoveryState.java,129,97,635
Java,.\server\src\main\java\io\crate\protocols\postgres\PostgresWireProtocol.java,71,219,632
Java,.\server\src\main\java\io\crate\metadata\doc\DocTableInfoFactory.java,44,90,628
Java,.\libs\es-x-content\src\main\java\org\elasticsearch\common\xcontent\XContentBuilder.java,144,161,627
Java,.\libs\sql-parser\src\main\java\io\crate\sql\ExpressionFormatter.java,93,26,626
Java,.\server\src\main\java\io\crate\planner\Planner.java,94,26,622
Java,.\server\src\main\java\io\crate\lucene\CustomLRUQueryCache.java,95,204,611
Java,.\server\src\main\java\org\elasticsearch\cluster\metadata\MetadataCreateIndexService.java,55,57,598
Java,.\libs\guice\src\main\java\org\elasticsearch\common\inject\InjectorImpl.java,113,149,587
Java,.\server\src\main\java\org\elasticsearch\indices\cluster\IndicesClusterStateService.java,76,121,585
Java,.\server\src\main\java\org\elasticsearch\cluster\service\MasterService.java,97,89,583
Java,.\libs\sql-parser\src\main\java\io\crate\sql\tree\AstVisitor.java,193,20,573
Java,.\server\src\main\java\org\elasticsearch\indices\recovery\PeerRecoveryTargetService.java,77,66,568
Java,.\server\src\main\java\org\elasticsearch\common\settings\AbstractScopedSettings.java,66,269,561
Java,.\server\src\main\java\org\elasticsearch\cluster\SnapshotsInProgress.java,91,81,556
Java,.\server\src\main\java\io\crate\execution\dml\upsert\TransportShardUpsertAction.java,33,54,548
Java,.\server\src\main\java\io\crate\execution\engine\collect\sources\InformationSchemaIterables.java,92,45,542
Java,.\server\src\main\java\org\elasticsearch\repositories\RepositoryData.java,48,187,540
Java,.\server\src\main\java\org\elasticsearch\cluster\action\shard\ShardStateAction.java,65,68,535
Java,.\server\src\main\java\io\crate\protocols\postgres\PgClient.java,66,49,534
Java,.\server\src\main\java\io\crate\metadata\functions\SignatureBinder.java,57,49,525
Java,.\server\src\main\java\io\crate\types\ObjectType.java,69,46,520
Java,.\server\src\main\java\io\crate\replication\logical\MetadataTracker.java,52,42,516
Java,.\server\src\main\java\org\elasticsearch\Version.java,89,97,516
Java,.\server\src\main\java\org\elasticsearch\http\netty4\Netty4HttpServerTransport.java,75,57,515
Java,.\server\src\main\java\io\crate\execution\engine\aggregation\impl\TopKAggregation.java,90,30,508
Java,.\libs\shared\src\main\java\io\crate\common\collections\Lists.java,87,112,494
Java,.\server\src\main\java\org\elasticsearch\common\geo\builders\PolygonBuilder.java,93,219,492
Java,.\server\src\main\java\io\crate\types\DataTypes.java,60,68,491
Java,.\server\src\main\java\org\elasticsearch\cluster\node\DiscoveryNodes.java,70,161,489
Java,.\server\src\main\java\io\crate\expression\symbol\Function.java,65,31,486
Java,.\server\src\main\java\io\crate\execution\ddl\tables\TransportCloseTable.java,52,44,485
Java,.\libs\guice\src\main\java\org\elasticsearch\common\inject\internal\MoreTypes.java,110,91,481
Java,.\server\src\main\java\io\crate\execution\dml\upsert\ShardUpsertRequest.java,57,48,479
Java,.\libs\guice\src\main\java\org\elasticsearch\common\inject\internal\Errors.java,113,69,475
Java,.\server\src\main\java\org\elasticsearch\repositories\RepositoriesService.java,75,105,472
Java,.\server\src\main\java\org\elasticsearch\cluster\service\ClusterApplierService.java,75,69,470
Java,.\server\src\main\java\org\elasticsearch\cluster\routing\allocation\AllocationService.java,71,112,465
Java,.\server\src\main\java\io\crate\replication\logical\repository\LogicalReplicationRepository.java,51,35,464
Java,.\server\src\main\java\io\crate\types\ArrayType.java,58,45,458
Java,.\extensions\functions\src\main\java\io\crate\operation\aggregation\HyperLogLogDistinctAggregation.java,77,33,456
Java,.\server\src\main\java\io\crate\metadata\SystemTable.java,80,28,456
Java,.\server\src\main\java\org\elasticsearch\cluster\ClusterState.java,90,60,452
Java,.\server\src\main\java\org\elasticsearch\index\translog\TranslogWriter.java,51,87,447
Java,.\server\src\main\java\org\elasticsearch\index\shard\RemoveCorruptedShardDataCommand.java,86,36,446
Java,.\server\src\main\java\org\elasticsearch\common\settings\ClusterSettings.java,17,21,445
Java,.\server\src\main\java\io\crate\protocols\http\HttpBlobHandler.java,54,40,443
Java,.\server\src\main\java\org\elasticsearch\cluster\metadata\RelationMetadata.java,83,23,443
Java,.\server\src\main\java\io\crate\statistics\TableStatsService.java,47,31,440
Java,.\server\src\main\java\org\elasticsearch\index\analysis\AnalysisRegistry.java,55,98,438
Java,.\server\src\main\java\org\elasticsearch\cluster\routing\RoutingTable.java,79,112,437
Java,.\server\src\main\java\org\elasticsearch\threadpool\ThreadPool.java,71,110,436
Java,.\server\src\main\java\io\crate\metadata\Functions.java,57,73,435
Java,.\plugins\es-analysis-common\src\main\java\org\elasticsearch\analysis\common\CommonAnalysisPlugin.java,20,29,430
Java,.\server\src\main\java\org\elasticsearch\monitor\jvm\JvmGcMonitorService.java,71,19,425
Java,.\server\src\main\java\org\elasticsearch\index\shard\StoreRecovery.java,35,75,422
Java,.\server\src\main\java\org\elasticsearch\bootstrap\BootstrapChecks.java,77,83,420
Java,.\server\src\main\java\io\crate\metadata\Schemas.java,44,113,411
Java,.\server\src\main\java\io\crate\analyze\where\EqualityExtractor.java,69,62,410
Java,.\server\src\main\java\org\elasticsearch\action\support\broadcast\node\TransportBroadcastByNodeAction.java,70,99,410
Java,.\server\src\main\java\org\elasticsearch\cluster\routing\allocation\decider\DiskThresholdDecider.java,49,103,408
Java,.\server\src\main\java\io\crate\execution\engine\collect\sources\ShardCollectSource.java,40,62,407
Java,.\server\src\main\java\org\elasticsearch\common\collect\CopyOnWriteHashMap.java,74,103,397
Java,.\server\src\main\java\io\crate\monitor\SysInfo.java,53,93,386
Java,.\server\src\main\java\org\elasticsearch\cluster\routing\ShardRouting.java,69,166,385
Java,.\server\src\main\java\org\elasticsearch\monitor\jvm\JvmStats.java,83,25,385
Java,.\server\src\main\java\org\elasticsearch\cluster\coordination\CoordinationState.java,82,110,382
Java,.\server\src\main\java\io\crate\metadata\SimpleReference.java,44,25,379
Java,.\server\src\main\java\org\elasticsearch\cluster\Diffs.java,84,150,379
Java,.\server\src\main\java\org\elasticsearch\cluster\coordination\JoinHelper.java,65,25,379
Java,.\server\src\main\java\org\elasticsearch\index\search\MatchQuery.java,51,61,379
Java,.\libs\shared\src\main\java\io\crate\common\collections\Iterators.java,81,167,378
Java,.\server\src\main\java\org\elasticsearch\snapshots\SnapshotShardsService.java,41,89,377
Java,.\server\src\main\java\io\crate\planner\node\ddl\CreateAnalyzerPlan.java,48,48,375
Java,.\server\src\main\java\io\crate\protocols\postgres\Messages.java,52,188,374
Java,.\server\src\main\java\io\crate\types\StringType.java,52,29,372
Java,.\server\src\main\java\org\elasticsearch\indices\recovery\RecoveryTarget.java,46,104,371
Java,.\server\src\main\java\org\elasticsearch\monitor\os\OsProbe.java,57,223,370
Java,.\server\src\main\java\io\crate\metadata\ColumnIdent.java,77,123,369
Java,.\server\src\main\java\io\crate\execution\engine\collect\DocValuesGroupByOptimizedIterator.java,33,24,368
Java,.\server\src\main\java\org\elasticsearch\cluster\block\ClusterBlocks.java,60,35,368
Java,.\extensions\functions\src\main\java\io\crate\execution\engine\aggregation\impl\HyperLogLogPlusPlus.java,50,84,366
Java,.\server\src\main\java\io\crate\expression\reference\sys\node\NodeStatsContext.java,77,22,366
Java,.\server\src\main\java\io\crate\expression\reference\sys\shard\ShardRowContext.java,58,25,365
Java,.\server\src\main\java\io\crate\geo\GeoJSONUtils.java,39,65,365
Java,.\server\src\main\java\io\crate\execution\engine\collect\files\FileReadingIterator.java,46,54,362
Java,.\server\src\main\java\org\elasticsearch\gateway\GatewayMetaState.java,50,54,362
Java,.\server\src\main\java\org\elasticsearch\index\engine\ReadOnlyEngine.java,71,56,362
Java,.\server\src\main\java\io\crate\execution\engine\distribution\DistributingConsumer.java,39,51,361
Java,.\server\src\main\java\io\crate\execution\engine\aggregation\sum\SumAggregation.java,62,20,360
Java,.\server\src\main\java\io\crate\execution\engine\collect\LooseIndexScan.java,54,146,359
Java,.\server\src\main\java\io\crate\planner\statement\CopyFromPlan.java,43,63,357
Java,.\server\src\main\java\org\elasticsearch\cluster\routing\IndexRoutingTable.java,56,111,356
Java,.\server\src\main\java\org\elasticsearch\cluster\routing\IndexShardRoutingTable.java,64,76,356
Java,.\server\src\main\java\org\elasticsearch\index\IndexSettings.java,79,236,354
Java,.\server\src\main\java\org\elasticsearch\index\snapshots\blobstore\BlobStoreIndexShardSnapshot.java,57,159,352
Java,.\server\src\main\java\io\crate\expression\operator\LikeOperators.java,27,29,350
Java,.\server\src\main\java\org\elasticsearch\cluster\coordination\FollowersChecker.java,67,47,349
Java,.\server\src\main\java\io\crate\execution\jobs\RootTask.java,46,37,348
Java,.\server\src\main\java\io\crate\planner\operators\Collect.java,35,48,347
Java,.\server\src\main\java\io\crate\statistics\ReservoirSampler.java,54,24,347
Java,.\server\src\main\java\org\elasticsearch\cluster\NodeConnectionsService.java,62,95,347
Java,.\server\src\main\java\org\elasticsearch\gateway\ReplicaShardAllocator.java,44,78,347
Java,.\server\src\main\java\org\elasticsearch\indices\store\IndicesStore.java,52,49,347
Java,.\server\src\main\java\org\elasticsearch\cluster\coordination\PublicationTransportHandler.java,40,42,346
Java,.\server\src\main\java\org\elasticsearch\common\util\BigArrays.java,67,76,346
Java,.\server\src\main\java\io\crate\role\Role.java,41,51,344
Java,.\server\src\main\java\org\elasticsearch\transport\InboundHandler.java,38,55,343
Java,.\server\src\main\java\io\crate\replication\logical\LogicalReplicationService.java,36,34,341
Java,.\server\src\main\java\org\elasticsearch\gateway\MetadataStateFormat.java,44,106,340
Java,.\server\src\main\java\org\elasticsearch\cluster\InternalClusterInfoService.java,47,48,339
Java,.\server\src\main\java\io\crate\expression\scalar\TimestampFormatter.java,27,66,336
Java,.\server\src\main\java\io\crate\lucene\LuceneQueryBuilder.java,45,39,334
Java,.\server\src\main\java\io\crate\execution\engine\indexing\ShardingUpsertExecutor.java,27,27,332
Java,.\server\src\main\java\org\elasticsearch\plugins\PluginsService.java,54,64,331
Java,.\server\src\main\java\org\elasticsearch\discovery\PeerFinder.java,74,47,329
Java,.\server\src\main\java\io\crate\execution\ddl\tables\AlterTableClient.java,28,24,328
Java,.\server\src\main\java\org\elasticsearch\action\support\replication\ReplicationOperation.java,60,172,328
Java,.\libs\es-x-content\src\main\java\org\elasticsearch\common\xcontent\support\AbstractXContentParser.java,67,50,327
Java,.\server\src\main\java\io\crate\planner\operators\NestedLoopJoin.java,39,49,327
Java,.\server\src\main\java\org\elasticsearch\monitor\fs\FsInfo.java,55,25,326
Java,.\server\src\main\java\io\crate\replication\logical\ShardReplicationChangesTracker.java,28,49,324
Java,.\server\src\main\java\io\crate\execution\engine\aggregation\sum\NumericSumAggregation.java,55,26,323
Java,.\server\src\main\java\io\crate\metadata\IndexReference.java,40,24,322
Java,.\server\src\main\java\io\crate\expression\predicate\MatchPredicate.java,51,39,320
Java,.\server\src\main\java\io\crate\types\NumericType.java,45,31,320
Java,.\server\src\main\java\org\elasticsearch\cluster\coordination\Publication.java,62,21,318
Java,.\server\src\main\java\io\crate\analyze\TableInfoToAST.java,27,25,316
Java,.\server\src\main\java\io\crate\execution\engine\aggregation\impl\CmpByAggregation.java,47,20,315
Java,.\server\src\main\java\io\crate\planner\node\management\ExplainProfilePlan.java,37,67,315
Java,.\server\src\main\java\org\elasticsearch\snapshots\InternalSnapshotsInfoService.java,47,31,315
Java,.\server\src\main\java\io\crate\fdw\JdbcBatchIterator.java,53,24,313
Java,.\server\src\main\java\io\crate\blob\recovery\BlobRecoveryHandler.java,40,37,311
Java,.\server\src\main\java\org\elasticsearch\snapshots\SnapshotInfo.java,44,92,311
Java,.\server\src\main\java\io\crate\metadata\TransportDropSchema.java,39,30,307
Java,.\server\src\main\java\org\elasticsearch\cluster\routing\allocation\DiskThresholdMonitor.java,54,44,307
Java,.\extensions\functions\src\main\java\io\crate\window\OffsetValueFunctions.java,22,38,304
Java,.\server\src\main\java\io\crate\analyze\InsertAnalyzer.java,26,26,304
Java,.\server\src\main\java\io\crate\execution\engine\aggregation\impl\ArbitraryAggregation.java,52,24,304
Java,.\server\src\main\java\io\crate\execution\engine\aggregation\impl\MaximumAggregation.java,52,20,304
Java,.\server\src\main\java\io\crate\lucene\BlendedTermQuery.java,29,53,303
Java,.\libs\es-x-content\src\main\java\org\elasticsearch\common\xcontent\ObjectParser.java,34,88,302
Java,.\server\src\main\java\io\crate\execution\engine\aggregation\impl\MinimumAggregation.java,50,20,302
Java,.\server\src\main\java\org\elasticsearch\indices\recovery\PeerRecoverySourceService.java,42,35,300
Java,.\server\src\main\java\org\elasticsearch\action\admin\cluster\health\TransportClusterHealth.java,38,27,299
Java,.\server\src\main\java\org\elasticsearch\common\lucene\Lucene.java,50,90,297
Java,.\server\src\main\java\io\crate\planner\operators\GroupHashAggregate.java,28,37,296
Java,.\server\src\main\java\org\elasticsearch\monitor\jvm\JvmInfo.java,48,36,296
Java,.\server\src\main\java\org\elasticsearch\cluster\routing\allocation\DiskThresholdSettings.java,54,64,295
Java,.\server\src\main\java\org\elasticsearch\cluster\routing\UnassignedInfo.java,42,175,294
Java,.\server\src\main\java\org\elasticsearch\cluster\metadata\IndexTemplateMetadata.java,54,45,293
Java,.\libs\guice\src\main\java\org\elasticsearch\common\inject\Key.java,80,152,292
Java,.\server\src\main\java\io\crate\execution\engine\collect\stats\JobsLogService.java,39,50,292
Java,.\server\src\main\java\io\crate\execution\engine\JobLauncher.java,30,69,291
Java,.\server\src\main\java\io\crate\execution\engine\aggregation\impl\GeometricMeanAggregation.java,45,26,290
Java,.\server\src\main\java\io\crate\execution\engine\fetch\FetchTask.java,33,26,290
Java,.\server\src\main\java\io\crate\planner\selectivity\SelectivityFunctions.java,50,34,290
Java,.\server\src\main\java\org\elasticsearch\cluster\metadata\IndexGraveyard.java,63,91,290
Java,.\server\src\main\java\io\crate\execution\engine\aggregation\impl\average\AverageAggregation.java,44,23,289
Java,.\server\src\main\java\org\elasticsearch\gateway\AsyncShardFetch.java,42,101,287
Java,.\server\src\main\java\org\elasticsearch\indices\store\TransportNodesListShardStoreMetadata.java,53,41,287
Java,.\libs\sql-parser\src\main\java\io\crate\sql\tree\DefaultTraversalVisitor.java,67,21,286
Java,.\server\src\main\java\io\crate\execution\jobs\TasksService.java,43,39,286
Java,.\server\src\main\java\io\crate\fdw\ServersMetadata.java,42,24,285
Java,.\server\src\main\java\io\crate\metadata\pgcatalog\PgCatalogTableDefinitions.java,23,23,285
Java,.\server\src\main\java\io\crate\metadata\settings\session\SessionSettingRegistry.java,22,26,285
Java,.\server\src\main\java\org\elasticsearch\action\admin\indices\create\TransportCreatePartitions.java,42,48,285
Java,.\server\src\main\java\io\crate\planner\consumer\UpdatePlanner.java,28,21,283
Java,.\server\src\main\java\io\crate\protocols\postgres\PGErrorStatus.java,9,22,283
Java,.\libs\guice\src\main\java\org\elasticsearch\common\inject\matcher\Matchers.java,73,57,282
Java,.\server\src\main\java\org\elasticsearch\gateway\TransportNodesListGatewayStartedShards.java,44,35,282
Java,.\server\src\main\java\io\crate\protocols\postgres\DelayableWriteChannel.java,64,33,280
Java,.\libs\guice\src\main\java\org\elasticsearch\common\inject\spi\Elements.java,50,45,279
Java,.\server\src\main\java\io\crate\planner\node\management\AlterTableReroutePlan.java,42,20,278
Java,.\server\src\main\java\org\elasticsearch\cluster\coordination\LeaderChecker.java,54,41,278
Java,.\libs\es-x-content\src\main\java\org\elasticsearch\common\xcontent\json\JsonXContentGenerator.java,59,40,277
Java,.\server\src\main\java\org\elasticsearch\transport\netty4\Netty4Transport.java,51,26,277
Java,.\server\src\main\java\io\crate\blob\BlobTransferTarget.java,43,53,276
Java,.\server\src\main\java\org\elasticsearch\transport\SniffRemoteClient.java,30,18,276
Java,.\server\src\main\java\io\crate\expression\operator\EqOperator.java,25,54,274
Java,.\server\src\main\java\org\elasticsearch\index\shard\PrimaryReplicaSyncer.java,42,41,274
Java,.\server\src\main\java\io\crate\replication\logical\action\ShardChangesAction.java,45,28,273
Java,.\extensions\functions\src\main\java\io\crate\operation\aggregation\LTTBAggregation.java,63,42,272
Java,.\server\src\main\java\io\crate\metadata\GeneratedReference.java,44,20,272
Java,.\server\src\main\java\org\elasticsearch\indices\recovery\RemoteRecoveryTargetHandler.java,25,27,271
Java,.\server\src\main\java\io\crate\execution\dml\ShardResponse.java,46,42,270
Java,.\server\src\main\java\io\crate\session\Cursor.java,32,33,270
Java,.\server\src\main\java\org\elasticsearch\cluster\coordination\CoordinationMetadata.java,68,21,269
Java,.\server\src\main\java\io\crate\execution\jobs\CumulativePageBucketReceiver.java,25,33,268
Java,.\libs\shared\src\main\java\io\crate\common\collections\Maps.java,26,40,267
Java,.\server\src\main\java\org\elasticsearch\common\bytes\AbstractBytesReference.java,34,31,267
Java,.\server\src\main\java\org\elasticsearch\index\search\MultiMatchQuery.java,32,39,267
Java,.\server\src\main\java\io\crate\execution\dsl\projection\builder\InputColumns.java,42,55,266
Java,.\server\src\main\java\io\crate\planner\operators\HashJoin.java,27,55,266
Java,.\server\src\main\java\org\elasticsearch\cluster\metadata\MetadataUpgradeService.java,33,67,265
Java,.\server\src\main\java\org\elasticsearch\index\engine\LiveVersionMap.java,70,139,265
Java,.\server\src\main\java\io\crate\expression\reference\sys\node\NodeStatsContextFieldResolver.java,13,22,264
Java,.\server\src\main\java\io\crate\metadata\PartitionName.java,41,74,263
Java,.\server\src\main\java\io\crate\metadata\doc\DocSchemaInfo.java,36,85,263
Java,.\server\src\main\java\io\crate\execution\dml\ObjectIndexer.java,17,39,261
Java,.\server\src\main\java\io\crate\replication\logical\action\ReplayChangesAction.java,35,26,261
Java,.\server\src\main\java\org\elasticsearch\cluster\SnapshotDeletionsInProgress.java,49,55,260
Java,.\server\src\main\java\io\crate\execution\engine\aggregation\impl\CountAggregation.java,36,23,259
Java,.\server\src\main\java\io\crate\execution\engine\aggregation\impl\PercentileAggregation.java,28,22,258
Java,.\server\src\main\java\io\crate\expression\scalar\ConcatFunction.java,37,27,258
Java,.\server\src\main\java\io\crate\protocols\postgres\types\PGArray.java,35,39,256
Java,.\server\src\main\java\io\crate\rest\action\SqlHttpHandler.java,22,28,256
Java,.\server\src\main\java\org\elasticsearch\cluster\RestoreInProgress.java,55,156,256
Java,.\server\src\main\java\org\elasticsearch\common\Strings.java,39,186,256
Java,.\server\src\main\java\org\elasticsearch\gateway\PrimaryShardAllocator.java,32,65,256
Java,.\server\src\main\java\org\elasticsearch\index\seqno\RetentionLeaseActions.java,63,25,256
Java,.\server\src\main\java\io\crate\execution\engine\aggregation\PrimitiveMapWithNulls.java,50,23,255
Java,.\server\src\main\java\io\crate\protocols\postgres\PostgresNetty.java,30,24,255
Java,.\server\src\main\java\org\elasticsearch\monitor\os\OsStats.java,61,99,255
Java,.\server\src\main\java\org\elasticsearch\cluster\routing\RoutingNode.java,42,58,254
Java,.\server\src\main\java\org\elasticsearch\indices\IndexingMemoryController.java,68,70,254
Java,.\server\src\main\java\io\crate\execution\engine\collect\CollectTask.java,31,31,253
Java,.\server\src\main\java\io\crate\analyze\AnalyzedStatementVisitor.java,83,20,251
Java,.\server\src\main\java\io\crate\execution\engine\aggregation\impl\average\IntervalAverageAggregation.java,44,23,251
Java,.\server\src\main\java\io\crate\metadata\functions\Signature.java,46,20,251
Java,.\server\src\main\java\io\crate\expression\reference\doc\lucene\StoredRowLookup.java,39,32,250
Java,.\server\src\main\java\io\crate\metadata\sys\SysShardsTableInfo.java,28,30,250
Java,.\libs\guice\src\main\java\org\elasticsearch\common\inject\spi\InjectionPoint.java,61,110,249
Java,.\server\src\main\java\org\elasticsearch\gateway\IncrementalClusterStateWriter.java,51,77,249
Java,.\server\src\main\java\org\elasticsearch\indices\breaker\HierarchyCircuitBreakerService.java,48,32,249
Java,.\server\src\main\java\io\crate\cluster\gracefulstop\DecommissioningService.java,42,34,246
Java,.\server\src\main\java\io\crate\planner\operators\WindowAgg.java,24,31,246
Java,.\server\src\main\java\io\crate\types\BitStringType.java,41,29,245
Java,.\server\src\main\java\io\crate\types\UUIDType.java,47,22,245
Java,.\server\src\main\java\org\elasticsearch\index\engine\LuceneChangesSnapshot.java,21,39,245
Java,.\server\src\main\java\org\elasticsearch\common\geo\GeoShapeType.java,28,37,244
Java,.\libs\es-x-content\src\main\java\org\elasticsearch\common\xcontent\ConstructingObjectParser.java,33,220,243
Java,.\plugins\es-analysis-phonetic\src\main\java\org\elasticsearch\index\analysis\phonetic\KoelnerPhonetik.java,21,38,243
Java,.\server\src\main\java\io\crate\execution\engine\collect\LuceneShardCollectorProvider.java,14,24,243
Java,.\server\src\main\java\org\elasticsearch\cluster\ClusterModule.java,28,34,242
Java,.\server\src\main\java\org\elasticsearch\common\collect\ImmutableOpenIntMap.java,64,85,242
Java,.\server\src\main\java\org\elasticsearch\index\engine\RecoverySourcePruneMergePolicy.java,47,21,242
Java,.\server\src\main\java\io\crate\protocols\ssl\SslContextProvider.java,37,21,241
Java,.\server\src\main\java\org\elasticsearch\index\shard\IndexShardOperationPermits.java,31,93,240
Java,.\server\src\main\java\org\elasticsearch\index\translog\Checkpoint.java,31,45,240
Java,.\server\src\main\java\io\crate\execution\engine\collect\DocValuesAggregates.java,18,25,238
Java,.\server\src\main\java\io\crate\expression\symbol\Symbols.java,29,48,237
Java,.\server\src\main\java\io\crate\metadata\information\InformationTablesTableInfo.java,23,20,237
Java,.\server\src\main\java\io\crate\execution\engine\aggregation\GroupingCollector.java,26,28,236
Java,.\server\src\main\java\io\crate\expression\reference\doc\lucene\SourceParser.java,24,53,236
Java,.\server\src\main\java\org\elasticsearch\common\network\InetAddresses.java,28,125,236
Java,.\server\src\main\java\org\elasticsearch\gateway\GatewayAllocator.java,39,31,236
Java,.\server\src\main\java\io\crate\metadata\upgrade\NodeOperationsUpgrader.java,27,44,235
Java,.\server\src\main\java\io\crate\analyze\UpdateAnalyzer.java,26,32,234
Java,.\server\src\main\java\io\crate\expression\scalar\ArrayUpperFunction.java,36,71,234
Java,.\server\src\main\java\io\crate\execution\ddl\SwapRelationsOperation.java,25,21,233
Java,.\server\src\main\java\io\crate\metadata\information\InformationSchemaTableDefinitions.java,9,22,233
Java,.\server\src\main\java\io\crate\planner\PlanPrinter.java,43,28,233
Java,.\server\src\main\java\org\elasticsearch\cluster\coordination\JoinTaskExecutor.java,39,54,233
Java,.\server\src\main\java\org\elasticsearch\index\analysis\Analysis.java,22,34,232
Java,.\server\src\main\java\io\crate\planner\optimizer\costs\PlanStats.java,34,26,231
Java,.\server\src\main\java\org\elasticsearch\gateway\GatewayService.java,37,29,231
Java,.\server\src\main\java\io\crate\execution\engine\join\HashJoinBatchIterator.java,37,98,230
Java,.\server\src\main\java\io\crate\execution\engine\sort\LuceneSort.java,29,37,230
Java,.\server\src\main\java\io\crate\expression\symbol\Literal.java,40,26,230
Java,.\server\src\main\java\io\crate\expression\tablefunctions\GenerateSeries.java,23,36,230
Java,.\server\src\main\java\io\crate\blob\DigestBlob.java,33,21,229
Java,.\server\src\main\java\io\crate\expression\scalar\SubscriptFunction.java,24,46,229
Java,.\server\src\main\java\org\elasticsearch\index\CompositeIndexEventListener.java,24,21,229
Java,.\server\src\main\java\io\crate\expression\scalar\ScalarFunctions.java,24,20,228
Java,.\server\src\main\java\io\crate\metadata\GeoReference.java,27,20,228
Java,.\server\src\main\java\io\crate\types\NumericEqQuery.java,29,20,228
Java,.\server\src\main\java\io\crate\execution\engine\collect\collectors\LuceneOrderedDocCollector.java,29,32,227
Java,.\server\src\main\java\io\crate\execution\engine\window\WindowProjector.java,17,24,227
Java,.\server\src\main\java\io\crate\planner\statement\CopyToPlan.java,30,23,227
Java,.\server\src\main\java\org\elasticsearch\action\admin\cluster\snapshots\restore\RestoreSnapshotRequest.java,34,66,227
Java,.\extensions\functions\src\main\java\io\crate\window\NthValueFunctions.java,22,28,226
Java,.\server\src\main\java\io\crate\execution\engine\aggregation\impl\VarianceAggregation.java,34,20,226
Java,.\server\src\main\java\io\crate\types\BooleanType.java,35,20,226
Java,.\server\src\main\java\org\elasticsearch\action\support\single\shard\TransportSingleShardAction.java,42,38,226
Java,.\server\src\main\java\org\elasticsearch\index\IndexModule.java,37,76,226
Java,.\server\src\main\java\io\crate\metadata\FulltextAnalyzerResolver.java,50,74,225
Java,.\server\src\main\java\io\crate\planner\operators\HashAggregate.java,27,27,225
Java,.\server\src\main\java\io\crate\expression\udf\UserDefinedFunctionService.java,36,27,224
Java,.\server\src\main\java\io\crate\metadata\sys\SysTableDefinitions.java,14,20,224
Java,.\server\src\main\java\org\elasticsearch\cluster\routing\allocation\IndexMetadataUpdater.java,32,77,224
Java,.\server\src\main\java\org\elasticsearch\common\lucene\search\MultiPhrasePrefixQuery.java,34,65,224
Java,.\libs\guice\src\main\java\org\elasticsearch\common\inject\BindingProcessor.java,41,37,223
Java,.\server\src\main\java\io\crate\execution\ddl\tables\MappingUtil.java,33,60,222
Java,.\server\src\main\java\io\crate\execution\dsl\projection\builder\SplitPointsBuilder.java,32,34,222
Java,.\server\src\main\java\io\crate\execution\engine\export\FileWriterCountCollector.java,38,27,222
Java,.\libs\guice\src\main\java\org\elasticsearch\common\inject\multibindings\MapBinder.java,45,135,221
Java,.\libs\sql-parser\src\main\java\io\crate\sql\tree\FrameBound.java,25,58,221
Java,.\server\src\main\java\org\elasticsearch\cluster\routing\allocation\decider\Decision.java,48,78,221
Java,.\server\src\main\java\io\crate\execution\dsl\projection\ColumnIndexWriterProjection.java,38,37,220
Java,.\server\src\main\java\io\crate\execution\engine\distribution\TransportDistributedResultAction.java,25,29,220
Java,.\server\src\main\java\io\crate\execution\engine\indexing\ShardDMLExecutor.java,20,24,220
Java,.\libs\shared\src\main\java\io\crate\common\unit\TimeValue.java,36,36,218
Java,.\server\src\main\java\io\crate\analyze\PrivilegesAnalyzer.java,19,23,218
Java,.\server\src\main\java\io\crate\types\TypeSignature.java,35,47,218
Java,.\server\src\main\java\io\crate\expression\scalar\string\TrimFunctions.java,35,28,217
Java,.\server\src\main\java\io\crate\protocols\http\MainAndStaticFileHandler.java,20,23,217
Java,.\server\src\main\java\io\crate\types\TimestampType.java,38,22,217
Java,.\server\src\main\java\io\crate\planner\operators\Get.java,26,26,216
Java,.\server\src\main\java\org\elasticsearch\cluster\node\DiscoveryNode.java,42,134,216
Java,.\server\src\main\java\org\elasticsearch\cluster\routing\allocation\decider\EnableAllocationDecider.java,33,57,216
Java,.\server\src\main\java\org\elasticsearch\index\shard\ShardPath.java,37,59,216
Java,.\server\src\main\java\io\crate\execution\engine\aggregation\impl\CollectSetAggregation.java,31,42,215
Java,.\server\src\main\java\io\crate\types\DataType.java,46,131,213
Java,.\server\src\main\java\org\elasticsearch\action\admin\cluster\snapshots\create\CreateSnapshotRequest.java,40,135,213
Java,.\server\src\main\java\io\crate\types\GeoPointType.java,34,25,212
Java,.\server\src\main\java\org\elasticsearch\common\logging\LoggerMessageFormat.java,24,31,212
Java,.\extensions\jmx-monitoring\src\main\java\io\crate\beans\QueryStats.java,50,20,210
Java,.\libs\sql-parser\src\main\java\io\crate\sql\parser\SqlParser.java,35,39,209
Java,.\server\src\main\java\org\elasticsearch\action\ActionModule.java,18,32,209
Java,.\server\src\main\java\org\elasticsearch\common\unit\ByteSizeUnit.java,49,29,208
Java,.\server\src\main\java\io\crate\execution\engine\aggregation\impl\StringAgg.java,41,24,207
Java,.\server\src\main\java\io\crate\execution\engine\indexing\GroupRowsByShard.java,17,37,207
Java,.\server\src\main\java\org\elasticsearch\common\joda\Joda.java,35,33,207
Java,.\server\src\main\java\io\crate\expression\udf\UserDefinedFunctionMetadata.java,29,20,206
Java,.\server\src\main\java\org\elasticsearch\transport\ConnectionProfile.java,30,99,206
Java,.\server\src\main\java\io\crate\metadata\sys\SysNodesTableInfo.java,9,20,205
Java,.\server\src\main\java\io\crate\planner\Merge.java,33,42,205
Java,.\server\src\main\java\org\elasticsearch\common\rounding\Rounding.java,53,83,205
Java,.\server\src\main\java\org\elasticsearch\index\snapshots\IndexShardSnapshotStatus.java,34,55,205
Java,.\server\src\main\java\io\crate\replication\logical\metadata\ConnectionInfo.java,32,28,204
Java,.\server\src\main\java\org\elasticsearch\action\support\master\TransportMasterNodeAction.java,30,29,204
Java,.\server\src\main\java\io\crate\replication\logical\action\PublicationsStateAction.java,35,31,203
Java,.\server\src\main\java\io\crate\execution\dml\UpsertReplicaRequest.java,25,39,202
Java,.\server\src\main\java\io\crate\expression\scalar\HasFunctionPrivilegeFunction.java,16,34,202
Java,.\server\src\main\java\io\crate\protocols\postgres\types\NumericType.java,40,48,201
Java,.\server\src\main\java\io\crate\expression\scalar\regex\RegexpPositionFunction.java,18,27,200
Java,.\server\src\main\java\org\elasticsearch\indices\recovery\BlobRecoveryTarget.java,37,48,200
Java,.\server\src\main\java\io\crate\execution\engine\window\WindowFunctionBatchIterator.java,20,45,199
Java,.\server\src\main\java\io\crate\session\Sessions.java,30,35,199
Java,.\server\src\main\java\org\elasticsearch\cluster\node\DiscoveryNodeFilters.java,19,33,199
Java,.\server\src\main\java\org\elasticsearch\cluster\routing\RecoverySource.java,55,54,199
Java,.\server\src\main\java\org\elasticsearch\index\snapshots\blobstore\BlobStoreIndexShardSnapshots.java,26,107,199
Java,.\server\src\main\java\io\crate\analyze\GeneratedColumnExpander.java,31,39,198
Java,.\server\src\main\java\io\crate\lucene\match\OptionParser.java,19,21,198
Java,.\server\src\main\java\io\crate\planner\PlannerContext.java,29,27,198
Java,.\server\src\main\java\io\crate\statistics\TransportAnalyzeAction.java,20,22,198
Java,.\server\src\main\java\org\elasticsearch\cluster\health\ClusterStateHealth.java,30,27,198
Java,.\server\src\main\java\org\elasticsearch\common\geo\builders\ShapeBuilder.java,41,90,198
Java,.\server\src\main\java\org\elasticsearch\http\netty4\cors\Netty4CorsHandler.java,33,34,198
Java,.\server\src\main\java\io\crate\execution\dml\ShardRequestExecutor.java,25,31,197
Java,.\server\src\main\java\io\crate\expression\scalar\HasDatabasePrivilegeFunction.java,19,30,197
Java,.\server\src\main\java\org\elasticsearch\cluster\coordination\ClusterBootstrapService.java,35,18,197
Java,.\server\src\main\java\org\elasticsearch\transport\InboundAggregator.java,31,19,197
Java,.\server\src\main\java\io\crate\auth\HostBasedAuthentication.java,32,44,196
Java,.\server\src\main\java\io\crate\role\metadata\RolesMetadata.java,31,55,196
Java,.\server\src\main\java\org\elasticsearch\indices\analysis\AnalysisModule.java,29,55,196
Java,.\server\src\main\java\io\crate\expression\tablefunctions\MatchesFunction.java,28,20,195
Java,.\server\src\main\java\io\crate\metadata\RelationName.java,35,27,195
Java,.\libs\guice\src\main\java\org\elasticsearch\common\inject\TypeLiteral.java,45,121,194
Java,.\server\src\main\java\org\elasticsearch\cluster\health\ClusterShardHealth.java,24,33,194
Java,.\server\src\main\java\io\crate\planner\WhereClauseOptimizer.java,24,39,193
Java,.\server\src\main\java\org\elasticsearch\action\admin\cluster\state\TransportClusterState.java,25,24,193
Java,.\server\src\main\java\io\crate\planner\operators\Union.java,32,93,192
Java,.\server\src\main\java\io\crate\statistics\ColumnSketchBuilder.java,42,44,192
Java,.\server\src\main\java\io\crate\types\FloatType.java,31,24,192
Java,.\server\src\main\java\org\elasticsearch\cluster\routing\allocation\AllocateUnassignedDecision.java,27,68,192
Java,.\server\src\main\java\io\crate\ffi\Natives.java,39,56,191
Java,.\server\src\main\java\io\crate\types\CharacterType.java,31,24,191
Java,.\server\src\main\java\org\elasticsearch\cluster\metadata\MetadataUpdateSettingsService.java,28,40,191
Java,.\server\src\main\java\org\elasticsearch\index\VersionType.java,40,68,191
Java,.\server\src\main\java\io\crate\analyze\AnalyzedInsertStatement.java,30,23,190
Java,.\server\src\main\java\io\crate\analyze\ShowStatementAnalyzer.java,22,105,190
Java,.\server\src\main\java\io\crate\fdw\JdbcForeignDataWrapper.java,23,25,190
Java,.\server\src\main\java\io\crate\execution\dsl\phases\FileUriCollectPhase.java,26,20,189
Java,.\server\src\main\java\io\crate\expression\scalar\NumTermsPerDocQuery.java,29,22,189
Java,.\server\src\main\java\org\elasticsearch\common\util\concurrent\EsExecutors.java,40,71,189
Java,.\plugins\es-analysis-common\src\main\java\org\elasticsearch\analysis\common\StemmerTokenFilterFactory.java,32,36,188
Java,.\server\src\main\java\io\crate\planner\operators\Order.java,18,36,188
Java,.\server\src\main\java\io\crate\types\DoubleType.java,31,24,188
Java,.\server\src\main\java\org\elasticsearch\transport\ClusterConnectionManager.java,25,47,188
Java,.\server\src\main\java\io\crate\analyze\OrderBy.java,24,48,187
Java,.\server\src\main\java\io\crate\metadata\cluster\AlterTableClusterStateExecutor.java,22,31,187
Java,.\server\src\main\java\io\crate\replication\logical\action\TransportCreateSubscription.java,30,25,187
Java,.\server\src\main\java\org\elasticsearch\env\Environment.java,42,62,187
Java,.\server\src\main\java\org\elasticsearch\indices\recovery\RecoveriesCollection.java,34,74,187
Java,.\server\src\main\java\io\crate\execution\engine\collect\collectors\RemoteCollector.java,20,31,186
Java,.\server\src\main\java\io\crate\replication\logical\metadata\SubscriptionsMetadata.java,24,42,186
Java,.\server\src\main\java\org\elasticsearch\index\engine\CombinedDeletionPolicy.java,34,70,186
Java,.\server\src\main\java\io\crate\execution\dml\delete\TransportShardDeleteAction.java,10,27,185
Java,.\server\src\main\java\io\crate\types\IpType.java,28,21,185
Java,.\server\src\main\java\org\elasticsearch\common\compress\DeflateCompressor.java,28,56,185
Java,.\server\src\main\java\io\crate\expression\scalar\HasPrivilegeFunction.java,29,43,184
Java,.\server\src\main\java\io\crate\expression\scalar\arithmetic\ArithmeticFunctions.java,12,20,184
Java,.\server\src\main\java\io\crate\types\GeoShapeType.java,32,29,184
Java,.\server\src\main\java\org\elasticsearch\index\translog\TruncateTranslog.java,32,34,184
Java,.\server\src\main\java\org\elasticsearch\transport\TransportHandshaker.java,39,28,184
Java,.\server\src\main\java\io\crate\execution\dml\UpdateToInsert.java,20,116,183
Java,.\server\src\main\java\io\crate\execution\engine\collect\PKLookupOperation.java,12,28,183
Java,.\server\src\main\java\io\crate\expression\scalar\HasTablePrivilegeFunction.java,18,34,183
Java,.\server\src\main\java\org\elasticsearch\cluster\ClusterStateObserver.java,34,55,183
Java,.\server\src\main\java\org\elasticsearch\index\engine\EngineConfig.java,33,139,183
Java,.\server\src\main\java\io\crate\execution\dsl\projection\WriterProjection.java,35,25,182
Java,.\server\src\main\java\io\crate\lucene\GenericFunctionQuery.java,31,32,182
Java,.\server\src\main\java\org\elasticsearch\cluster\coordination\ClusterFormationFailureHelper.java,37,18,182
Java,.\server\src\main\java\org\elasticsearch\cluster\routing\allocation\decider\AllocationDeciders.java,17,32,182
Java,.\libs\es-x-content\src\main\java\org\elasticsearch\common\xcontent\json\JsonXContentParser.java,34,18,181
Java,.\server\src\main\java\io\crate\protocols\postgres\types\PGTypes.java,26,38,181
Java,.\libs\guice\src\main\java\org\elasticsearch\common\inject\InjectorShell.java,44,45,180
Java,.\server\src\main\java\io\crate\execution\dsl\projection\AbstractIndexWriterProjection.java,39,22,180
Java,.\server\src\main\java\io\crate\expression\symbol\WindowFunction.java,22,20,180
Java,.\server\src\main\java\io\crate\fdw\JdbcDialect.java,20,21,180
Java,.\libs\dex\src\main\java\io\crate\data\CompositeBatchIterator.java,29,30,179
Java,.\libs\guice\src\main\java\org\elasticsearch\common\inject\util\Modules.java,37,72,179
Java,.\server\src\main\java\io\crate\execution\dsl\phases\MergePhase.java,31,50,179
Java,.\server\src\main\java\org\elasticsearch\action\support\replication\TransportWriteAction.java,24,59,179
Java,.\server\src\main\java\org\elasticsearch\bootstrap\JarHell.java,15,88,179
Java,.\server\src\main\java\org\elasticsearch\common\network\NetworkUtils.java,25,50,179
Java,.\server\src\main\java\io\crate\types\FloatVectorType.java,34,21,178
Java,.\libs\guice\src\main\java\org\elasticsearch\common\inject\multibindings\Multibinder.java,38,121,177
Java,.\server\src\main\java\org\elasticsearch\common\blobstore\fs\FsBlobContainer.java,25,34,177
Java,.\server\src\main\java\org\elasticsearch\common\unit\SizeUnit.java,42,22,177
Java,.\server\src\main\java\io\crate\expression\scalar\HasSchemaPrivilegeFunction.java,16,33,176
Java,.\server\src\main\java\io\crate\expression\symbol\GroupAndAggregateSemantics.java,33,67,176
Java,.\server\src\main\java\io\crate\planner\operators\Rename.java,20,39,176
Java,.\server\src\main\java\io\crate\replication\logical\repository\PublisherRestoreService.java,33,45,176
Java,.\server\src\main\java\org\elasticsearch\gateway\MetaStateService.java,29,88,176
Java,.\server\src\main\java\io\crate\execution\engine\collect\files\Globs.java,21,37,175
Java,.\server\src\main\java\io\crate\expression\eval\EvaluatingNormalizer.java,24,37,175
Java,.\server\src\main\java\org\elasticsearch\common\logging\LogConfigurator.java,26,100,175
Java,.\app\src\main\java\org\elasticsearch\bootstrap\Bootstrap.java,27,46,174
Java,.\server\src\main\java\io\crate\execution\dsl\phases\RoutedCollectPhase.java,43,64,174
Java,.\server\src\main\java\io\crate\execution\engine\collect\collectors\LuceneBatchIterator.java,25,26,174
Java,.\server\src\main\java\io\crate\execution\engine\aggregation\impl\StandardDeviationAggregation.java,23,20,173
Java,.\server\src\main\java\io\crate\metadata\upgrade\MetadataIndexUpgrader.java,27,49,173
Java,.\server\src\main\java\org\elasticsearch\indices\recovery\MultiFileWriter.java,22,33,173
Java,.\plugins\es-discovery-ec2\src\main\java\org\elasticsearch\discovery\ec2\AwsEc2SeedHostsProvider.java,39,30,172
Java,.\server\src\main\java\io\crate\expression\predicate\NotPredicate.java,29,43,172
Java,.\server\src\main\java\org\elasticsearch\cluster\coordination\PreVoteCollector.java,42,37,172
Java,.\libs\shared\src\main\java\io\crate\common\exceptions\Exceptions.java,23,68,170
Java,.\server\src\main\java\io\crate\metadata\Routing.java,25,37,170
Java,.\server\src\main\java\io\crate\execution\engine\NodeOperationTreeGenerator.java,36,76,169
Java,.\server\src\main\java\io\crate\execution\engine\indexing\IndexWriterProjector.java,17,22,169
Java,.\server\src\main\java\io\crate\metadata\MetadataModule.java,18,20,169
Java,.\server\src\main\java\io\crate\metadata\RoutingProvider.java,24,36,169
Java,.\server\src\main\java\org\elasticsearch\cluster\metadata\Manifest.java,42,35,169
Java,.\server\src\main\java\org\elasticsearch\cluster\routing\allocation\command\MoveAllocationCommand.java,24,30,169
Java,.\server\src\main\java\org\elasticsearch\search\profile\query\ProfileScorer.java,23,25,169
Java,.\server\src\main\java\io\crate\auth\HttpAuthUpstreamHandler.java,24,34,168
Java,.\server\src\main\java\io\crate\execution\engine\indexing\UpsertResults.java,26,32,168
Java,.\server\src\main\java\io\crate\types\NumericStorage.java,29,35,168
Java,.\server\src\main\java\org\elasticsearch\cluster\routing\allocation\MoveDecision.java,25,87,168
Java,.\plugins\dns-discovery\src\main\java\io\crate\discovery\SrvUnicastHostsProvider.java,20,22,167
Java,.\server\src\main\java\io\crate\analyze\QueriedSelectRelation.java,23,33,167
Java,.\server\src\main\java\io\crate\execution\ddl\tables\CreateTableRequest.java,24,30,167
Java,.\server\src\main\java\io\crate\execution\engine\fetch\NodeFetchOperation.java,20,22,167
Java,.\server\src\main\java\io\crate\planner\node\ddl\CreateSnapshotPlan.java,19,23,167
Java,.\server\src\main\java\io\crate\planner\statement\DeletePlanner.java,20,21,167
Java,.\server\src\main\java\io\crate\execution\dsl\projection\UpdateProjection.java,31,21,166
Java,.\server\src\main\java\io\crate\replication\logical\metadata\Publication.java,24,26,166
Java,.\server\src\main\java\io\crate\execution\dsl\phases\JoinPhase.java,32,20,165
Java,.\server\src\main\java\io\crate\metadata\blob\BlobTableInfo.java,30,21,165
Java,.\server\src\main\java\io\crate\role\TransportAlterRole.java,26,22,165
Java,.\server\src\main\java\org\elasticsearch\discovery\SeedHostsResolver.java,21,23,165
Java,.\server\src\main\java\org\elasticsearch\index\shard\RefreshListeners.java,21,97,165
Java,.\server\src\main\java\io\crate\expression\symbol\FunctionCopyVisitor.java,35,34,164
Java,.\server\src\main\java\io\crate\server\xcontent\XContentHelper.java,16,57,164
Java,.\server\src\main\java\io\crate\execution\engine\collect\count\CountOperation.java,15,20,163
Java,.\server\src\main\java\io\crate\replication\logical\action\GetFileChunkAction.java,32,20,163
Java,.\server\src\main\java\io\crate\server\xcontent\ServerXContentExtension.java,10,24,163
Java,.\server\src\main\java\org\elasticsearch\cluster\health\ClusterIndexHealth.java,28,20,163
Java,.\server\src\main\java\org\elasticsearch\common\io\Streams.java,36,61,163
Java,.\server\src\main\java\org\elasticsearch\index\seqno\RetentionLeaseBackgroundSyncAction.java,24,26,163
Java,.\server\src\main\java\io\crate\expression\InputFactory.java,35,56,162
Java,.\server\src\main\java\org\elasticsearch\action\admin\cluster\state\ClusterStateRequest.java,28,20,162
Java,.\server\src\main\java\org\elasticsearch\common\unit\SizeValue.java,40,18,162
Java,.\server\src\main\java\org\elasticsearch\index\engine\PrunePostingsMergePolicy.java,29,28,162
Java,.\plugins\es-analysis-common\src\main\java\org\elasticsearch\analysis\common\MultiplexerTokenFilterFactory.java,27,21,161
Java,.\server\src\main\java\io\crate\blob\BlobContainer.java,36,55,161
Java,.\server\src\main\java\org\elasticsearch\cluster\routing\allocation\RoutingAllocation.java,49,103,161
Java,.\server\src\main\java\io\crate\execution\engine\collect\sources\CollectSourceResolver.java,23,21,160
Java,.\server\src\main\java\io\crate\execution\engine\distribution\StreamBucket.java,32,29,160
Java,.\server\src\main\java\io\crate\interval\PGIntervalParser.java,21,29,160
Java,.\server\src\main\java\io\crate\planner\operators\LimitDistinct.java,15,26,160
Java,.\server\src\main\java\org\elasticsearch\env\NodeRepurposeCommand.java,47,20,160
Java,.\server\src\main\java\org\elasticsearch\index\engine\TranslogLeafReader.java,35,21,160
Java,.\server\src\main\java\io\crate\analyze\AnalyzedCreateTable.java,16,29,159
Java,.\server\src\main\java\io\crate\exceptions\SQLExceptions.java,18,37,159
Java,.\server\src\main\java\io\crate\execution\dml\ShardRequest.java,35,24,159
Java,.\server\src\main\java\io\crate\expression\scalar\SubstrFunction.java,22,20,159
Java,.\server\src\main\java\io\crate\execution\dml\TranslogIndexer.java,27,40,158
Java,.\server\src\main\java\io\crate\planner\optimizer\joinorder\JoinGraph.java,32,67,158
Java,.\server\src\main\java\org\elasticsearch\action\support\nodes\TransportNodesAction.java,32,37,158
Java,.\plugins\es-repository-azure\src\main\java\org\elasticsearch\repositories\azure\AzureRepository.java,27,45,157
Java,.\server\src\main\java\io\crate\analyze\AlterTableRerouteAnalyzer.java,20,22,157
Java,.\server\src\main\java\io\crate\expression\predicate\IsNullPredicate.java,16,27,157
Java,.\server\src\main\java\io\crate\expression\scalar\arithmetic\LogFunction.java,25,35,157
Java,.\server\src\main\java\org\elasticsearch\action\admin\cluster\configuration\AddVotingConfigExclusionsRequest.java,27,49,157
Java,.\server\src\main\java\org\elasticsearch\common\geo\parsers\GeoJsonParser.java,20,45,157
Java,.\server\src\main\java\io\crate\analyze\WhereClause.java,25,33,156
Java,.\server\src\main\java\io\crate\execution\dml\ArrayIndexer.java,24,43,156
Java,.\server\src\main\java\io\crate\execution\engine\aggregation\sum\IntervalSumAggregation.java,28,20,156
Java,.\server\src\main\java\io\crate\execution\engine\indexing\BatchIteratorBackpressureExecutor.java,23,59,156
Java,.\server\src\main\java\io\crate\expression\operator\AndOperator.java,30,37,156
Java,.\server\src\main\java\io\crate\expression\scalar\DateTruncFunction.java,27,29,156
Java,.\server\src\main\java\io\crate\fdw\ForeignTablesMetadata.java,27,21,156
Java,.\server\src\main\java\io\crate\planner\optimizer\iterative\Memo.java,45,74,156
Java,.\server\src\main\java\io\crate\planner\optimizer\rule\EquiJoinToLookupJoin.java,28,37,156
Java,.\server\src\main\java\io\crate\role\TransportPrivileges.java,30,22,156
Java,.\server\src\main\java\io\crate\types\RowType.java,28,24,156
Java,.\server\src\main\java\org\elasticsearch\cluster\routing\DelayedAllocationService.java,29,43,156
Java,.\server\src\main\java\org\elasticsearch\common\util\PageCacheRecycler.java,35,38,156
Java,.\server\src\main\java\io\crate\execution\dsl\projection\SourceIndexWriterProjection.java,25,25,155
Java,.\server\src\main\java\io\crate\execution\engine\collect\stats\JobsLogs.java,28,58,155
Java,.\server\src\main\java\io\crate\execution\engine\indexing\UpsertResultCollectors.java,30,20,155
Java,.\server\src\main\java\org\elasticsearch\cluster\routing\allocation\command\CancelAllocationCommand.java,19,47,155
Java,.\server\src\main\java\org\elasticsearch\index\seqno\RetentionLeaseSyncAction.java,25,22,155
Java,.\server\src\main\java\org\elasticsearch\repositories\ShardGenerations.java,27,78,155
Java,.\server\src\main\java\io\crate\execution\engine\window\AggregateToWindowFunctionAdapter.java,18,26,154
Java,.\server\src\main\java\io\crate\planner\node\ddl\RestoreSnapshotPlan.java,16,21,154
Java,.\server\src\main\java\org\elasticsearch\cluster\ClusterInfo.java,30,64,154
Java,.\server\src\main\java\org\elasticsearch\common\hash\MurmurHash3.java,33,78,154
Java,.\server\src\main\java\org\elasticsearch\common\util\concurrent\PrioritizedEsThreadPoolExecutor.java,27,39,154
Java,.\server\src\main\java\org\elasticsearch\index\shard\GlobalCheckpointListeners.java,23,90,154
Java,.\server\src\main\java\io\crate\execution\engine\collect\collectors\NodeStats.java,18,26,153
Java,.\server\src\main\java\org\elasticsearch\indices\recovery\RecoverySettings.java,43,42,153
Java,.\libs\guice\src\main\java\org\elasticsearch\common\inject\internal\Scoping.java,40,43,152
Java,.\server\src\main\java\io\crate\execution\dsl\projection\FetchProjection.java,26,31,152
Java,.\server\src\main\java\io\crate\role\RolePrivileges.java,19,28,152
Java,.\server\src\main\java\org\elasticsearch\action\support\PlainFuture.java,41,156,152
Java,.\server\src\main\java\org\elasticsearch\discovery\DiscoveryModule.java,23,22,152
Java,.\server\src\main\java\org\elasticsearch\index\mapper\Uid.java,18,42,152
Java,.\server\src\main\java\org\elasticsearch\transport\InboundDecoder.java,25,20,152
Java,.\plugins\es-analysis-common\src\main\java\org\elasticsearch\analysis\common\WordDelimiterTokenFilterFactory.java,16,39,151
Java,.\server\src\main\java\io\crate\planner\node\ddl\OptimizeTablePlan.java,25,20,151
Java,.\server\src\main\java\io\crate\protocols\postgres\ClientMessages.java,28,29,151
Java,.\server\src\main\java\io\crate\protocols\postgres\PgDecoder.java,40,63,151
Java,.\server\src\main\java\io\crate\replication\logical\action\TransportAlterPublication.java,26,21,151
Java,.\server\src\main\java\io\crate\role\PrivilegesModifier.java,19,33,151
Java,.\server\src\main\java\org\elasticsearch\common\network\NetworkService.java,21,68,151
Java,.\server\src\main\java\org\elasticsearch\common\util\concurrent\SizeBlockingQueue.java,30,30,151
Java,.\libs\shared\src\main\java\io\crate\common\collections\Iterables.java,36,157,150
Java,.\libs\shared\src\main\java\io\crate\common\io\IOUtils.java,23,104,150
Java,.\server\src\main\java\io\crate\execution\engine\collect\RemoteCollectorFactory.java,14,30,150
Java,.\server\src\main\java\io\crate\expression\scalar\ExtractFunctions.java,17,23,150
Java,.\server\src\main\java\io\crate\replication\logical\LogicalReplicationSettings.java,24,38,150
Java,.\server\src\main\java\org\elasticsearch\cluster\metadata\RepositoriesMetadata.java,23,59,150
Java,.\plugins\es-repository-s3\src\main\java\org\elasticsearch\repositories\s3\S3Repository.java,24,36,149
Java,.\server\src\main\java\io\crate\execution\ddl\tables\TransportCreateTable.java,26,30,149
Java,.\server\src\main\java\io\crate\execution\dsl\projection\builder\ProjectionBuilder.java,17,31,149
Java,.\server\src\main\java\io\crate\execution\engine\aggregation\impl\average\numeric\NumericAverageAggregation.java,22,25,149
Java,.\server\src\main\java\io\crate\execution\engine\join\NestedLoopOperation.java,20,20,149
Java,.\server\src\main\java\io\crate\planner\node\management\ExplainPlan.java,23,25,149
Java,.\server\src\main\java\org\elasticsearch\indices\recovery\MultiChunkTransfer.java,21,46,149
Java,.\extensions\jmx-monitoring\src\main\java\io\crate\beans\NodeInfo.java,22,20,148
Java,.\server\src\main\java\io\crate\blob\v2\BlobIndicesService.java,22,23,148
Java,.\server\src\main\java\io\crate\expression\scalar\geo\WithinFunction.java,17,28,148
Java,.\server\src\main\java\io\crate\replication\logical\analyze\LogicalReplicationAnalyzer.java,16,20,148
Java,.\server\src\main\java\org\elasticsearch\cluster\metadata\SchemaMetadata.java,27,23,148
Java,.\server\src\main\java\org\elasticsearch\common\unit\ByteSizeValue.java,21,35,148
Java,.\server\src\main\java\org\elasticsearch\index\translog\TranslogDeletionPolicy.java,28,41,148
Java,.\plugins\es-analysis-phonetic\src\main\java\org\elasticsearch\index\analysis\phonetic\Nysiis.java,36,147,147
Java,.\server\src\main\java\io\crate\analyze\expressions\ValueNormalizer.java,13,29,147
Java,.\server\src\main\java\io\crate\execution\dml\GeoShapeIndexer.java,29,20,147
Java,.\server\src\main\java\io\crate\execution\jobs\PKLookupTask.java,17,22,147
Java,.\server\src\main\java\io\crate\metadata\doc\SysColumns.java,27,34,147
Java,.\server\src\main\java\io\crate\session\RowConsumerToResultReceiver.java,18,31,147
Java,.\server\src\main\java\io\crate\types\IntervalType.java,22,27,147
Java,.\server\src\main\java\org\elasticsearch\action\admin\cluster\settings\TransportClusterUpdateSettingsAction.java,25,33,147
Java,.\server\src\main\java\org\elasticsearch\cluster\routing\allocation\decider\FilterAllocationDecider.java,26,48,147
Java,.\server\src\main\java\org\elasticsearch\index\engine\ElasticsearchConcurrentMergeScheduler.java,27,31,147
Java,.\server\src\main\java\io\crate\blob\transfer\PutHeadChunkRunnable.java,17,21,146
Java,.\server\src\main\java\io\crate\execution\dsl\phases\FetchPhase.java,30,20,146
Java,.\server\src\main\java\io\crate\expression\scalar\arithmetic\IntervalTimestampArithmeticScalar.java,13,21,145
Java,.\server\src\main\java\io\crate\metadata\sys\SysClusterTableInfo.java,26,42,145
Java,.\server\src\main\java\io\crate\analyze\CreateAnalyzerStatementAnalyzer.java,31,22,144
Java,.\server\src\main\java\io\crate\expression\symbol\Symbol.java,29,69,144
Java,.\server\src\main\java\io\crate\planner\operators\Eval.java,17,27,144
Java,.\server\src\main\java\org\elasticsearch\cluster\routing\allocation\decider\ThrottlingAllocationDecider.java,20,55,144
Java,.\server\src\main\java\org\elasticsearch\common\unit\Fuzziness.java,21,23,144
Java,.\libs\dex\src\main\java\io\crate\data\CollectingBatchIterator.java,21,34,143
Java,.\server\src\main\java\io\crate\planner\node\ddl\AlterTablePlan.java,17,21,143
Java,.\server\src\main\java\io\crate\planner\operators\Limit.java,20,20,143
Java,.\libs\guice\src\main\java\org\elasticsearch\common\inject\TypeConverterBindingProcessor.java,23,25,142
Java,.\server\src\main\java\io\crate\analyze\TableParameters.java,29,47,142
Java,.\server\src\main\java\io\crate\execution\jobs\transport\TransportJobAction.java,17,23,142
Java,.\server\src\main\java\io\crate\expression\scalar\geo\DistanceFunction.java,21,63,142
Java,.\server\src\main\java\io\crate\planner\operators\CorrelatedJoin.java,17,46,142
Java,.\server\src\main\java\io\crate\planner\operators\TableFunction.java,20,21,142
Java,.\extensions\jmx-monitoring\src\main\java\io\crate\beans\ThreadPools.java,31,20,141
Java,.\server\src\main\java\io\crate\planner\node\dml\UpdateById.java,21,20,141
Java,.\server\src\main\java\io\crate\replication\logical\action\UpdateSubscriptionAction.java,29,20,141
Java,.\server\src\main\java\io\crate\types\IntegerType.java,27,20,141
Java,.\server\src\main\java\org\elasticsearch\action\admin\cluster\health\ClusterHealthRequest.java,27,48,141
Java,.\server\src\main\java\org\elasticsearch\action\support\ActiveShardCount.java,25,59,141
Java,.\server\src\main\java\org\elasticsearch\cluster\routing\allocation\command\AbstractAllocateAllocationCommand.java,28,71,141
Java,.\server\src\main\java\org\elasticsearch\transport\InboundPipeline.java,17,18,141
Java,.\server\src\main\java\io\crate\expression\symbol\Aggregation.java,26,20,140
Java,.\server\src\main\java\org\elasticsearch\action\ActionListener.java,23,71,140
Java,.\server\src\main\java\org\elasticsearch\action\admin\indices\close\TransportVerifyShardBeforeCloseAction.java,24,29,140
Java,.\server\src\main\java\org\elasticsearch\common\breaker\ChildMemoryCircuitBreaker.java,21,84,140
Java,.\server\src\main\java\org\elasticsearch\repositories\blobstore\FileRestoreContext.java,23,53,140
Java,.\libs\sql-parser\src\main\java\io\crate\sql\tree\Insert.java,26,20,139
Java,.\server\src\main\java\io\crate\execution\dml\TransportShardAction.java,19,25,139
Java,.\server\src\main\java\io\crate\metadata\view\ViewInfoFactory.java,10,28,139
Java,.\server\src\main\java\io\crate\analyze\CreateTableLikeAnalyzer.java,19,21,138
Java,.\server\src\main\java\io\crate\analyze\relations\FullQualifiedNameFieldProvider.java,13,36,138
Java,.\server\src\main\java\io\crate\execution\engine\collect\files\HTTPFileInputFactory.java,22,20,138
Java,.\server\src\main\java\io\crate\execution\engine\collect\sources\SystemCollectSource.java,18,33,138
Java,.\server\src\main\java\io\crate\execution\engine\indexing\ColumnIndexWriterProjector.java,14,20,138
Java,.\server\src\main\java\io\crate\expression\scalar\regex\RegexpCountFunction.java,18,20,138
Java,.\server\src\main\java\io\crate\planner\operators\ForeignCollect.java,21,20,138
Java,.\server\src\main\java\org\elasticsearch\action\resync\TransportResyncReplicationAction.java,19,31,138
Java,.\server\src\main\java\org\elasticsearch\cluster\block\ClusterBlock.java,22,25,138
Java,.\server\src\main\java\org\elasticsearch\monitor\fs\FsHealthService.java,24,22,138
Java,.\server\src\main\java\io\crate\planner\PositionalOrderBy.java,20,54,137
Java,.\server\src\main\java\io\crate\planner\operators\Count.java,18,25,137
Java,.\server\src\main\java\io\crate\planner\operators\JoinPlan.java,20,20,137
Java,.\server\src\main\java\io\crate\role\SecureHash.java,24,49,137
Java,.\server\src\main\java\org\elasticsearch\cluster\metadata\IndexNameExpressionResolver.java,18,42,137
Java,.\server\src\main\java\org\elasticsearch\cluster\service\ClusterService.java,35,94,137
Java,.\server\src\main\java\io\crate\execution\dsl\phases\AbstractProjectionsPhase.java,31,20,136
Java,.\server\src\main\java\org\elasticsearch\transport\OutboundHandler.java,17,30,136
Java,.\server\src\main\java\org\elasticsearch\transport\Transport.java,45,95,136
Java,.\server\src\main\java\io\crate\execution\dsl\projection\OrderedLimitAndOffsetProjection.java,24,20,135
Java,.\server\src\main\java\io\crate\planner\DependencyCarrier.java,26,23,135
Java,.\server\src\main\java\io\crate\planner\node\dql\Collect.java,28,34,135
Java,.\server\src\main\java\org\elasticsearch\action\admin\indices\stats\CommonStatsFlags.java,31,35,135
Java,.\server\src\main\java\io\crate\analyze\where\DocKeys.java,25,20,134
Java,.\server\src\main\java\io\crate\execution\dsl\phases\PKLookupPhase.java,24,20,134
Java,.\server\src\main\java\io\crate\execution\engine\collect\ShardCollectorProvider.java,18,25,134
Java,.\server\src\main\java\io\crate\execution\engine\collect\stats\RamAccountingQueue.java,32,25,134
Java,.\server\src\main\java\io\crate\expression\reference\sys\shard\SysAllocation.java,27,20,134
Java,.\server\src\main\java\io\crate\planner\optimizer\rule\EliminateCrossJoin.java,25,29,134
Java,.\server\src\main\java\io\crate\replication\logical\metadata\Subscription.java,25,22,134
Java,.\server\src\main\java\io\crate\types\DateType.java,26,22,134
Java,.\server\src\main\java\org\elasticsearch\http\netty4\cors\Netty4CorsConfigBuilder.java,33,190,134
Java,.\server\src\main\java\org\elasticsearch\index\seqno\LocalCheckpointTracker.java,29,126,134
Java,.\server\src\main\java\org\elasticsearch\indices\analysis\HunspellService.java,24,76,134
Java,.\server\src\main\java\org\elasticsearch\threadpool\Scheduler.java,31,98,134
Java,.\server\src\main\java\org\elasticsearch\transport\netty4\ByteBufStreamInput.java,26,30,134
Java,.\server\src\main\java\io\crate\auth\CachingJwkProvider.java,22,29,133
Java,.\server\src\main\java\io\crate\expression\operator\any\AnyOperator.java,23,23,133
Java,.\server\src\main\java\io\crate\expression\reference\doc\lucene\LuceneReferenceResolver.java,24,21,133
Java,.\server\src\main\java\io\crate\types\LongType.java,26,20,133
Java,.\server\src\main\java\org\elasticsearch\action\admin\cluster\health\ClusterHealthResponse.java,30,38,133
Java,.\server\src\main\java\org\elasticsearch\cluster\coordination\ElasticsearchNodeCommand.java,24,31,133
Java,.\server\src\main\java\org\elasticsearch\index\translog\TranslogHeader.java,22,59,133
Java,.\server\src\main\java\io\crate\collections\accountable\AccountableList.java,24,54,132
Java,.\server\src\main\java\io\crate\execution\engine\aggregation\impl\NumericStandardDeviationAggregation.java,22,20,132
Java,.\server\src\main\java\io\crate\expression\operator\LikeOperator.java,18,25,132
Java,.\server\src\main\java\io\crate\metadata\ReferenceTree.java,18,35,132
Java,.\server\src\main\java\io\crate\metadata\cluster\RenameTableClusterStateExecutor.java,21,20,132
Java,.\server\src\main\java\io\crate\metadata\settings\CoordinatorSessionSettings.java,26,39,132
Java,.\server\src\main\java\io\crate\protocols\postgres\types\PGType.java,39,46,132
Java,.\server\src\main\java\org\elasticsearch\cluster\routing\allocation\NodeAllocationResult.java,28,71,132
Java,.\server\src\main\java\io\crate\execution\ddl\tables\AlterTableRequest.java,18,20,131
Java,.\server\src\main\java\io\crate\expression\reference\sys\snapshot\SysSnapshot.java,10,25,131
Java,.\server\src\main\java\io\crate\role\TransportCreateRole.java,20,26,131
Java,.\server\src\main\java\org\elasticsearch\common\regex\Regex.java,15,53,131
Java,.\server\src\main\java\org\elasticsearch\index\MergePolicyConfig.java,19,107,131
Java,.\libs\shared\src\main\java\io\crate\common\StringUtils.java,21,32,130
Java,.\server\src\main\java\io\crate\analyze\where\WhereClauseAnalyzer.java,19,46,130
Java,.\server\src\main\java\io\crate\planner\optimizer\rule\RewriteFilterOnOuterJoinToInnerJoin.java,16,113,130
Java,.\server\src\main\java\io\crate\types\ByteType.java,26,21,130
Java,.\server\src\main\java\io\crate\analyze\RestoreSnapshotAnalyzer.java,13,21,129
Java,.\server\src\main\java\io\crate\analyze\relations\AliasedAnalyzedRelation.java,16,33,129
Java,.\server\src\main\java\io\crate\expression\scalar\ArrayAvgFunction.java,18,23,129
Java,.\server\src\main\java\io\crate\planner\UnionExecutionPlan.java,27,37,129
Java,.\server\src\main\java\io\crate\planner\node\dql\join\Join.java,25,40,129
Java,.\server\src\main\java\io\crate\planner\operators\Insert.java,21,26,129
Java,.\server\src\main\java\io\crate\types\ShortType.java,27,21,129
Java,.\server\src\main\java\org\elasticsearch\index\seqno\RetentionLeases.java,29,106,129
Java,.\server\src\main\java\io\crate\planner\optimizer\symbol\Optimizer.java,16,24,128
Java,.\server\src\main\java\io\crate\replication\logical\metadata\PublicationsMetadata.java,22,44,128
Java,.\server\src\main\java\org\elasticsearch\common\bytes\CompositeBytesReference.java,19,27,128
Java,.\server\src\main\java\org\elasticsearch\discovery\HandshakingTransportAddressConnector.java,25,33,128
Java,.\server\src\main\java\io\crate\execution\ddl\tables\TransportDropPartitionsAction.java,14,20,127
Java,.\server\src\main\java\io\crate\expression\operator\all\AllOperator.java,20,22,127
Java,.\server\src\main\java\org\elasticsearch\cluster\service\TaskBatcher.java,16,31,127
Java,.\server\src\main\java\org\elasticsearch\transport\TransportKeepAlive.java,31,35,127
Java,.\libs\guice\src\main\java\org\elasticsearch\common\inject\InheritingState.java,24,19,126
Java,.\plugins\es-repository-url\src\main\java\org\elasticsearch\repositories\url\URLRepository.java,26,37,126
Java,.\server\src\main\java\io\crate\planner\operators\DistinctRewriter.java,24,48,126
Java,.\server\src\main\java\io\crate\replication\logical\repository\RemoteClusterMultiChunkTransfer.java,14,21,126
Java,.\server\src\main\java\io\crate\statistics\ColumnStats.java,21,21,126
Java,.\server\src\main\java\org\elasticsearch\action\admin\indices\shrink\TransportResize.java,19,21,126
Java,.\extensions\lang-js\src\main\java\io\crate\operation\language\PolyglotValues.java,10,22,125
Java,.\libs\sql-parser\src\main\java\io\crate\sql\Literals.java,13,46,125
Java,.\plugins\es-discovery-ec2\src\main\java\org\elasticsearch\discovery\ec2\Ec2DiscoveryPlugin.java,22,30,125
Java,.\server\src\main\java\io\crate\execution\engine\distribution\DistributedResultRequest.java,28,21,125
Java,.\server\src\main\java\io\crate\expression\scalar\string\StringPaddingFunction.java,13,24,125
Java,.\server\src\main\java\io\crate\expression\tablefunctions\GenerateSubscripts.java,14,21,125
Java,.\server\src\main\java\io\crate\role\metadata\UsersMetadata.java,25,40,125
Java,.\server\src\main\java\org\elasticsearch\action\support\replication\ReplicationResponse.java,30,42,125
Java,.\server\src\main\java\org\elasticsearch\cluster\routing\BatchedRerouteService.java,15,30,125
Java,.\server\src\main\java\org\elasticsearch\cluster\routing\allocation\decider\AwarenessAllocationDecider.java,25,65,125
Java,.\server\src\main\java\org\elasticsearch\common\logging\Loggers.java,21,30,125
Java,.\server\src\main\java\io\crate\auth\JWTAuthenticationMethod.java,26,33,124
Java,.\server\src\main\java\io\crate\interval\SQLStandardIntervalParser.java,14,28,124
Java,.\server\src\main\java\io\crate\metadata\pgcatalog\PgProcTable.java,17,23,124
Java,.\server\src\main\java\org\elasticsearch\action\support\RetryableAction.java,28,25,124
Java,.\server\src\main\java\org\elasticsearch\common\settings\IndexScopedSettings.java,13,23,124
Java,.\server\src\main\java\org\elasticsearch\common\time\JavaDateFormatter.java,22,21,124
Java,.\server\src\main\java\org\elasticsearch\common\util\BigByteArray.java,19,25,124
Java,.\server\src\main\java\io\crate\execution\engine\collect\collectors\OrderedLuceneBatchIteratorFactory.java,18,25,123
Java,.\server\src\main\java\io\crate\expression\scalar\formatting\ToCharFunction.java,22,21,123
Java,.\server\src\main\java\io\crate\planner\operators\ProjectSet.java,17,39,123
Java,.\server\src\main\java\io\crate\replication\logical\action\DropSubscriptionAction.java,21,24,123
Java,.\server\src\main\java\org\elasticsearch\action\admin\cluster\configuration\TransportClearVotingConfigExclusions.java,23,19,123
Java,.\server\src\main\java\org\elasticsearch\index\engine\NoOpEngine.java,21,30,123
Java,.\server\src\main\java\org\elasticsearch\repositories\VerifyNodeRepositoryAction.java,22,18,123
Java,.\plugins\repository-gcs\src\main\java\io\crate\gcs\GCSRepository.java,20,29,122
Java,.\server\src\main\java\io\crate\execution\dml\DynamicIndexer.java,12,39,122
Java,.\server\src\main\java\org\elasticsearch\action\support\IndicesOptions.java,29,55,122
Java,.\server\src\main\java\org\elasticsearch\common\io\Channels.java,24,107,122
Java,.\server\src\main\java\io\crate\execution\engine\distribution\merge\RecordingSortedMergeIterator.java,25,27,121
Java,.\server\src\main\java\io\crate\metadata\RoutineInfos.java,18,20,121
Java,.\server\src\main\java\io\crate\metadata\settings\SessionSettings.java,26,31,121
Java,.\server\src\main\java\io\crate\planner\operators\Fetch.java,13,53,121
Java,.\server\src\main\java\io\crate\udc\ping\PingTask.java,23,22,121
Java,.\server\src\main\java\org\elasticsearch\action\admin\cluster\configuration\TransportAddVotingConfigExclusions.java,29,18,121
Java,.\server\src\main\java\org\elasticsearch\common\network\IfConfig.java,16,30,121
Java,.\server\src\main\java\org\elasticsearch\transport\OutboundMessage.java,24,24,121
Java,.\libs\sql-parser\src\main\java\io\crate\sql\Identifiers.java,25,36,120
Java,.\server\src\main\java\io\crate\analyze\CopyAnalyzer.java,16,20,120
Java,.\server\src\main\java\io\crate\blob\v2\BlobShard.java,23,22,120
Java,.\server\src\main\java\io\crate\execution\engine\collect\sources\FileCollectSource.java,13,21,120
Java,.\server\src\main\java\io\crate\execution\jobs\SharedShardContexts.java,14,36,120
Java,.\server\src\main\java\io\crate\metadata\settings\CrateSettings.java,14,24,120
Java,.\server\src\main\java\io\crate\planner\optimizer\iterative\IterativeOptimizer.java,20,47,120
Java,.\server\src\main\java\io\crate\protocols\ssl\SslContextProviderService.java,18,21,120
Java,.\server\src\main\java\org\elasticsearch\cluster\coordination\ElectionSchedulerFactory.java,28,52,120
Java,.\server\src\main\java\org\elasticsearch\cluster\coordination\LagDetector.java,27,26,120
Java,.\server\src\main\java\org\elasticsearch\common\geo\builders\LineStringBuilder.java,18,37,120
Java,.\server\src\main\java\org\elasticsearch\repositories\blobstore\ChecksumBlobStoreFormat.java,18,49,120
Java,.\plugins\es-analysis-phonetic\src\main\java\org\elasticsearch\index\analysis\PhoneticTokenFilterFactory.java,8,19,119
Java,.\server\src\main\java\io\crate\expression\udf\UserDefinedFunctionsMetadata.java,25,21,119
Java,.\server\src\main\java\io\crate\metadata\table\Operation.java,16,22,119
Java,.\server\src\main\java\io\crate\planner\operators\Filter.java,17,21,119
Java,.\server\src\main\java\io\crate\role\Privilege.java,17,33,119
Java,.\server\src\main\java\io\crate\role\Roles.java,24,64,119
Java,.\server\src\main\java\io\crate\analyze\where\WhereClauseValidator.java,21,20,118
Java,.\server\src\main\java\io\crate\execution\dsl\projection\SysUpdateProjection.java,21,20,118
Java,.\server\src\main\java\io\crate\metadata\IndexName.java,21,56,118
Java,.\server\src\main\java\io\crate\metadata\information\InformationPartitionsTableInfo.java,22,20,118
Java,.\server\src\main\java\io\crate\metadata\view\ViewsMetadata.java,20,45,118
Java,.\server\src\main\java\io\crate\planner\AlterServerPlan.java,16,20,118
Java,.\server\src\main\java\io\crate\planner\CreateViewPlan.java,20,20,118
Java,.\server\src\main\java\io\crate\planner\operators\AbstractJoinPlan.java,21,20,118
Java,.\server\src\main\java\org\elasticsearch\transport\TransportActionProxy.java,29,50,118
Java,.\libs\guice\src\main\java\org\elasticsearch\common\inject\InjectorBuilder.java,33,55,117
Java,.\libs\sql-parser\src\main\java\io\crate\sql\tree\ColumnDefinition.java,20,23,117
Java,.\server\src\main\java\io\crate\execution\dml\RawIndexer.java,20,37,117
Java,.\server\src\main\java\io\crate\execution\engine\collect\files\LocalFsFileInput.java,19,27,117
Java,.\server\src\main\java\io\crate\execution\engine\distribution\DistributingConsumerFactory.java,14,32,117
Java,.\server\src\main\java\io\crate\planner\optimizer\rule\MoveFilterBeneathJoin.java,20,58,117
Java,.\server\src\main\java\io\crate\rest\action\HttpError.java,18,22,117
Java,.\server\src\main\java\io\crate\types\ResultSetParser.java,7,28,117
Java,.\server\src\main\java\org\elasticsearch\common\compress\CompressedXContent.java,25,38,117
Java,.\server\src\main\java\org\elasticsearch\common\util\concurrent\AbstractAsyncTask.java,19,52,117
Java,.\server\src\main\java\org\elasticsearch\env\ESFileStore.java,18,32,117
Java,.\server\src\main\java\org\elasticsearch\transport\TransportDecompressor.java,13,18,117
Java,.\server\src\main\java\io\crate\execution\dml\IndexDocumentBuilder.java,24,66,116
Java,.\server\src\main\java\io\crate\execution\engine\aggregation\AggregateCollector.java,20,23,116
Java,.\server\src\main\java\io\crate\expression\tablefunctions\UnnestFunction.java,17,31,116
Java,.\server\src\main\java\io\crate\planner\operators\EquiJoinDetector.java,15,47,116
Java,.\server\src\main\java\org\elasticsearch\cluster\metadata\AutoExpandReplicas.java,21,30,116
Java,.\server\src\main\java\org\elasticsearch\monitor\fs\FsProbe.java,18,28,116
Java,.\libs\es-x-content\src\main\java\org\elasticsearch\common\xcontent\XContentParser.java,55,94,115
Java,.\server\src\main\java\io\crate\expression\operator\any\AnyNeqOperator.java,10,22,115
Java,.\server\src\main\java\io\crate\expression\scalar\string\EncodeDecodeFunction.java,20,39,115
Java,.\server\src\main\java\io\crate\execution\engine\distribution\merge\BatchPagingIterator.java,19,30,114
Java,.\server\src\main\java\io\crate\execution\engine\indexing\UpsertResultContext.java,24,26,114
Java,.\server\src\main\java\io\crate\expression\scalar\SubscriptObjectFunction.java,13,26,114
Java,.\server\src\main\java\io\crate\metadata\view\ViewInfo.java,25,41,114
Java,.\server\src\main\java\io\crate\execution\engine\aggregation\AggregationFunction.java,20,87,113
Java,.\server\src\main\java\io\crate\expression\operator\CIDROperator.java,17,23,113
Java,.\server\src\main\java\io\crate\planner\CreateForeignTablePlan.java,14,20,113
Java,.\server\src\main\java\org\elasticsearch\index\shard\ShardStateMetadata.java,18,19,113
Java,.\server\src\main\java\org\elasticsearch\index\store\FsDirectoryFactory.java,19,38,113
Java,.\plugins\es-discovery-ec2\src\main\java\org\elasticsearch\discovery\ec2\Ec2ClientSettings.java,30,47,112
Java,.\server\src\main\java\io\crate\execution\dsl\phases\CountPhase.java,23,20,112
Java,.\server\src\main\java\io\crate\execution\dsl\projection\GroupProjection.java,20,24,112
Java,.\server\src\main\java\io\crate\execution\engine\sort\UnboundedSortingLimitAndOffsetCollector.java,16,38,112
Java,.\server\src\main\java\org\elasticsearch\action\support\replication\TransportBroadcastReplicationAction.java,14,27,112
Java,.\server\src\main\java\org\elasticsearch\cluster\metadata\MetadataDeleteIndexService.java,18,30,112
Java,.\server\src\main\java\org\elasticsearch\common\StopWatch.java,31,113,112
Java,.\server\src\main\java\org\elasticsearch\common\util\AbstractBigArray.java,24,21,112
Java,.\plugins\es-discovery-ec2\src\main\java\org\elasticsearch\discovery\ec2\AwsEc2ServiceImpl.java,18,33,111
Java,.\server\src\main\java\io\crate\blob\RemoteDigestBlob.java,23,26,111
Java,.\server\src\main\java\io\crate\execution\IncrementalPageBucketReceiver.java,15,21,111
Java,.\server\src\main\java\io\crate\execution\engine\collect\collectors\OptimizeQueryForSearchAfter.java,8,25,111
Java,.\server\src\main\java\io\crate\fdw\ForeignDataWrappers.java,12,20,111
Java,.\server\src\main\java\io\crate\planner\node\management\KillPlan.java,12,20,111
Java,.\server\src\main\java\io\crate\planner\optimizer\rule\MoveConstantJoinConditionsBeneathJoin.java,13,26,111
Java,.\server\src\main\java\io\crate\rest\action\ResultToXContentBuilder.java,22,36,111
Java,.\server\src\main\java\io\crate\types\UndefinedType.java,26,20,111
Java,.\server\src\main\java\org\elasticsearch\env\NodeMetadata.java,31,23,111
Java,.\server\src\main\java\io\crate\execution\engine\collect\files\LineProcessor.java,14,20,110
Java,.\server\src\main\java\io\crate\execution\engine\fetch\ReaderBuckets.java,18,34,110
Java,.\server\src\main\java\io\crate\operation\collect\files\CSVLineParser.java,11,20,110
Java,.\server\src\main\java\io\crate\replication\logical\ShardReplicationService.java,16,20,110
Java,.\server\src\main\java\io\crate\replication\logical\action\GetStoreMetadataAction.java,25,20,110
Java,.\server\src\main\java\org\elasticsearch\action\admin\indices\create\CreatePartitionsRequest.java,15,31,110
Java,.\server\src\main\java\org\elasticsearch\snapshots\SnapshotSchemaValidator.java,13,46,110
Java,.\server\src\main\java\io\crate\analyze\TableProperties.java,14,30,109
Java,.\server\src\main\java\io\crate\execution\ddl\tables\TransportRenameTable.java,15,20,109
Java,.\server\src\main\java\io\crate\expression\operator\DistinctFrom.java,15,24,109
Java,.\server\src\main\java\io\crate\expression\scalar\DateBinFunction.java,27,34,109
Java,.\server\src\main\java\io\crate\netty\NettyBootstrap.java,18,20,109
Java,.\server\src\main\java\io\crate\statistics\Stats.java,17,20,109
Java,.\server\src\main\java\org\elasticsearch\common\io\stream\BytesStreamOutput.java,28,58,109
Java,.\server\src\main\java\io\crate\execution\engine\fetch\NodeFetchRequest.java,19,20,108
Java,.\server\src\main\java\io\crate\expression\scalar\arithmetic\TrigonometricFunctions.java,19,20,108
Java,.\server\src\main\java\io\crate\expression\symbol\MatchPredicate.java,19,20,108
Java,.\server\src\main\java\io\crate\role\RoleManagerDDLModifier.java,23,22,108
Java,.\server\src\main\java\org\elasticsearch\common\component\Lifecycle.java,19,71,108
Java,.\server\src\main\java\org\elasticsearch\common\util\CancellableThreads.java,22,61,108
Java,.\libs\dex\src\main\java\io\crate\data\join\SemiJoinNLBatchIterator.java,20,38,107
Java,.\libs\sql-parser\src\main\java\io\crate\sql\tree\GenericProperties.java,27,41,107
Java,.\server\src\main\java\io\crate\exceptions\ColumnUnknownException.java,23,31,107
Java,.\server\src\main\java\io\crate\expression\reference\doc\lucene\ColumnFieldVisitor.java,25,41,107
Java,.\server\src\main\java\io\crate\planner\node\dql\CountPlan.java,24,20,107
Java,.\server\src\main\java\io\crate\role\RoleManagerService.java,19,20,107
Java,.\server\src\main\java\org\elasticsearch\common\io\stream\ByteBufferStreamInput.java,20,18,107
Java,.\server\src\main\java\org\elasticsearch\http\netty4\cors\Netty4CorsConfig.java,20,107,107
Java,.\libs\guice\src\main\java\org\elasticsearch\common\inject\internal\BindingBuilder.java,21,22,106
Java,.\plugins\es-analysis-common\src\main\java\org\elasticsearch\analysis\common\CharGroupTokenizerFactory.java,10,18,106
Java,.\server\src\main\java\io\crate\metadata\information\InformationColumnsTableInfo.java,9,20,106
Java,.\server\src\main\java\io\crate\planner\optimizer\Optimizer.java,11,24,106
Java,.\server\src\main\java\org\elasticsearch\common\bytes\ReleasableBytesReference.java,30,22,106
Java,.\server\src\main\java\org\elasticsearch\index\shard\ShardSplittingQuery.java,18,28,106
Java,.\plugins\es-analysis-common\src\main\java\org\elasticsearch\analysis\common\CharMatcher.java,14,22,105
Java,.\server\src\main\java\io\crate\expression\scalar\arithmetic\RoundFunction.java,15,30,105
Java,.\server\src\main\java\io\crate\metadata\cluster\OpenTableClusterStateTaskExecutor.java,18,25,105
Java,.\server\src\main\java\org\elasticsearch\indices\recovery\RecoveryFileChunkRequest.java,19,21,105
Java,.\libs\sql-parser\src\main\java\io\crate\sql\tree\QuerySpecification.java,19,20,104
Java,.\server\src\main\java\io\crate\analyze\AlterTableRenameColumnAnalyzer.java,15,21,104
Java,.\server\src\main\java\io\crate\execution\dsl\phases\NodeOperation.java,21,31,104
Java,.\server\src\main\java\io\crate\execution\engine\aggregation\impl\ArrayAgg.java,24,20,104
Java,.\server\src\main\java\io\crate\execution\engine\collect\RowShardResolver.java,17,32,104
Java,.\server\src\main\java\io\crate\execution\engine\collect\sources\NodeStatsCollectSource.java,10,20,104
Java,.\server\src\main\java\io\crate\expression\scalar\ArraySetFunction.java,15,20,104
Java,.\server\src\main\java\io\crate\role\metadata\UsersPrivilegesMetadata.java,20,35,104
Java,.\server\src\main\java\org\elasticsearch\action\admin\cluster\settings\SettingsUpdater.java,21,50,104
Java,.\server\src\main\java\org\elasticsearch\cluster\coordination\Reconfigurator.java,21,57,104
Java,.\server\src\main\java\org\elasticsearch\cluster\routing\allocation\decider\ClusterRebalanceAllocationDecider.java,18,53,104
Java,.\server\src\main\java\org\elasticsearch\snapshots\SnapshotShardFailure.java,20,45,104
Java,.\libs\es-x-content\src\main\java\org\elasticsearch\common\xcontent\XContentGenerator.java,45,24,103
Java,.\server\src\main\java\io\crate\analyze\Id.java,18,37,103
Java,.\server\src\main\java\io\crate\expression\scalar\ArrayDifferenceFunction.java,18,21,103
Java,.\server\src\main\java\io\crate\interval\IntervalParser.java,13,48,103
Java,.\server\src\main\java\org\elasticsearch\repositories\RepositoriesModule.java,15,21,103
Java,.\libs\dex\src\main\java\io\crate\data\join\CrossJoinBlockNLBatchIterator.java,14,46,102
Java,.\server\src\main\java\io\crate\analyze\SubscriptVisitor.java,24,33,102
Java,.\server\src\main\java\io\crate\expression\scalar\NumNullTermsPerDocQuery.java,11,29,102
Java,.\server\src\main\java\io\crate\types\RegclassType.java,20,25,102
Java,.\server\src\main\java\io\crate\types\TimeTZParser.java,12,67,102
Java,.\server\src\main\java\org\elasticsearch\index\fieldvisitor\FieldsVisitor.java,23,23,102
Java,.\server\src\main\java\org\elasticsearch\index\translog\BufferedChecksumStreamInput.java,21,22,102
Java,.\server\src\main\java\org\elasticsearch\transport\RemoteCluster.java,17,20,102
Java,.\libs\guice\src\main\java\org\elasticsearch\common\inject\assistedinject\FactoryProvider.java,18,106,101
Java,.\libs\shared\src\main\java\io\crate\common\collections\Sets.java,19,20,101
Java,.\server\src\main\java\io\crate\execution\dsl\projection\EvalProjection.java,22,23,101
Java,.\server\src\main\java\io\crate\execution\engine\aggregation\ResizeAwareMap.java,26,51,101
Java,.\server\src\main\java\io\crate\execution\engine\sort\BoundedSortingLimitAndOffsetCollector.java,17,37,101
Java,.\server\src\main\java\io\crate\expression\scalar\regex\RegexpReplaceFunction.java,14,20,101
Java,.\server\src\main\java\io\crate\rest\action\HttpErrorStatus.java,24,42,101
Java,.\server\src\main\java\org\elasticsearch\action\admin\indices\stats\TransportIndicesStats.java,16,22,101
Java,.\server\src\main\java\org\elasticsearch\cluster\routing\RoutingChangesObserver.java,42,54,101
Java,.\server\src\main\java\org\elasticsearch\common\bytes\RecyclingBytesStreamOutput.java,21,28,101
Java,.\server\src\main\java\org\elasticsearch\common\network\CloseableChannel.java,20,49,101
Java,.\server\src\main\java\org\elasticsearch\index\seqno\RetentionLease.java,22,72,101
Java,.\server\src\main\java\io\crate\analyze\AlterTableDropColumnAnalyzer.java,15,21,100
Java,.\server\src\main\java\io\crate\analyze\CopyStatementSettings.java,23,24,100
Java,.\server\src\main\java\io\crate\analyze\relations\TableFunctionRelation.java,16,20,100
Java,.\server\src\main\java\io\crate\expression\scalar\string\ParseIdentFunction.java,16,31,100
Java,.\server\src\main\java\io\crate\lucene\codec\CustomLucene90DocValuesFormat.java,22,39,100
Java,.\server\src\main\java\io\crate\protocols\postgres\types\RecordType.java,23,21,100
Java,.\server\src\main\java\org\elasticsearch\cluster\routing\allocation\command\AllocateReplicaAllocationCommand.java,19,32,100
Java,.\server\src\main\java\org\elasticsearch\common\unit\DistanceUnit.java,24,89,100
Java,.\server\src\main\java\io\crate\execution\engine\distribution\merge\PlainSortedMergeIterator.java,24,26,99
Java,.\server\src\main\java\io\crate\expression\symbol\ParameterSymbol.java,22,25,99
Java,.\server\src\main\java\io\crate\planner\consumer\OrderByWithAggregationValidator.java,16,28,99
Java,.\server\src\main\java\io\crate\planner\node\ddl\CreateBlobTablePlan.java,16,20,99
Java,.\server\src\main\java\io\crate\planner\operators\LogicalPlan.java,22,150,99
Java,.\server\src\main\java\org\elasticsearch\cluster\metadata\AliasMetadata.java,24,19,99
Java,.\server\src\main\java\org\elasticsearch\cluster\routing\allocation\command\AllocateEmptyPrimaryAllocationCommand.java,20,32,99
Java,.\server\src\main\java\org\elasticsearch\common\lucene\uid\VersionsAndSeqNoResolver.java,18,44,99
Java,.\server\src\main\java\org\elasticsearch\common\util\concurrent\KeyedLock.java,21,49,99
Java,.\server\src\main\java\org\elasticsearch\index\shard\IndexingOperationListener.java,19,52,99
Java,.\server\src\main\java\org\elasticsearch\index\shard\LocalShardSnapshot.java,19,23,99
Java,.\libs\guice\src\main\java\org\elasticsearch\common\inject\internal\PrivateElementsImpl.java,26,29,98
Java,.\libs\opendal\src\main\java\io\crate\opendal\OpenDALBlobContainer.java,16,20,98
Java,.\server\src\main\java\io\crate\analyze\relations\DocTableRelation.java,16,27,98
Java,.\server\src\main\java\io\crate\execution\engine\join\HashJoinOperation.java,12,20,98
Java,.\server\src\main\java\io\crate\expression\scalar\arithmetic\IntervalArithmeticFunctions.java,16,20,98
Java,.\server\src\main\java\io\crate\expression\scalar\systeminformation\PgGetConstraintDefFunction.java,9,33,98
Java,.\server\src\main\java\io\crate\planner\DeclarePlan.java,18,24,98
Java,.\server\src\main\java\io\crate\planner\RoutingBuilder.java,18,58,98
Java,.\server\src\main\java\io\crate\planner\node\dml\DeleteById.java,19,20,98
Java,.\server\src\main\java\io\crate\planner\optimizer\rule\NullSymbolEvaluator.java,16,25,98
Java,.\server\src\main\java\io\crate\role\Privileges.java,17,30,98
Java,.\server\src\main\java\org\elasticsearch\common\lucene\uid\PerThreadIDVersionAndSeqNoLookup.java,15,51,98
Java,.\server\src\main\java\org\elasticsearch\gateway\ClusterStateUpdaters.java,22,20,98
Java,.\server\src\main\java\org\elasticsearch\index\analysis\SynonymTokenFilterFactory.java,13,21,98
Java,.\server\src\main\java\org\elasticsearch\index\store\ByteSizeCachingDirectory.java,15,31,98
Java,.\server\src\main\java\org\elasticsearch\indices\recovery\RecoveryResponse.java,12,18,98
Java,.\server\src\main\java\io\crate\execution\ddl\views\TransportDropView.java,19,21,97
Java,.\server\src\main\java\io\crate\execution\dsl\phases\ForeignCollectPhase.java,19,20,97
Java,.\server\src\main\java\io\crate\execution\engine\fetch\FetchCollector.java,13,27,97
Java,.\server\src\main\java\io\crate\execution\engine\window\ArithmeticOperatorsFactory.java,9,20,97
Java,.\server\src\main\java\io\crate\metadata\Reference.java,31,53,97
Java,.\server\src\main\java\io\crate\metadata\TransportCreateSchema.java,19,20,97
Java,.\server\src\main\java\io\crate\metadata\upgrade\ClusterStateUpgrader.java,14,41,97
Java,.\server\src\main\java\io\crate\protocols\postgres\types\PGFloatVectorType.java,21,25,97
Java,.\server\src\main\java\io\crate\types\TimeTZType.java,21,20,97
Java,.\server\src\main\java\org\elasticsearch\common\lucene\search\Queries.java,17,27,97
Java,.\server\src\main\java\org\elasticsearch\index\mapper\ParsedDocument.java,24,26,97
Java,.\server\src\main\java\org\elasticsearch\rest\RestStatus.java,15,430,97
Java,.\server\src\main\java\io\crate\analyze\CopyFromParserProperties.java,21,20,96
Java,.\server\src\main\java\io\crate\blob\v2\BlobIndex.java,21,38,96
Java,.\server\src\main\java\io\crate\execution\engine\FirstColumnConsumers.java,24,24,96
Java,.\server\src\main\java\io\crate\expression\operator\any\AnyRangeOperator.java,21,22,96
Java,.\server\src\main\java\io\crate\expression\scalar\string\ParseURLFunction.java,19,21,96
Java,.\server\src\main\java\org\elasticsearch\action\admin\cluster\reroute\TransportClusterRerouteAction.java,18,19,96
Java,.\server\src\main\java\org\elasticsearch\cluster\ClusterChangedEvent.java,24,88,96
Java,.\server\src\main\java\org\elasticsearch\cluster\coordination\UnsafeBootstrapMasterCommand.java,24,18,96
Java,.\server\src\main\java\org\elasticsearch\cluster\metadata\DiffableStringMap.java,23,25,96
Java,.\server\src\main\java\org\elasticsearch\monitor\process\ProcessProbe.java,18,43,96
Java,.\server\src\main\java\org\elasticsearch\tasks\TaskId.java,21,33,96
Java,.\libs\guice\src\main\java\org\elasticsearch\common\inject\EncounterImpl.java,22,18,95
Java,.\libs\guice\src\main\java\org\elasticsearch\common\inject\internal\ConstantBindingBuilderImpl.java,24,21,95
Java,.\libs\shared\src\main\java\io\crate\common\concurrent\ConcurrencyLimit.java,34,82,95
Java,.\server\src\main\java\io\crate\execution\dsl\phases\HashJoinPhase.java,20,23,95
Java,.\server\src\main\java\io\crate\expression\scalar\NullOrEmptyFunction.java,10,20,95
Java,.\server\src\main\java\io\crate\protocols\postgres\types\JsonType.java,18,20,95
Java,.\server\src\main\java\org\elasticsearch\action\admin\indices\retention\TransportSyncRetentionLeasesAction.java,13,21,95
Java,.\server\src\main\java\org\elasticsearch\common\settings\SettingsModule.java,14,27,95
Java,.\server\src\main\java\org\elasticsearch\index\shard\ReplicationGroup.java,22,31,95
Java,.\libs\dex\src\main\java\io\crate\data\BatchIterator.java,25,141,94
Java,.\server\src\main\java\io\crate\analyze\AlterTableAlterColumnDefaultAnalyzer.java,13,21,94
Java,.\server\src\main\java\io\crate\analyze\relations\select\SelectAnalyzer.java,14,25,94
Java,.\server\src\main\java\io\crate\expression\reference\sys\snapshot\SysSnapshotRestoreInProgress.java,17,20,94
Java,.\server\src\main\java\io\crate\expression\scalar\StringToArrayFunction.java,19,41,94
Java,.\server\src\main\java\io\crate\planner\node\ddl\AlterRepositoryPlan.java,19,23,94
Java,.\server\src\main\java\io\crate\statistics\SketchStreamer.java,26,20,94
Java,.\libs\guice\src\main\java\org\elasticsearch\common\inject\State.java,37,50,93
Java,.\libs\sql-parser\src\main\java\io\crate\sql\tree\CreateTable.java,17,20,93
Java,.\server\src\main\java\io\crate\analyze\ExplainStatementAnalyzer.java,24,21,93
Java,.\server\src\main\java\io\crate\analyze\RelationNames.java,19,35,93
Java,.\server\src\main\java\io\crate\execution\engine\fetch\FetchRows.java,18,71,93
Java,.\server\src\main\java\io\crate\expression\operator\OrOperator.java,22,28,93
Java,.\server\src\main\java\org\elasticsearch\index\translog\BaseTranslogReader.java,24,37,93
Java,.\server\src\main\java\org\elasticsearch\repositories\fs\FsRepository.java,20,33,93
Java,.\libs\dex\src\main\java\io\crate\data\AsyncFlatMapBatchIterator.java,17,23,92
Java,.\libs\guice\src\main\java\org\elasticsearch\common\inject\AbstractModule.java,28,119,92
Java,.\server\src\main\java\io\crate\execution\ddl\TransportSwapRelations.java,15,20,92
Java,.\server\src\main\java\io\crate\execution\engine\sort\InputFieldComparator.java,16,23,92
Java,.\server\src\main\java\io\crate\expression\symbol\AliasSymbol.java,25,20,92
Java,.\server\src\main\java\io\crate\expression\symbol\InputColumn.java,24,29,92
Java,.\server\src\main\java\io\crate\protocols\postgres\ResultSetReceiver.java,16,30,92
Java,.\server\src\main\java\org\elasticsearch\common\bytes\BytesArray.java,23,19,92
Java,.\server\src\main\java\org\elasticsearch\common\bytes\BytesReference.java,25,81,92
Java,.\server\src\main\java\org\elasticsearch\common\settings\PropertyPlaceholder.java,17,65,92
Java,.\libs\dex\src\main\java\io\crate\data\join\FullOuterJoinNLBatchIterator.java,12,46,91
Java,.\plugins\es-analysis-common\src\main\java\org\elasticsearch\analysis\common\MappingCharFilterFactory.java,15,22,91
Java,.\server\src\main\java\io\crate\analyze\AlterTableAnalyzer.java,18,22,91
Java,.\server\src\main\java\io\crate\blob\BlobService.java,16,26,91
Java,.\server\src\main\java\io\crate\blob\transfer\BlobHeadRequestHandler.java,19,32,91
Java,.\server\src\main\java\io\crate\execution\dsl\projection\AggregationProjection.java,19,23,91
Java,.\server\src\main\java\io\crate\execution\dsl\projection\SourceIndexWriterReturnSummaryProjection.java,17,20,91
Java,.\server\src\main\java\io\crate\execution\dsl\projection\WindowAggProjection.java,19,26,91
Java,.\server\src\main\java\io\crate\execution\engine\collect\sources\ShardCollectorProviderFactory.java,10,20,91
Java,.\server\src\main\java\io\crate\replication\logical\seqno\RetentionLeaseHelper.java,11,25,91
Java,.\server\src\main\java\io\crate\statistics\FetchSampleRequest.java,15,20,91
Java,.\server\src\main\java\io\crate\statistics\MostCommonValuesSketch.java,22,24,91
Java,.\server\src\main\java\org\elasticsearch\cluster\metadata\RepositoryMetadata.java,24,76,91
Java,.\server\src\main\java\org\elasticsearch\cluster\routing\allocation\command\AllocateStalePrimaryAllocationCommand.java,20,33,91
Java,.\server\src\main\java\org\elasticsearch\http\HttpTransportSettings.java,12,25,91
Java,.\server\src\main\java\org\elasticsearch\index\translog\TranslogReader.java,17,45,91
Java,.\server\src\main\java\org\elasticsearch\repositories\IndexMetaDataGenerations.java,17,71,91
Java,.\plugins\cr8-copy-s3\src\main\java\io\crate\copy\s3\common\S3URI.java,9,25,90
Java,.\server\src\main\java\io\crate\auth\Credentials.java,22,46,90
Java,.\server\src\main\java\io\crate\execution\ddl\views\CreateViewRequest.java,17,20,90
Java,.\server\src\main\java\io\crate\expression\operator\CmpOperator.java,13,20,90
Java,.\server\src\main\java\io\crate\expression\operator\all\AllEqOperator.java,11,44,90
Java,.\server\src\main\java\io\crate\expression\tablefunctions\ValuesFunction.java,18,21,90
Java,.\server\src\main\java\io\crate\interval\NumericalIntervalParser.java,11,20,90
Java,.\server\src\main\java\io\crate\metadata\SearchPath.java,18,30,90
Java,.\server\src\main\java\org\elasticsearch\cluster\node\DiscoveryNodeRole.java,28,56,90
Java,.\server\src\main\java\org\elasticsearch\monitor\process\ProcessStats.java,26,28,90
Java,.\server\src\main\java\org\elasticsearch\search\profile\query\QueryProfiler.java,28,84,90
Java,.\libs\guice\src\main\java\org\elasticsearch\common\inject\internal\ProviderMethodsModule.java,20,31,89
Java,.\libs\shared\src\main\java\io\crate\common\Suppliers.java,20,37,89
Java,.\server\src\main\java\io\crate\analyze\relations\QuerySplitter.java,17,60,89
Java,.\server\src\main\java\io\crate\execution\jobs\NodeLimits.java,17,43,89
Java,.\server\src\main\java\io\crate\execution\jobs\kill\KillJobsNodeRequest.java,20,26,89
Java,.\server\src\main\java\io\crate\protocols\postgres\types\TimestampZType.java,20,24,89
Java,.\server\src\main\java\io\crate\replication\logical\action\TransportCreatePublication.java,16,23,89
Java,.\server\src\main\java\org\elasticsearch\common\geo\builders\MultiPolygonBuilder.java,14,29,89
Java,.\server\src\main\java\org\elasticsearch\index\translog\TranslogSnapshot.java,15,24,89
Java,.\libs\guice\src\main\java\org\elasticsearch\common\inject\internal\AbstractBindingBuilder.java,20,27,88
Java,.\server\src\main\java\io\crate\analyze\FunctionArgumentDefinition.java,19,20,88
Java,.\server\src\main\java\io\crate\execution\jobs\transport\JobRequest.java,24,20,88
Java,.\server\src\main\java\io\crate\expression\operator\any\AnyEqOperator.java,12,22,88
Java,.\server\src\main\java\io\crate\expression\scalar\string\TranslateFunction.java,14,20,88
Java,.\server\src\main\java\io\crate\metadata\pgcatalog\PgCatalogSchemaInfo.java,16,20,88
Java,.\server\src\main\java\io\crate\planner\optimizer\rule\RewriteToQueryThenFetch.java,15,20,88
Java,.\server\src\main\java\io\crate\role\JwtProperties.java,13,29,88
Java,.\server\src\main\java\org\elasticsearch\action\support\ActiveShardsObserver.java,18,37,88
Java,.\server\src\main\java\org\elasticsearch\common\recycler\Recyclers.java,26,40,88
Java,.\server\src\main\java\org\elasticsearch\index\engine\Segment.java,22,26,88
Java,.\server\src\main\java\org\elasticsearch\indices\recovery\RecoveryFilesInfoRequest.java,19,18,88
Java,.\extensions\jmx-monitoring\src\main\java\io\crate\beans\Connections.java,24,20,87
Java,.\extensions\lang-js\src\main\java\io\crate\operation\language\PolyglotScalar.java,14,21,87
Java,.\libs\cli\src\main\java\org\elasticsearch\cli\Command.java,22,43,87
Java,.\server\src\main\java\io\crate\execution\ddl\tables\TransportGCDanglingArtifacts.java,12,20,87
Java,.\server\src\main\java\io\crate\execution\dml\FloatVectorIndexer.java,14,20,87
Java,.\server\src\main\java\io\crate\execution\engine\aggregation\GroupByMaps.java,15,20,87
Java,.\server\src\main\java\io\crate\metadata\blob\BlobTableInfoFactory.java,10,30,87
Java,.\server\src\main\java\io\crate\server\cli\EnvironmentAwareCommand.java,17,30,87
Java,.\server\src\main\java\org\elasticsearch\action\admin\indices\stats\CommonStats.java,15,19,87
Java,.\server\src\main\java\org\elasticsearch\index\analysis\CustomAnalyzer.java,20,21,87
Java,.\server\src\main\java\org\elasticsearch\index\seqno\GlobalCheckpointSyncAction.java,15,23,87
Java,.\extensions\functions\src\main\java\io\crate\window\RankFunctions.java,17,20,86
Java,.\libs\cli\src\main\java\org\elasticsearch\cli\Terminal.java,27,39,86
Java,.\libs\guice\src\main\java\org\elasticsearch\common\inject\Initializer.java,21,57,86
Java,.\server\src\main\java\io\crate\analyze\WindowDefinition.java,19,23,86
Java,.\server\src\main\java\io\crate\execution\ddl\views\TransportCreateView.java,16,20,86
Java,.\server\src\main\java\io\crate\execution\engine\indexing\ShardedRequests.java,20,23,86
Java,.\server\src\main\java\io\crate\expression\symbol\LiteralValueFormatter.java,13,20,86
Java,.\server\src\main\java\io\crate\metadata\pgcatalog\OidHash.java,19,23,86
Java,.\server\src\main\java\io\crate\protocols\postgres\types\BitType.java,17,28,86
Java,.\server\src\main\java\io\crate\replication\logical\action\ReleasePublisherResourcesAction.java,18,20,86
Java,.\server\src\main\java\org\elasticsearch\cluster\coordination\Join.java,19,27,86
Java,.\server\src\main\java\org\elasticsearch\common\geo\GeoUtils.java,21,71,86
Java,.\server\src\main\java\org\elasticsearch\index\store\StoreFileMetadata.java,21,51,86
Java,.\server\src\main\java\org\elasticsearch\transport\netty4\Netty4Utils.java,14,44,86
Java,.\libs\guice\src\main\java\org\elasticsearch\common\inject\ConstructorBindingImpl.java,17,17,85
Java,.\server\src\main\java\io\crate\execution\ddl\RepositoryService.java,16,32,85
Java,.\server\src\main\java\io\crate\execution\dsl\projection\LimitAndOffsetProjection.java,21,20,85
Java,.\server\src\main\java\io\crate\expression\symbol\ScopedSymbol.java,21,68,85
Java,.\server\src\main\java\io\crate\metadata\Scalar.java,17,146,85
Java,.\server\src\main\java\io\crate\metadata\sys\TableHealth.java,11,24,85
Java,.\server\src\main\java\io\crate\planner\operators\LogicalPlanVisitor.java,30,20,85
Java,.\server\src\main\java\io\crate\protocols\postgres\types\IntervalType.java,19,24,85
Java,.\server\src\main\java\org\elasticsearch\cluster\routing\allocation\AllocationDecision.java,13,58,85
Java,.\server\src\main\java\org\elasticsearch\common\compress\CompressorFactory.java,13,33,85
Java,.\server\src\main\java\org\elasticsearch\indices\recovery\StartRecoveryRequest.java,17,33,85
Java,.\libs\guice\src\main\java\org\elasticsearch\common\inject\AbstractProcessor.java,18,24,84
Java,.\libs\guice\src\main\java\org\elasticsearch\common\inject\InjectionRequestProcessor.java,15,25,84
Java,.\libs\guice\src\main\java\org\elasticsearch\common\inject\MembersInjectorImpl.java,17,22,84
Java,.\server\src\main\java\io\crate\analyze\AnalyzedRestoreSnapshot.java,18,20,84
Java,.\server\src\main\java\io\crate\analyze\relations\AnalyzedView.java,17,26,84
Java,.\server\src\main\java\io\crate\metadata\cluster\SwapAndDropIndexExecutor.java,14,20,84
Java,.\server\src\main\java\io\crate\protocols\http\StaticSite.java,14,25,84
Java,.\server\src\main\java\io\crate\role\DropRoleTask.java,15,20,84
Java,.\server\src\main\java\org\elasticsearch\cluster\routing\allocation\decider\SameShardAllocationDecider.java,11,40,84
Java,.\server\src\main\java\org\elasticsearch\indices\recovery\RecoveryTranslogOperationsRequest.java,16,23,84
Java,.\libs\guice\src\main\java\org\elasticsearch\common\inject\internal\BindingImpl.java,20,22,83
Java,.\libs\shared\src\main\java\io\crate\common\collections\MapBuilder.java,24,24,83
Java,.\server\src\main\java\io\crate\analyze\relations\UnionSelect.java,16,21,83
Java,.\server\src\main\java\io\crate\expression\scalar\DateFormatFunction.java,11,23,83
Java,.\server\src\main\java\io\crate\expression\scalar\SubscriptFunctions.java,15,22,83
Java,.\server\src\main\java\io\crate\role\AlterRoleRequest.java,14,20,83
Java,.\server\src\main\java\org\elasticsearch\action\admin\cluster\settings\ClusterUpdateSettingsRequest.java,19,45,83
Java,.\server\src\main\java\org\elasticsearch\action\support\replication\PendingReplicationActions.java,16,20,83
Java,.\server\src\main\java\org\elasticsearch\index\analysis\PreConfiguredTokenFilter.java,15,36,83
Java,.\server\src\main\java\org\elasticsearch\index\analysis\ShingleTokenFilterFactory.java,25,24,83
Java,.\server\src\main\java\org\elasticsearch\indices\analysis\PreBuiltAnalyzers.java,20,25,83
Java,.\libs\dex\src\main\java\io\crate\data\join\RightJoinNLBatchIterator.java,12,45,82
Java,.\libs\es-x-content\src\main\java\org\elasticsearch\common\xcontent\AbstractObjectParser.java,22,113,82
Java,.\libs\guice\src\main\java\org\elasticsearch\common\inject\assistedinject\Parameter.java,16,30,82
Java,.\libs\sql-parser\src\main\java\io\crate\sql\tree\RestoreSnapshot.java,17,20,82
Java,.\plugins\es-analysis-common\src\main\java\org\elasticsearch\analysis\common\NGramTokenizerFactory.java,12,20,82
Java,.\plugins\repository-gcs\src\main\java\io\crate\gcs\GCSRepositoryPlugin.java,12,22,82
Java,.\server\src\main\java\io\crate\analyze\ExplainAnalyzedStatement.java,17,20,82
Java,.\server\src\main\java\io\crate\execution\engine\collect\BlobShardCollectorProvider.java,11,20,82
Java,.\server\src\main\java\io\crate\expression\reference\sys\shard\SysAllocations.java,9,21,82
Java,.\server\src\main\java\io\crate\expression\scalar\postgres\PgTableIsVisibleFunction.java,11,22,82
Java,.\server\src\main\java\io\crate\expression\scalar\timestamp\TimezoneFunction.java,9,20,82
Java,.\server\src\main\java\io\crate\expression\symbol\SelectSymbol.java,22,25,82
Java,.\server\src\main\java\io\crate\geo\LatLonShapeUtils.java,9,21,82
Java,.\server\src\main\java\io\crate\planner\consumer\CreateTableAsPlan.java,9,20,82
Java,.\server\src\main\java\io\crate\planner\optimizer\symbol\rule\SwapCastsInComparisonOperators.java,11,31,82
Java,.\server\src\main\java\io\crate\role\TransportDropRole.java,19,22,82
Java,.\server\src\main\java\io\crate\types\RegtypeType.java,20,20,82
Java,.\server\src\main\java\io\crate\types\TypeSignaturesASTVisitor.java,19,20,82
Java,.\server\src\main\java\org\elasticsearch\cluster\routing\OperationRouting.java,20,21,82
Java,.\server\src\main\java\org\elasticsearch\cluster\routing\allocation\AbstractAllocationDecision.java,18,46,82
Java,.\server\src\main\java\org\elasticsearch\common\component\AbstractLifecycleComponent.java,15,18,82
Java,.\server\src\main\java\org\elasticsearch\common\time\EpochSecondsDateFormatter.java,13,20,82
Java,.\libs\shared\src\main\java\io\crate\common\collections\CartesianList.java,13,24,81
Java,.\plugins\es-analysis-common\src\main\java\org\elasticsearch\analysis\common\XLowerCaseTokenizer.java,15,20,81
Java,.\server\src\main\java\io\crate\analyze\JoinRelation.java,16,26,81
Java,.\server\src\main\java\io\crate\execution\dml\SidecarTranslogWriter.java,19,24,81
Java,.\server\src\main\java\io\crate\execution\jobs\DistResultRXTask.java,16,32,81
Java,.\server\src\main\java\io\crate\expression\scalar\postgres\PgEncodingToCharFunction.java,8,21,81
Java,.\server\src\main\java\io\crate\metadata\shard\ShardReferenceResolver.java,11,22,81
Java,.\server\src\main\java\io\crate\planner\CreateServerPlan.java,11,20,81
Java,.\server\src\main\java\io\crate\profile\ProfilingContext.java,13,27,81
Java,.\server\src\main\java\io\crate\protocols\postgres\PGError.java,19,20,81
Java,.\server\src\main\java\io\crate\session\RetryOnFailureResultReceiver.java,16,20,81
Java,.\server\src\main\java\io\crate\types\UncheckedObjectType.java,19,26,81
Java,.\server\src\main\java\org\elasticsearch\action\admin\indices\forcemerge\ForceMergeRequest.java,21,61,81
Java,.\server\src\main\java\org\elasticsearch\cluster\ClusterStateTaskExecutor.java,25,50,81
Java,.\server\src\main\java\org\elasticsearch\index\analysis\PreConfiguredCharFilter.java,17,36,81
Java,.\server\src\main\java\org\elasticsearch\transport\InboundMessage.java,18,18,81
Java,.\server\src\main\java\io\crate\analyze\ScalarsAndRefsToTrue.java,18,46,80
Java,.\server\src\main\java\io\crate\execution\engine\CorrelatedJoinProjector.java,11,21,80
Java,.\server\src\main\java\io\crate\execution\engine\InterceptingRowConsumer.java,13,20,80
Java,.\server\src\main\java\io\crate\execution\engine\collect\collectors\ScoreDocRowFunction.java,8,20,80
Java,.\server\src\main\java\io\crate\execution\engine\collect\collectors\ShardStateObserver.java,18,21,80
Java,.\server\src\main\java\io\crate\expression\reference\file\LineContext.java,19,30,80
Java,.\server\src\main\java\io\crate\metadata\shard\unassigned\UnassignedShard.java,19,43,80
Java,.\server\src\main\java\io\crate\planner\node\ddl\UpdateSettingsPlan.java,16,20,80
Java,.\server\src\main\java\io\crate\planner\optimizer\iterative\GroupReference.java,17,24,80
Java,.\server\src\main\java\io\crate\role\CreateRoleRequest.java,15,20,80
Java,.\server\src\main\java\io\crate\statistics\Samples.java,12,20,80
Java,.\server\src\main\java\org\elasticsearch\action\admin\cluster\reroute\ClusterRerouteRequest.java,19,56,80
Java,.\server\src\main\java\org\elasticsearch\action\admin\indices\settings\put\TransportUpdateSettings.java,16,21,80
Java,.\server\src\main\java\org\elasticsearch\common\network\Cidrs.java,8,28,80
Java,.\app\src\main\java\io\crate\bootstrap\CrateDB.java,13,43,79
Java,.\server\src\main\java\io\crate\analyze\relations\StatementAnalysisContext.java,17,20,79
Java,.\server\src\main\java\io\crate\execution\dsl\projection\CorrelatedJoinProjection.java,19,20,79
Java,.\server\src\main\java\io\crate\execution\engine\aggregation\statistics\NumericVariance.java,18,20,79
Java,.\server\src\main\java\io\crate\execution\jobs\CountTask.java,13,20,79
Java,.\server\src\main\java\io\crate\planner\operators\MultiPhase.java,16,24,79
Java,.\server\src\main\java\io\crate\types\RegprocType.java,17,20,79
Java,.\server\src\main\java\org\elasticsearch\action\support\replication\ReplicationRequest.java,22,57,79
Java,.\server\src\main\java\org\elasticsearch\cluster\AbstractNamedDiffable.java,19,35,79
Java,.\server\src\main\java\org\elasticsearch\common\geo\builders\MultiLineStringBuilder.java,12,18,79
Java,.\server\src\main\java\org\elasticsearch\common\io\stream\InputStreamStreamInput.java,20,27,79
Java,.\server\src\main\java\org\elasticsearch\index\analysis\PreBuiltAnalyzerProviderFactory.java,17,30,79
Java,.\server\src\main\java\org\elasticsearch\threadpool\ThreadPoolStats.java,15,18,79
Java,.\extensions\lang-js\src\main\java\io\crate\operation\language\PolyglotLanguage.java,14,24,78
Java,.\server\src\main\java\io\crate\analyze\DropTableAnalyzer.java,12,20,78
Java,.\server\src\main\java\io\crate\execution\ddl\AbstractDDLTransportAction.java,17,21,78
Java,.\server\src\main\java\io\crate\execution\ddl\tables\AddColumnRequest.java,16,23,78
Java,.\server\src\main\java\io\crate\execution\ddl\tables\CreateTableClient.java,12,22,78
Java,.\server\src\main\java\io\crate\execution\dsl\projection\FilterProjection.java,20,20,78
Java,.\server\src\main\java\io\crate\expression\reference\sys\snapshot\SysSnapshots.java,10,20,78
Java,.\server\src\main\java\io\crate\metadata\functions\BoundVariables.java,22,20,78
Java,.\server\src\main\java\io\crate\metadata\sys\SysSchemaInfo.java,14,20,78
Java,.\server\src\main\java\io\crate\protocols\http\HttpHandler.java,14,27,78
Java,.\server\src\main\java\org\elasticsearch\common\time\EpochMillisDateFormatter.java,14,29,78
Java,.\server\src\main\java\org\elasticsearch\common\util\concurrent\EsThreadPoolExecutor.java,15,28,78
Java,.\server\src\main\java\org\elasticsearch\indices\analysis\PreBuiltCacheFactory.java,26,34,78
Java,.\libs\guice\src\main\java\org\elasticsearch\common\inject\internal\ConstructionContext.java,22,26,77
Java,.\plugins\es-analysis-common\src\main\java\org\elasticsearch\analysis\common\WordDelimiterGraphTokenFilterFactory.java,12,34,77
Java,.\server\src\main\java\io\crate\execution\engine\aggregation\GroupingProjector.java,13,20,77
Java,.\server\src\main\java\io\crate\expression\scalar\array\ArraySummationFunctions.java,11,23,77
Java,.\server\src\main\java\io\crate\expression\tablefunctions\TableFunctionFactory.java,11,23,77
Java,.\server\src\main\java\io\crate\fdw\AlterServerTask.java,12,20,77
Java,.\server\src\main\java\io\crate\metadata\NodeContext.java,13,20,77
Java,.\server\src\main\java\io\crate\planner\operators\SubQueryResults.java,20,24,77
Java,.\server\src\main\java\io\crate\protocols\postgres\types\TimestampType.java,17,20,77
Java,.\server\src\main\java\io\crate\rest\action\RestResultSetReceiver.java,15,20,77
Java,.\server\src\main\java\org\elasticsearch\cluster\routing\allocation\decider\ShardsLimitAllocationDecider.java,17,48,77
Java,.\server\src\main\java\org\elasticsearch\common\util\BigIntArray.java,16,25,77
Java,.\libs\guice\src\main\java\org\elasticsearch\common\inject\MembersInjectorStore.java,14,34,76
Java,.\libs\guice\src\main\java\org\elasticsearch\common\inject\internal\InstanceBindingImpl.java,17,16,76
Java,.\server\src\main\java\io\crate\analyze\WindowFrameDefinition.java,15,20,76
Java,.\server\src\main\java\io\crate\blob\TransportPutChunk.java,11,20,76
Java,.\server\src\main\java\io\crate\breaker\ConcurrentRamAccounting.java,13,24,76
Java,.\server\src\main\java\io\crate\execution\engine\aggregation\statistics\Variance.java,18,24,76
Java,.\server\src\main\java\io\crate\execution\engine\distribution\ModuloBucketBuilder.java,13,27,76
Java,.\server\src\main\java\io\crate\expression\reference\sys\job\JobContext.java,18,20,76
Java,.\server\src\main\java\io\crate\expression\scalar\ArrayPositionFunction.java,20,21,76
Java,.\server\src\main\java\io\crate\metadata\table\TableInfo.java,16,61,76
Java,.\server\src\main\java\io\crate\protocols\postgres\types\DateType.java,23,23,76
Java,.\server\src\main\java\io\crate\protocols\postgres\types\VarCharType.java,22,20,76
Java,.\server\src\main\java\io\crate\role\GrantedRole.java,13,20,76
Java,.\server\src\main\java\org\elasticsearch\action\admin\cluster\state\ClusterStateResponse.java,16,36,76
Java,.\server\src\main\java\org\elasticsearch\action\admin\indices\shrink\ResizeRequest.java,15,23,76
Java,.\server\src\main\java\org\elasticsearch\cluster\metadata\AliasOrIndex.java,27,42,76
Java,.\server\src\main\java\org\elasticsearch\common\util\concurrent\AsyncIOProcessor.java,13,43,76
Java,.\server\src\main\java\org\elasticsearch\index\engine\SoftDeletesPolicy.java,15,70,76
Java,.\server\src\main\java\org\elasticsearch\snapshots\InFlightShardSnapshotStates.java,15,56,76
Java,.\server\src\main\java\org\elasticsearch\transport\RemoteClusters.java,12,26,76
Java,.\libs\dex\src\main\java\io\crate\data\InMemoryBatchIterator.java,20,28,75
Java,.\libs\sql-parser\src\main\java\io\crate\sql\tree\SetStatement.java,19,20,75
Java,.\server\src\main\java\io\crate\analyze\BoundCopyTo.java,18,24,75
Java,.\server\src\main\java\io\crate\analyze\validator\HavingSymbolValidator.java,21,21,75
Java,.\server\src\main\java\io\crate\execution\dsl\phases\TableFunctionCollectPhase.java,19,21,75
Java,.\server\src\main\java\io\crate\expression\operator\any\AnyNotLikeOperator.java,12,22,75
Java,.\server\src\main\java\io\crate\expression\scalar\postgres\CurrentSettingFunction.java,14,20,75
Java,.\server\src\main\java\io\crate\metadata\RelationInfo.java,26,36,75
Java,.\server\src\main\java\io\crate\planner\optimizer\LoadedRules.java,11,21,75
Java,.\server\src\main\java\io\crate\planner\optimizer\rule\RewriteGroupByKeysLimitToLimitDistinct.java,12,97,75
Java,.\server\src\main\java\io\crate\statistics\MostCommonValues.java,21,20,75
Java,.\server\src\main\java\org\elasticsearch\action\admin\indices\delete\TransportDeleteIndex.java,14,22,75
Java,.\server\src\main\java\org\elasticsearch\action\admin\indices\forcemerge\TransportForceMergeAction.java,13,24,75
Java,.\server\src\main\java\org\elasticsearch\index\analysis\NamedAnalyzer.java,19,32,75
Java,.\server\src\main\java\org\elasticsearch\plugins\PluginInfo.java,18,50,75
Java,.\libs\cli\src\main\java\org\elasticsearch\cli\MultiCommand.java,13,44,74
Java,.\libs\es-x-content\src\main\java\org\elasticsearch\common\xcontent\NamedXContentRegistry.java,16,44,74
Java,.\libs\guice\src\main\java\org\elasticsearch\common\inject\internal\ProviderInstanceBindingImpl.java,16,18,74
Java,.\server\src\main\java\io\crate\blob\TransportDeleteBlob.java,13,20,74
Java,.\server\src\main\java\io\crate\execution\dsl\phases\NestedLoopPhase.java,11,20,74
Java,.\server\src\main\java\io\crate\execution\engine\collect\RowsTransformer.java,10,20,74
Java,.\server\src\main\java\io\crate\expression\operator\RegexpMatchOperator.java,12,22,74
Java,.\server\src\main\java\io\crate\expression\scalar\ArraySliceFunction.java,14,20,74
Java,.\server\src\main\java\io\crate\expression\scalar\arithmetic\NegateFunctions.java,6,20,74
Java,.\server\src\main\java\io\crate\expression\scalar\cast\ImplicitCastFunction.java,13,30,74
Java,.\server\src\main\java\io\crate\metadata\settings\NumberOfReplicas.java,16,36,74
Java,.\server\src\main\java\io\crate\planner\distribution\DistributionInfo.java,19,20,74
Java,.\server\src\main\java\io\crate\protocols\http\Headers.java,13,26,74
Java,.\server\src\main\java\io\crate\protocols\postgres\types\PointType.java,17,20,74
Java,.\server\src\main\java\org\elasticsearch\cluster\coordination\RemoveSettingsCommand.java,13,18,74
Java,.\server\src\main\java\org\elasticsearch\common\time\DateFormatter.java,23,74,74
Java,.\server\src\main\java\org\elasticsearch\transport\TcpTransportChannel.java,15,20,74
Java,.\libs\es-x-content\src\main\java\org\elasticsearch\common\xcontent\json\JsonXContent.java,15,23,73
Java,.\libs\guice\src\main\java\org\elasticsearch\common\inject\internal\ProviderMethod.java,14,27,73
Java,.\server\src\main\java\io\crate\analyze\ViewAnalyzer.java,12,25,73
Java,.\server\src\main\java\io\crate\analyze\repositories\RepositoryParamValidator.java,16,47,73
Java,.\server\src\main\java\io\crate\execution\dml\XContentTranslogWriter.java,19,24,73
Java,.\server\src\main\java\io\crate\execution\dsl\projection\LimitDistinctProjection.java,16,20,73
Java,.\server\src\main\java\io\crate\expression\scalar\ArrayToStringFunction.java,12,20,73
Java,.\server\src\main\java\io\crate\expression\scalar\string\QuoteIdentFunction.java,10,25,73
Java,.\server\src\main\java\io\crate\expression\tablefunctions\PgExpandArray.java,14,20,73
Java,.\server\src\main\java\io\crate\metadata\pgcatalog\PgClassTable.java,11,22,73
Java,.\server\src\main\java\io\crate\metadata\upgrade\IndexTemplateUpgrader.java,12,29,73
Java,.\server\src\main\java\io\crate\planner\node\ddl\RefreshTablePlan.java,14,20,73
Java,.\server\src\main\java\io\crate\planner\node\ddl\ResetSettingsPlan.java,15,40,73
Java,.\server\src\main\java\io\crate\planner\statement\SetSessionPlan.java,15,20,73
Java,.\server\src\main\java\org\elasticsearch\cluster\coordination\NodeRemovalClusterStateTaskExecutor.java,21,22,73
Java,.\server\src\main\java\org\elasticsearch\common\transport\TransportAddress.java,17,41,73
Java,.\server\src\main\java\org\elasticsearch\index\shard\ShardId.java,18,27,73
Java,.\libs\sql-parser\src\main\java\io\crate\sql\tree\AllocatePrimaryShard.java,16,20,72
Java,.\libs\sql-parser\src\main\java\io\crate\sql\tree\JoinUsing.java,12,20,72
Java,.\libs\sql-parser\src\main\java\io\crate\sql\tree\Table.java,17,20,72
Java,.\server\src\main\java\io\crate\blob\TransportStartBlob.java,12,20,72
Java,.\server\src\main\java\io\crate\execution\engine\collect\sources\TableFunctionCollectSource.java,11,21,72
Java,.\server\src\main\java\io\crate\expression\BaseImplementationSymbolVisitor.java,13,20,72
Java,.\server\src\main\java\io\crate\expression\scalar\ArrayUniqueFunction.java,10,20,72
Java,.\server\src\main\java\io\crate\metadata\sys\SysClusterHealth.java,12,24,72
Java,.\server\src\main\java\io\crate\planner\optimizer\rule\RewriteFilterOnCrossJoinToInnerJoin.java,15,20,72
Java,.\server\src\main\java\io\crate\protocols\ssl\SslSettings.java,22,24,72
Java,.\server\src\main\java\io\crate\rest\action\RestRowCountReceiver.java,15,20,72
Java,.\server\src\main\java\org\elasticsearch\cluster\coordination\JoinRequest.java,19,35,72
Java,.\server\src\main\java\org\elasticsearch\cluster\routing\AllocationId.java,22,57,72
Java,.\server\src\main\java\org\elasticsearch\common\settings\SecureString.java,18,60,72
Java,.\libs\guice\src\main\java\org\elasticsearch\common\inject\Scopes.java,19,51,71
Java,.\libs\shared\src\main\java\io\crate\common\Booleans.java,14,61,71
Java,.\plugins\es-repository-s3\src\main\java\org\elasticsearch\repositories\s3\S3RepositorySettings.java,30,91,71
Java,.\server\src\main\java\io\crate\execution\engine\aggregation\impl\NumericStandardDeviationSampAggregation.java,16,20,71
Java,.\server\src\main\java\io\crate\expression\reference\doc\lucene\NullSentinelValues.java,17,30,71
Java,.\server\src\main\java\io\crate\expression\scalar\timestamp\CurrentTimestampFunction.java,9,20,71
Java,.\server\src\main\java\io\crate\metadata\table\ConstraintInfo.java,17,31,71
Java,.\server\src\main\java\io\crate\planner\CreateUserMappingPlan.java,11,20,71
Java,.\server\src\main\java\io\crate\planner\node\ddl\DropAnalyzerPlan.java,17,20,71
Java,.\server\src\main\java\io\crate\replication\logical\plan\CreateSubscriptionPlan.java,16,20,71
Java,.\server\src\main\java\io\crate\statistics\DistinctValuesSketch.java,20,38,71
Java,.\server\src\main\java\org\elasticsearch\action\admin\cluster\node\stats\TransportNodesStats.java,18,18,71
Java,.\server\src\main\java\org\elasticsearch\action\admin\indices\alias\Alias.java,18,27,71
Java,.\server\src\main\java\org\elasticsearch\common\io\FileSystemUtils.java,15,50,71
Java,.\server\src\main\java\org\elasticsearch\index\engine\VersionConflictEngineException.java,16,18,71
Java,.\server\src\main\java\org\elasticsearch\index\shard\DocsStats.java,16,25,71
Java,.\libs\opendal\src\main\java\io\crate\opendal\OpenDALFileInput.java,14,21,70
Java,.\libs\sql-parser\src\main\java\io\crate\sql\tree\AlterTable.java,14,20,70
Java,.\server\src\main\java\io\crate\analyze\AnalyzedCopyTo.java,16,20,70
Java,.\server\src\main\java\io\crate\execution\engine\aggregation\impl\CompareByType.java,18,20,70
Java,.\server\src\main\java\io\crate\execution\engine\aggregation\impl\StandardDeviationSampAggregation.java,17,20,70
Java,.\server\src\main\java\io\crate\execution\engine\fetch\TransportFetchNodeAction.java,11,24,70
Java,.\server\src\main\java\io\crate\execution\engine\pipeline\TableFunctionApplier.java,10,21,70
Java,.\server\src\main\java\io\crate\expression\scalar\cast\ExplicitCastFunction.java,12,22,70
Java,.\server\src\main\java\io\crate\expression\scalar\string\ParseURIFunction.java,14,21,70
Java,.\server\src\main\java\io\crate\expression\symbol\FetchMarker.java,19,24,70
Java,.\server\src\main\java\io\crate\planner\consumer\OrderByPositionVisitor.java,16,33,70
Java,.\server\src\main\java\io\crate\replication\logical\action\RestoreShardRequest.java,14,20,70
Java,.\server\src\main\java\io\crate\udc\service\UDCService.java,17,21,70
Java,.\server\src\main\java\org\elasticsearch\action\admin\indices\settings\put\UpdateSettingsRequest.java,15,24,70
Java,.\server\src\main\java\org\elasticsearch\cluster\coordination\RemoveCustomsCommand.java,14,18,70
Java,.\libs\shared\src\main\java\io\crate\common\Octal.java,11,32,69
Java,.\plugins\es-discovery-ec2\src\main\java\org\elasticsearch\discovery\ec2\Ec2NameResolver.java,15,47,69
Java,.\server\src\main\java\io\crate\analyze\AnalyzedAlterTableAddColumn.java,8,26,69
Java,.\server\src\main\java\io\crate\analyze\CreateTableAsAnalyzer.java,18,24,69
Java,.\server\src\main\java\io\crate\execution\engine\sort\OrderingByPosition.java,12,20,69
Java,.\server\src\main\java\io\crate\execution\engine\sort\SortingProjector.java,12,34,69
Java,.\server\src\main\java\io\crate\execution\engine\window\WindowFrameState.java,16,33,69
Java,.\server\src\main\java\io\crate\execution\jobs\AbstractTask.java,16,20,69
Java,.\server\src\main\java\io\crate\expression\reference\DocRefResolver.java,17,24,69
Java,.\server\src\main\java\io\crate\expression\scalar\ArraySumFunction.java,12,21,69
Java,.\server\src\main\java\io\crate\expression\scalar\string\StringLeftRightFunction.java,10,20,69
Java,.\server\src\main\java\io\crate\expression\symbol\DefaultTraversalSymbolVisitor.java,12,25,69
Java,.\server\src\main\java\io\crate\memory\MemoryManagerFactory.java,16,25,69
Java,.\server\src\main\java\io\crate\metadata\blob\BlobSchemaInfo.java,16,20,69
Java,.\server\src\main\java\io\crate\planner\node\ddl\CreateRepositoryPlan.java,14,20,69
Java,.\server\src\main\java\io\crate\planner\operators\JoinConditionSymbolsExtractor.java,13,53,69
Java,.\server\src\main\java\io\crate\planner\optimizer\matcher\Match.java,25,20,69
Java,.\server\src\main\java\io\crate\planner\optimizer\rule\MoveEquiJoinFilterIntoInnerJoin.java,14,20,69
Java,.\server\src\main\java\io\crate\planner\optimizer\rule\MoveFilterBeneathProjectSet.java,13,23,69
Java,.\server\src\main\java\io\crate\protocols\postgres\ConnectionProperties.java,16,27,69
Java,.\server\src\main\java\org\elasticsearch\bootstrap\StartupException.java,17,45,69
Java,.\server\src\main\java\org\elasticsearch\common\bytes\PagedBytesReference.java,14,28,69
Java,.\server\src\main\java\org\elasticsearch\transport\netty4\ByteBufBytesReference.java,18,18,69
Java,.\server\src\main\java\org\elasticsearch\transport\netty4\Netty4InboundStatsHandler.java,14,18,69
Java,.\libs\dex\src\main\java\io\crate\data\FlatMapBatchIterator.java,14,21,68
Java,.\libs\guice\src\main\java\org\elasticsearch\common\inject\internal\Annotations.java,16,39,68
Java,.\libs\guice\src\main\java\org\elasticsearch\common\inject\spi\Dependency.java,15,47,68
Java,.\libs\sql-parser\src\main\java\io\crate\sql\tree\BitString.java,14,36,68
Java,.\libs\sql-parser\src\main\java\io\crate\sql\tree\CheckColumnConstraint.java,16,20,68
Java,.\libs\sql-parser\src\main\java\io\crate\sql\tree\Join.java,15,20,68
Java,.\plugins\es-repository-url\src\main\java\org\elasticsearch\common\blobstore\url\URLBlobContainer.java,16,45,68
Java,.\server\src\main\java\io\crate\execution\MultiPhaseExecutor.java,13,21,68
Java,.\server\src\main\java\io\crate\execution\engine\aggregation\impl\NumericStandardDeviationPopAggregation.java,16,20,68
Java,.\server\src\main\java\io\crate\execution\engine\aggregation\impl\StandardDeviationPopAggregation.java,17,20,68
Java,.\server\src\main\java\io\crate\execution\engine\aggregation\sum\RemovableCumulativeStateType.java,18,20,68
Java,.\server\src\main\java\io\crate\execution\engine\fetch\TransportFetchOperation.java,12,26,68
Java,.\server\src\main\java\io\crate\execution\engine\sort\Comparators.java,10,20,68
Java,.\server\src\main\java\io\crate\expression\operator\IsOperator.java,15,20,68
Java,.\server\src\main\java\io\crate\expression\operator\all\AllRangeOperator.java,16,20,68
Java,.\server\src\main\java\io\crate\expression\scalar\AgeFunction.java,16,44,68
Java,.\server\src\main\java\io\crate\expression\scalar\arithmetic\TruncFunction.java,11,22,68
Java,.\server\src\main\java\io\crate\expression\tablefunctions\PgGetKeywordsFunction.java,14,20,68
Java,.\server\src\main\java\io\crate\metadata\settings\session\SessionSetting.java,15,20,68
Java,.\server\src\main\java\io\crate\metadata\sys\ClassifiedMetrics.java,19,27,68
Java,.\server\src\main\java\io\crate\monitor\ExtendedOsStats.java,20,20,68
Java,.\server\src\main\java\io\crate\planner\node\ddl\AlterRolePlan.java,10,20,68
Java,.\server\src\main\java\io\crate\planner\node\ddl\DeletePartitions.java,11,20,68
Java,.\server\src\main\java\io\crate\planner\optimizer\rule\RewriteDistinctAggToGroupBy.java,16,49,68
Java,.\server\src\main\java\io\crate\replication\logical\action\TransportDropPublication.java,14,20,68
Java,.\server\src\main\java\io\crate\session\parser\SQLRequestParser.java,10,30,68
Java,.\server\src\main\java\io\crate\types\JsonType.java,18,20,68
Java,.\server\src\main\java\org\elasticsearch\action\admin\cluster\snapshots\restore\TransportRestoreSnapshot.java,15,25,68
Java,.\server\src\main\java\org\elasticsearch\action\support\broadcast\BroadcastRequest.java,14,18,68
Java,.\server\src\main\java\org\elasticsearch\cluster\routing\allocation\RoutingNodesChangedObserver.java,14,27,68
Java,.\server\src\main\java\org\elasticsearch\common\Numbers.java,15,37,68
Java,.\server\src\main\java\org\elasticsearch\common\lucene\store\InputStreamIndexInput.java,16,18,68
Java,.\server\src\main\java\org\elasticsearch\index\snapshots\blobstore\SlicedInputStream.java,13,33,68
Java,.\server\src\main\java\org\elasticsearch\transport\TransportRequestDeduplicator.java,17,37,68
Java,.\server\src\main\java\org\elasticsearch\transport\TransportSettings.java,22,26,68
Java,.\libs\shared\src\main\java\io\crate\common\Hex.java,20,79,67
Java,.\server\src\main\java\io\crate\analyze\SwapTableAnalyzer.java,9,20,67
Java,.\server\src\main\java\io\crate\execution\ddl\tables\DropPartitionsRequest.java,13,20,67
Java,.\server\src\main\java\io\crate\execution\ddl\tables\TransportOpenTable.java,12,20,67
Java,.\server\src\main\java\io\crate\execution\engine\collect\files\SummitsIterable.java,9,20,67
Java,.\server\src\main\java\io\crate\execution\jobs\transport\TransportCancelAction.java,9,23,67
Java,.\server\src\main\java\io\crate\expression\scalar\bitwise\BitwiseFunctions.java,10,20,67
Java,.\server\src\main\java\io\crate\metadata\information\InformationSchemaInfo.java,15,20,67
Java,.\server\src\main\java\io\crate\role\RolesService.java,14,20,67
Java,.\server\src\main\java\io\crate\types\Regclass.java,19,23,67
Java,.\server\src\main\java\org\elasticsearch\action\UnavailableShardsException.java,15,18,67
Java,.\server\src\main\java\org\elasticsearch\action\admin\indices\stats\IndicesStatsRequest.java,19,29,67
Java,.\server\src\main\java\org\elasticsearch\cluster\ClusterName.java,20,18,67
Java,.\server\src\main\java\org\elasticsearch\cluster\metadata\MappingMetadata.java,18,27,67
Java,.\server\src\main\java\org\elasticsearch\cluster\routing\allocation\decider\NodeVersionAllocationDecider.java,8,34,67
Java,.\server\src\main\java\org\elasticsearch\index\translog\MultiSnapshot.java,12,28,67
Java,.\server\src\main\java\org\elasticsearch\transport\Header.java,21,19,67
Java,.\libs\guice\src\main\java\org\elasticsearch\common\inject\PrivateModule.java,24,123,66
Java,.\server\src\main\java\io\crate\analyze\Relations.java,19,24,66
Java,.\server\src\main\java\io\crate\execution\ddl\tables\AlterTableTask.java,10,25,66
Java,.\server\src\main\java\io\crate\execution\ddl\tables\TransportAddColumn.java,11,20,66
Java,.\server\src\main\java\io\crate\execution\ddl\tables\TransportAlterTable.java,12,20,66
Java,.\server\src\main\java\io\crate\execution\dml\delete\ShardDeleteRequest.java,18,20,66
Java,.\server\src\main\java\io\crate\execution\engine\sort\SortingLimitAndOffsetProjector.java,8,39,66
Java,.\server\src\main\java\io\crate\planner\optimizer\rule\MoveFilterBeneathWindowAgg.java,17,61,66
Java,.\server\src\main\java\io\crate\planner\optimizer\rule\MoveOrderBeneathNestedLoop.java,9,28,66
Java,.\server\src\main\java\org\elasticsearch\action\admin\cluster\snapshots\create\TransportCreateSnapshot.java,13,24,66
Java,.\server\src\main\java\org\elasticsearch\cluster\routing\allocation\command\AllocationCommands.java,13,57,66
Java,.\server\src\main\java\org\elasticsearch\common\Randomness.java,12,63,66
Java,.\server\src\main\java\org\elasticsearch\common\lucene\index\ElasticsearchDirectoryReader.java,16,51,66
Java,.\server\src\main\java\org\elasticsearch\env\OverrideNodeVersionCommand.java,13,19,66
Java,.\server\src\main\java\org\elasticsearch\index\seqno\SequenceNumbers.java,14,61,66
Java,.\server\src\main\java\org\elasticsearch\indices\ShardLimitValidator.java,16,49,66
Java,.\server\src\main\java\org\elasticsearch\plugins\Plugin.java,17,92,66
Java,.\libs\dex\src\main\java\io\crate\data\TopNDistinctBatchIterator.java,13,20,65
Java,.\libs\guice\src\main\java\org\elasticsearch\common\inject\spi\Message.java,17,49,65
Java,.\libs\sql-parser\src\main\java\io\crate\sql\tree\AddColumnDefinition.java,14,20,65
Java,.\server\src\main\java\io\crate\analyze\expressions\ExpressionAnalysisContext.java,21,33,65
Java,.\server\src\main\java\io\crate\execution\ddl\tables\OpenTableRequest.java,12,26,65
Java,.\server\src\main\java\io\crate\execution\dsl\projection\ProjectSetProjection.java,18,20,65
Java,.\server\src\main\java\io\crate\execution\engine\export\FileWriterProjector.java,9,28,65
Java,.\server\src\main\java\io\crate\execution\engine\pipeline\ProjectingRowConsumer.java,12,57,65
Java,.\server\src\main\java\io\crate\execution\support\RetryRunnable.java,11,20,65
Java,.\server\src\main\java\io\crate\expression\operator\any\AnyLikeOperator.java,11,21,65
Java,.\server\src\main\java\io\crate\expression\reference\StaticTableDefinition.java,16,20,65
Java,.\server\src\main\java\io\crate\expression\reference\sys\job\JobContextLog.java,24,22,65
Java,.\server\src\main\java\io\crate\expression\scalar\ArrayLowerFunction.java,11,31,65
Java,.\server\src\main\java\io\crate\expression\scalar\cast\TryCastFunction.java,11,22,65
Java,.\server\src\main\java\io\crate\expression\scalar\systeminformation\VersionFunction.java,14,20,65
Java,.\server\src\main\java\io\crate\expression\symbol\FetchReference.java,19,20,65
Java,.\server\src\main\java\io\crate\fdw\TransportCreateServer.java,15,20,65
Java,.\server\src\main\java\io\crate\metadata\DocReferences.java,13,53,65
Java,.\server\src\main\java\io\crate\planner\node\ddl\CreateRolePlan.java,8,20,65
Java,.\server\src\main\java\io\crate\planner\optimizer\symbol\rule\MoveReferenceCastToLiteralCastOnArrayOperatorsWhenRightIsReference.java,12,21,65
Java,.\server\src\main\java\io\crate\protocols\postgres\types\BooleanType.java,16,20,65
Java,.\server\src\main\java\io\crate\role\PrivilegesRequest.java,13,20,65
Java,.\server\src\main\java\org\elasticsearch\action\bulk\BackoffPolicy.java,16,54,65
Java,.\server\src\main\java\org\elasticsearch\action\resync\ResyncReplicationRequest.java,15,21,65
Java,.\server\src\main\java\org\elasticsearch\cluster\coordination\TermVersionRequest.java,16,18,65
Java,.\libs\es-x-content\src\main\java\org\elasticsearch\common\xcontent\smile\SmileXContent.java,16,23,64
Java,.\libs\sql-parser\src\main\java\io\crate\sql\tree\ColumnPolicy.java,15,20,64
Java,.\libs\sql-parser\src\main\java\io\crate\sql\tree\IndexDefinition.java,14,20,64
Java,.\server\src\main\java\io\crate\blob\PutChunkReplicaRequest.java,12,20,64
Java,.\server\src\main\java\io\crate\concurrent\MultiActionListener.java,11,20,64
Java,.\server\src\main\java\io\crate\exceptions\RelationUnknown.java,16,20,64
Java,.\server\src\main\java\io\crate\execution\dsl\projection\ProjectionVisitor.java,24,20,64
Java,.\server\src\main\java\io\crate\execution\engine\distribution\merge\PassThroughPagingIterator.java,15,27,64
Java,.\server\src\main\java\io\crate\expression\reference\doc\lucene\DocCollectorExpression.java,21,22,64
Java,.\server\src\main\java\io\crate\expression\scalar\ArrayMinFunction.java,14,24,64
Java,.\server\src\main\java\io\crate\expression\udf\TransportDropUserDefinedFunction.java,12,20,64
Java,.\server\src\main\java\io\crate\protocols\postgres\types\UnknownType.java,17,20,64
Java,.\server\src\main\java\io\crate\statistics\HistogramSketch.java,16,24,64
Java,.\server\src\main\java\org\elasticsearch\action\admin\indices\stats\ShardStats.java,11,22,64
Java,.\libs\guice\src\main\java\org\elasticsearch\common\inject\ConstructorInjector.java,15,31,63
Java,.\libs\guice\src\main\java\org\elasticsearch\common\inject\matcher\AbstractMatcher.java,17,20,63
Java,.\libs\shared\src\main\java\io\crate\common\collections\AbstractIterator.java,17,66,63
Java,.\libs\sql-parser\src\main\java\io\crate\sql\tree\QualifiedName.java,17,24,63
Java,.\plugins\crate-copy-azure\src\main\java\io\crate\copy\azure\AzureURI.java,16,34,63
Java,.\plugins\es-repository-azure\src\main\java\org\elasticsearch\repositories\azure\AzureRepositoryPlugin.java,13,21,63
Java,.\server\src\main\java\io\crate\analyze\AnalyzedCreateAnalyzer.java,15,20,63
Java,.\server\src\main\java\io\crate\analyze\copy\NodeFilters.java,16,20,63
Java,.\server\src\main\java\io\crate\analyze\validator\SemanticSortValidator.java,13,34,63
Java,.\server\src\main\java\io\crate\expression\scalar\geo\IntersectsFunction.java,13,20,63
Java,.\server\src\main\java\io\crate\expression\scalar\string\StartsWithFunction.java,9,22,63
Java,.\server\src\main\java\io\crate\expression\symbol\Assignments.java,11,37,63
Java,.\server\src\main\java\io\crate\expression\udf\TransportCreateUserDefinedFunction.java,13,20,63
Java,.\server\src\main\java\io\crate\fdw\DropServerTask.java,12,20,63
Java,.\server\src\main\java\io\crate\session\Cursors.java,15,26,63
Java,.\server\src\main\java\org\elasticsearch\common\lucene\store\ByteArrayIndexInput.java,16,21,63
Java,.\server\src\main\java\org\elasticsearch\gateway\LocalAllocateDangledIndices.java,19,23,63
Java,.\server\src\main\java\org\elasticsearch\plugins\AnalysisPlugin.java,15,69,63
Java,.\libs\dex\src\main\java\io\crate\data\join\LeftJoinNLBatchIterator.java,11,40,62
Java,.\libs\es-x-content\src\main\java\org\elasticsearch\common\xcontent\ParseField.java,13,67,62
Java,.\libs\pgwire\src\main\java\io\crate\protocols\postgres\parser\PgArrayParser.java,13,22,62
Java,.\server\src\main\java\io\crate\analyze\FrameBoundDefinition.java,15,20,62
Java,.\server\src\main\java\io\crate\analyze\SymbolEvaluator.java,12,29,62
Java,.\server\src\main\java\io\crate\execution\dml\TranslogWriter.java,36,40,62
Java,.\server\src\main\java\io\crate\expression\scalar\ArrayMaxFunction.java,15,24,62
Java,.\server\src\main\java\io\crate\fdw\TransportAlterServer.java,13,20,62
Java,.\server\src\main\java\io\crate\fdw\TransportCreateForeignTable.java,12,20,62
Java,.\server\src\main\java\io\crate\metadata\settings\Validators.java,15,27,62
Java,.\server\src\main\java\io\crate\planner\ReaderAllocations.java,12,20,62
Java,.\server\src\main\java\io\crate\planner\node\dql\QueryThenFetch.java,15,20,62
Java,.\server\src\main\java\io\crate\planner\optimizer\rule\OptimizeCollectWhereClauseAccess.java,9,20,62
Java,.\server\src\main\java\io\crate\protocols\postgres\types\TimeTZType.java,18,20,62
Java,.\server\src\main\java\org\elasticsearch\action\admin\indices\stats\IndicesStatsResponse.java,14,18,62
Java,.\server\src\main\java\org\elasticsearch\action\support\broadcast\BroadcastResponse.java,14,33,62
Java,.\server\src\main\java\org\elasticsearch\cluster\coordination\PeersResponse.java,13,29,62
Java,.\server\src\main\java\org\elasticsearch\common\blobstore\fs\FsBlobStore.java,15,19,62
Java,.\server\src\main\java\org\elasticsearch\common\io\stream\NamedWriteableRegistry.java,15,42,62
Java,.\server\src\main\java\org\elasticsearch\node\InternalSettingsPreparer.java,13,43,62
Java,.\server\src\main\java\org\elasticsearch\snapshots\RestoreInfo.java,15,48,62
Java,.\server\src\main\java\org\elasticsearch\transport\netty4\Netty4MessageChannelHandler.java,10,22,62
Java,.\extensions\jmx-monitoring\src\main\java\io\crate\beans\ShardInfo.java,13,20,61
Java,.\extensions\jmx-monitoring\src\main\java\io\crate\plugin\CrateMonitor.java,9,20,61
Java,.\libs\dex\src\main\java\io\crate\data\BatchIterators.java,9,46,61
Java,.\libs\dex\src\main\java\io\crate\data\Row.java,14,45,61
Java,.\libs\dex\src\main\java\io\crate\data\join\JoinBatchIterator.java,17,39,61
Java,.\libs\guice\src\main\java\org\elasticsearch\common\inject\spi\ProviderLookup.java,18,40,61
Java,.\plugins\es-repository-s3\src\main\java\org\elasticsearch\repositories\s3\S3RepositoryPlugin.java,13,21,61
Java,.\server\src\main\java\io\crate\analyze\DeleteAnalyzer.java,10,20,61
Java,.\server\src\main\java\io\crate\analyze\ddl\GeoSettingsApplier.java,11,20,61
Java,.\server\src\main\java\io\crate\execution\ddl\tables\AlterColumnDefaultRequest.java,14,20,61
Java,.\server\src\main\java\io\crate\execution\ddl\tables\CloseTableRequest.java,12,20,61
Java,.\server\src\main\java\io\crate\execution\dml\SysUpdateResultSetProjector.java,10,22,61
Java,.\server\src\main\java\io\crate\execution\engine\pipeline\Projectors.java,10,27,61
Java,.\server\src\main\java\io\crate\expression\scalar\timestamp\CurrentTimeFunction.java,9,20,61
Java,.\server\src\main\java\io\crate\planner\DecommissionNodePlan.java,10,20,61
Java,.\server\src\main\java\io\crate\planner\node\ddl\DropTablePlan.java,13,20,61
Java,.\server\src\main\java\io\crate\planner\operators\StatementClassifier.java,16,39,61
Java,.\server\src\main\java\io\crate\planner\operators\SubQueryAndParamBinder.java,13,27,61
Java,.\server\src\main\java\io\crate\planner\optimizer\rule\MergeAggregateAndCollectToCount.java,10,21,61
Java,.\server\src\main\java\io\crate\planner\optimizer\rule\MergeAggregateRenameAndCollectToCount.java,8,20,61
Java,.\server\src\main\java\io\crate\types\StorageSupport.java,22,38,61
Java,.\server\src\main\java\org\elasticsearch\search\profile\query\ProfileWeight.java,13,23,61
Java,.\server\src\main\java\org\elasticsearch\snapshots\UpdateIndexShardSnapshotStatusRequest.java,14,22,61
Java,.\libs\dex\src\main\java\io\crate\data\breaker\BlockBasedRamAccounting.java,15,36,60
Java,.\libs\sql-parser\src\main\java\io\crate\sql\tree\CheckConstraint.java,16,20,60
Java,.\libs\sql-parser\src\main\java\io\crate\sql\tree\PromoteReplica.java,14,20,60
Java,.\server\src\main\java\io\crate\analyze\AnalyzedCopyFrom.java,15,20,60
Java,.\server\src\main\java\io\crate\execution\engine\fetch\ReaderBucket.java,15,27,60
Java,.\server\src\main\java\io\crate\expression\RegexpFlags.java,12,33,60
Java,.\server\src\main\java\io\crate\expression\symbol\format\MatchPrinter.java,8,28,60
Java,.\server\src\main\java\io\crate\expression\udf\DropUserDefinedFunctionRequest.java,12,20,60
Java,.\server\src\main\java\io\crate\fdw\TransportCreateUserMapping.java,12,20,60
Java,.\server\src\main\java\io\crate\fdw\TransportDropForeignTable.java,12,20,60
Java,.\server\src\main\java\io\crate\fdw\TransportDropServer.java,13,20,60
Java,.\server\src\main\java\io\crate\fdw\TransportDropUserMapping.java,12,20,60
Java,.\server\src\main\java\io\crate\protocols\postgres\types\CharacterType.java,18,20,60
Java,.\server\src\main\java\io\crate\protocols\postgres\types\PgOidVectorType.java,15,20,60
Java,.\server\src\main\java\io\crate\types\Regproc.java,15,29,60
Java,.\server\src\main\java\io\crate\types\Regtype.java,16,20,60
Java,.\server\src\main\java\org\elasticsearch\common\geo\builders\GeometryCollectionBuilder.java,17,25,60
Java,.\server\src\main\java\org\elasticsearch\common\transport\PortsRange.java,12,18,60
Java,.\server\src\main\java\org\elasticsearch\common\util\concurrent\PriorityRunnable.java,20,20,60
Java,.\server\src\main\java\org\elasticsearch\index\MergeSchedulerConfig.java,12,62,60
Java,.\server\src\main\java\org\elasticsearch\index\analysis\CustomNormalizerProvider.java,12,23,60
Java,.\server\src\main\java\org\elasticsearch\index\seqno\SeqNoStats.java,15,22,60
Java,.\server\src\main\java\org\elasticsearch\snapshots\SnapshotException.java,16,21,60
Java,.\libs\es-x-content\src\main\java\org\elasticsearch\common\xcontent\yaml\YamlXContent.java,15,21,59
Java,.\server\src\main\java\io\crate\analyze\AnalyzedCreateFunction.java,15,20,59
Java,.\server\src\main\java\io\crate\analyze\relations\select\SelectAnalysis.java,13,25,59
Java,.\server\src\main\java\io\crate\auth\AuthSettings.java,13,24,59
Java,.\server\src\main\java\io\crate\execution\dml\BulkResponse.java,15,44,59
Java,.\server\src\main\java\io\crate\execution\engine\collect\files\SummitsContext.java,14,20,59
Java,.\server\src\main\java\io\crate\execution\engine\profile\TransportCollectProfileNodeAction.java,11,34,59
Java,.\server\src\main\java\io\crate\expression\reference\sys\check\node\DiskWatermarkNodesSysCheck.java,13,22,59
Java,.\server\src\main\java\io\crate\expression\scalar\KnnMatch.java,12,20,59
Java,.\server\src\main\java\io\crate\expression\scalar\string\StringSplitPartFunction.java,8,26,59
Java,.\server\src\main\java\io\crate\expression\scalar\systeminformation\FormatTypeFunction.java,7,20,59
Java,.\server\src\main\java\io\crate\metadata\cluster\DropTableClusterStateTaskExecutor.java,16,22,59
Java,.\server\src\main\java\io\crate\planner\optimizer\rule\MoveFilterBeneathMultiPhase.java,9,20,59
Java,.\server\src\main\java\io\crate\protocols\postgres\types\RegprocType.java,18,20,59
Java,.\server\src\main\java\io\crate\types\DataTypesBwc.java,9,30,59
Java,.\server\src\main\java\org\elasticsearch\cluster\coordination\PreVoteResponse.java,13,18,59
Java,.\server\src\main\java\org\elasticsearch\index\engine\CombinedDocValues.java,11,21,59
Java,.\server\src\main\java\org\elasticsearch\repositories\Repository.java,25,158,59
Java,.\server\src\main\java\org\elasticsearch\threadpool\FixedExecutorBuilder.java,11,29,59
Java,.\libs\es-x-content\src\main\java\org\elasticsearch\common\xcontent\XContentType.java,16,30,58
Java,.\libs\pgwire\src\main\java\io\crate\protocols\postgres\parser\PgArrayASTVisitor.java,12,23,58
Java,.\libs\sql-parser\src\main\java\io\crate\sql\tree\Assignment.java,16,32,58
Java,.\libs\sql-parser\src\main\java\io\crate\sql\tree\IndexColumnConstraint.java,15,20,58
Java,.\server\src\main\java\io\crate\analyze\AnalyzedUpdateStatement.java,15,23,58
Java,.\server\src\main\java\io\crate\exceptions\SchemaUnknownException.java,17,20,58
Java,.\server\src\main\java\io\crate\execution\ddl\tables\TransportAlterColumnDefault.java,12,20,58
Java,.\server\src\main\java\io\crate\execution\ddl\tables\TransportDropTable.java,12,20,58
Java,.\server\src\main\java\io\crate\execution\support\ThreadPools.java,9,39,58
Java,.\server\src\main\java\io\crate\expression\operator\RegexpMatchCaseInsensitiveOperator.java,12,20,58
Java,.\server\src\main\java\io\crate\expression\scalar\ArrayPrependFunction.java,13,21,58
Java,.\server\src\main\java\io\crate\expression\symbol\SymbolVisitor.java,23,20,58
Java,.\server\src\main\java\io\crate\fdw\CreateForeignTableRequest.java,14,20,58
Java,.\server\src\main\java\io\crate\planner\SwapTablePlan.java,11,20,58
Java,.\server\src\main\java\io\crate\planner\operators\FetchRewrite.java,11,44,58
Java,.\server\src\main\java\io\crate\planner\operators\RootRelationBoundary.java,12,23,58
Java,.\server\src\main\java\io\crate\planner\optimizer\rule\MoveFilterBeneathUnion.java,10,20,58
Java,.\server\src\main\java\io\crate\replication\logical\action\CreateSubscriptionRequest.java,13,20,58
Java,.\server\src\main\java\org\elasticsearch\cluster\block\ClusterBlockException.java,13,18,58
Java,.\server\src\main\java\org\elasticsearch\common\io\stream\FilterStreamInput.java,18,21,58
Java,.\server\src\main\java\org\elasticsearch\common\util\concurrent\ReleasableLock.java,14,25,58
Java,.\server\src\main\java\org\elasticsearch\index\analysis\CustomAnalyzerProvider.java,17,22,58
Java,.\server\src\main\java\org\elasticsearch\index\engine\CommitStats.java,13,28,58
Java,.\server\src\main\java\org\elasticsearch\indices\recovery\RecoveryCleanFilesRequest.java,13,18,58
Java,.\server\src\main\java\org\elasticsearch\snapshots\SnapshotId.java,16,43,58
Java,.\libs\sql-parser\src\main\java\io\crate\sql\tree\AlterRepository.java,13,20,57
Java,.\libs\sql-parser\src\main\java\io\crate\sql\tree\DefaultConstraint.java,16,20,57
Java,.\libs\sql-parser\src\main\java\io\crate\sql\tree\GeneratedExpressionConstraint.java,16,20,57
Java,.\libs\sql-parser\src\main\java\io\crate\sql\tree\RerouteCancelShard.java,13,20,57
Java,.\libs\sql-parser\src\main\java\io\crate\sql\tree\RerouteMoveShard.java,13,20,57
Java,.\server\src\main\java\io\crate\analyze\CreateViewStmt.java,15,20,57
Java,.\server\src\main\java\io\crate\execution\ddl\tables\TransportRenameColumn.java,12,20,57
Java,.\server\src\main\java\io\crate\execution\engine\PhasesTaskFactory.java,9,20,57
Java,.\server\src\main\java\io\crate\execution\engine\aggregation\impl\TDigestState.java,18,20,57
Java,.\server\src\main\java\io\crate\execution\engine\aggregation\impl\average\numeric\NumericAverageStateType.java,15,24,57
Java,.\server\src\main\java\io\crate\execution\engine\fetch\FetchMapper.java,11,20,57
Java,.\server\src\main\java\io\crate\expression\reference\doc\lucene\IdCollectorExpression.java,13,24,57
Java,.\server\src\main\java\io\crate\expression\scalar\ArrayAppendFunction.java,11,21,57
Java,.\server\src\main\java\io\crate\metadata\DropSchemaRequest.java,14,20,57
Java,.\server\src\main\java\io\crate\metadata\functions\TypeVariableConstraint.java,16,20,57
Java,.\server\src\main\java\io\crate\planner\optimizer\rule\DeduplicateJoinConditions.java,13,20,57
Java,.\server\src\main\java\io\crate\protocols\postgres\Portal.java,18,20,57
Java,.\server\src\main\java\org\elasticsearch\common\util\BigObjectArray.java,14,25,57
Java,.\server\src\main\java\org\elasticsearch\repositories\IndexId.java,15,35,57
Java,.\server\src\main\java\org\elasticsearch\threadpool\ScalingExecutorBuilder.java,10,31,57
Java,.\server\src\main\java\org\elasticsearch\transport\TransportLogger.java,10,19,57
Java,.\server\src\main\java\org\elasticsearch\transport\netty4\HostBasedAuthHandler.java,12,20,57
Java,.\libs\sql-parser\src\main\java\io\crate\sql\tree\AlterPublication.java,14,20,56
Java,.\libs\sql-parser\src\main\java\io\crate\sql\tree\SortItem.java,14,20,56
Java,.\server\src\main\java\io\crate\analyze\BoundCopyFrom.java,14,20,56
Java,.\server\src\main\java\io\crate\execution\ddl\tables\RenameColumnRequest.java,14,20,56
Java,.\server\src\main\java\io\crate\execution\ddl\tables\TransportCreateBlobTable.java,14,20,56
Java,.\server\src\main\java\io\crate\execution\ddl\tables\TransportDropColumn.java,12,20,56
Java,.\server\src\main\java\io\crate\expression\reference\Doc.java,15,20,56
Java,.\server\src\main\java\io\crate\expression\scalar\ArrayUnnestFunction.java,9,25,56
Java,.\server\src\main\java\io\crate\metadata\cluster\DDLClusterStateService.java,15,25,56
Java,.\server\src\main\java\io\crate\protocols\postgres\RowCountReceiver.java,11,24,56
Java,.\server\src\main\java\org\elasticsearch\cluster\metadata\ColumnPositionResolver.java,10,23,56
Java,.\server\src\main\java\org\elasticsearch\index\engine\VersionValue.java,17,24,56
Java,.\server\src\main\java\org\elasticsearch\index\snapshots\blobstore\SnapshotFiles.java,17,49,56
Java,.\server\src\main\java\org\elasticsearch\monitor\os\OsInfo.java,14,18,56
Java,.\server\src\main\java\org\elasticsearch\transport\ConnectionManager.java,22,18,56
Java,.\libs\dex\src\main\java\io\crate\data\join\CombinedRow.java,13,20,55
Java,.\libs\guice\src\main\java\org\elasticsearch\common\inject\internal\ExposedBindingImpl.java,15,15,55
Java,.\plugins\es-repository-url\src\main\java\org\elasticsearch\common\blobstore\url\URLBlobStore.java,13,50,55
Java,.\server\src\main\java\io\crate\analyze\CreateSnapshotAnalyzer.java,12,20,55
Java,.\server\src\main\java\io\crate\analyze\relations\AbstractTableRelation.java,17,20,55
Java,.\server\src\main\java\io\crate\analyze\relations\AnalyzedRelationVisitor.java,17,20,55
Java,.\server\src\main\java\io\crate\execution\engine\aggregation\sum\RemovableCumulativeState.java,14,29,55
Java,.\server\src\main\java\io\crate\expression\scalar\arithmetic\SquareRootFunction.java,9,20,55
Java,.\server\src\main\java\io\crate\planner\node\ddl\CreateTablePlan.java,7,20,55
Java,.\server\src\main\java\io\crate\planner\optimizer\rule\MoveFilterBeneathGroupBy.java,12,53,55
Java,.\server\src\main\java\io\crate\planner\optimizer\symbol\rule\SwapCastsInLikeOperators.java,10,21,55
Java,.\server\src\main\java\io\crate\protocols\postgres\types\RegclassType.java,15,20,55
Java,.\server\src\main\java\io\crate\replication\logical\action\CreatePublicationRequest.java,12,20,55
Java,.\server\src\main\java\org\elasticsearch\Build.java,16,19,55
Java,.\server\src\main\java\org\elasticsearch\action\support\ThreadedActionListener.java,10,21,55
Java,.\server\src\main\java\org\elasticsearch\cluster\AckedClusterStateUpdateTask.java,19,41,55
Java,.\server\src\main\java\org\elasticsearch\cluster\coordination\DetachClusterCommand.java,15,20,55
Java,.\server\src\main\java\org\elasticsearch\common\geo\builders\CircleBuilder.java,14,39,55
Java,.\server\src\main\java\org\elasticsearch\common\recycler\DequeRecycler.java,15,24,55
Java,.\server\src\main\java\org\elasticsearch\index\query\support\QueryParsers.java,12,18,55
Java,.\server\src\main\java\org\elasticsearch\threadpool\PrioFixedExecutorBuilder.java,7,39,55
Java,.\server\src\main\java\org\elasticsearch\transport\RequestHandlerRegistry.java,15,18,55
Java,.\libs\sql-parser\src\main\java\io\crate\sql\tree\PrivilegeStatement.java,14,20,54
Java,.\plugins\es-repository-url\src\main\java\org\elasticsearch\plugin\repository\url\URLRepositoryPlugin.java,9,18,54
Java,.\server\src\main\java\io\crate\analyze\AnalyzedCopyFromReturnSummary.java,10,20,54
Java,.\server\src\main\java\io\crate\analyze\RoleAnalyzer.java,10,22,54
Java,.\server\src\main\java\io\crate\analyze\validator\GroupBySymbolValidator.java,12,20,54
Java,.\server\src\main\java\io\crate\execution\ddl\tables\TransportDropConstraint.java,13,20,54
Java,.\server\src\main\java\io\crate\expression\reference\sys\check\cluster\TablesNeedUpgradeSysCheck.java,12,20,54
Java,.\server\src\main\java\io\crate\expression\scalar\ArrayCatFunction.java,10,20,54
Java,.\server\src\main\java\io\crate\fdw\CreateServerRequest.java,13,20,54
Java,.\server\src\main\java\io\crate\lucene\match\RegexQuery.java,13,29,54
Java,.\server\src\main\java\io\crate\metadata\sys\MetricsView.java,16,25,54
Java,.\server\src\main\java\io\crate\planner\optimizer\symbol\rule\MoveArrayLengthOnReferenceCastToLiteralCastInsideOperators.java,11,20,54
Java,.\server\src\main\java\io\crate\replication\logical\engine\SubscriberEngine.java,12,20,54
Java,.\server\src\main\java\org\elasticsearch\cluster\routing\allocation\command\BasePrimaryAllocationCommand.java,16,29,54
Java,.\server\src\main\java\org\elasticsearch\common\MacAddressProvider.java,12,24,54
Java,.\server\src\main\java\org\elasticsearch\common\blobstore\BlobPath.java,14,26,54
Java,.\server\src\main\java\org\elasticsearch\gateway\BaseGatewayShardAllocator.java,11,48,54
Java,.\server\src\main\java\org\elasticsearch\index\store\StoreStats.java,17,31,54
Java,.\server\src\main\java\org\elasticsearch\snapshots\Snapshot.java,15,33,54
Java,.\server\src\main\java\org\elasticsearch\transport\StatsTracker.java,19,22,54
Java,.\libs\guice\src\main\java\org\elasticsearch\common\inject\SingleMethodInjector.java,9,18,53
Java,.\libs\guice\src\main\java\org\elasticsearch\common\inject\spi\MembersInjectorLookup.java,14,43,53
Java,.\server\src\main\java\io\crate\cluster\gracefulstop\DecommissionAllocationDecider.java,17,22,53
Java,.\server\src\main\java\io\crate\execution\ddl\tables\RenameTableRequest.java,14,20,53
Java,.\server\src\main\java\io\crate\execution\engine\aggregation\AggregationPipe.java,11,20,53
Java,.\server\src\main\java\io\crate\execution\engine\collect\stats\TransportNodeStatsAction.java,9,20,53
Java,.\server\src\main\java\io\crate\execution\engine\sort\NullFieldComparatorSource.java,14,26,53
Java,.\server\src\main\java\io\crate\expression\eval\NullEliminator.java,18,54,53
Java,.\server\src\main\java\io\crate\expression\scalar\arithmetic\CeilFunction.java,8,20,53
Java,.\server\src\main\java\io\crate\expression\scalar\arithmetic\RadiansDegreesFunctions.java,6,20,53
Java,.\server\src\main\java\io\crate\metadata\pgcatalog\PgAttributeTable.java,8,22,53
Java,.\server\src\main\java\io\crate\planner\node\ddl\CreateFunctionPlan.java,10,20,53
Java,.\server\src\main\java\io\crate\planner\node\management\RerouteRetryFailedPlan.java,5,23,53
Java,.\server\src\main\java\io\crate\planner\optimizer\symbol\rule\MoveSubscriptOnReferenceCastToLiteralCastInsideOperators.java,11,20,53
Java,.\server\src\main\java\org\elasticsearch\action\admin\cluster\repositories\delete\TransportDeleteRepository.java,13,21,53
Java,.\server\src\main\java\org\elasticsearch\action\admin\cluster\repositories\put\TransportPutRepository.java,14,21,53
Java,.\server\src\main\java\org\elasticsearch\action\admin\cluster\snapshots\delete\DeleteSnapshotRequest.java,15,48,53
Java,.\server\src\main\java\org\elasticsearch\action\admin\indices\refresh\TransportShardRefreshAction.java,10,18,53
Java,.\server\src\main\java\org\elasticsearch\discovery\PeersRequest.java,12,18,53
Java,.\server\src\main\java\org\elasticsearch\index\analysis\PreConfiguredTokenizer.java,12,48,53
Java,.\server\src\main\java\org\elasticsearch\index\shard\RemoveCorruptedLuceneSegments.java,15,21,53
Java,.\server\src\main\java\org\elasticsearch\transport\CompressibleBytesOutputStream.java,14,40,53
Java,.\libs\guice\src\main\java\org\elasticsearch\common\inject\assistedinject\AssistedConstructor.java,14,36,52
Java,.\libs\guice\src\main\java\org\elasticsearch\common\inject\internal\LinkedProviderBindingImpl.java,12,15,52
Java,.\libs\sql-parser\src\main\java\io\crate\sql\tree\AliasedRelation.java,13,20,52
Java,.\libs\sql-parser\src\main\java\io\crate\sql\tree\AlterTableReroute.java,12,20,52
Java,.\libs\sql-parser\src\main\java\io\crate\sql\tree\Fetch.java,13,45,52
Java,.\libs\sql-parser\src\main\java\io\crate\sql\tree\Literal.java,5,20,52
Java,.\server\src\main\java\io\crate\execution\ddl\RelationNameSwap.java,14,20,52
Java,.\server\src\main\java\io\crate\execution\ddl\Templates.java,8,20,52
Java,.\server\src\main\java\io\crate\execution\dsl\projection\DMLProjection.java,15,20,52
Java,.\server\src\main\java\io\crate\execution\engine\fetch\FetchProjector.java,9,22,52
Java,.\server\src\main\java\io\crate\execution\engine\fetch\NodeFetchResponse.java,11,20,52
Java,.\server\src\main\java\io\crate\execution\engine\window\RowNumberWindowFunction.java,12,20,52
Java,.\server\src\main\java\io\crate\execution\jobs\AsyncFnTask.java,11,24,52
Java,.\server\src\main\java\io\crate\expression\symbol\OuterColumn.java,17,37,52
Java,.\server\src\main\java\io\crate\metadata\FunctionName.java,12,20,52
Java,.\server\src\main\java\io\crate\metadata\sys\SysSessionsTableInfo.java,12,20,52
Java,.\server\src\main\java\io\crate\monitor\ExtendedNodeInfo.java,14,30,52
Java,.\server\src\main\java\io\crate\planner\SubqueryPlanner.java,11,20,52
Java,.\server\src\main\java\io\crate\planner\operators\PrintContext.java,12,20,52
Java,.\server\src\main\java\io\crate\protocols\postgres\types\AnyType.java,16,22,52
Java,.\server\src\main\java\org\elasticsearch\cluster\routing\allocation\decider\ResizeAllocationDecider.java,9,23,52
Java,.\server\src\main\java\org\elasticsearch\common\lease\Releasables.java,13,40,52
Java,.\server\src\main\java\org\elasticsearch\common\logging\DeprecationLogger.java,14,36,52
Java,.\server\src\main\java\org\elasticsearch\index\recovery\RecoveryStats.java,17,31,52
Java,.\server\src\main\java\org\elasticsearch\transport\ActionTransportException.java,13,29,52
Java,.\libs\sql-parser\src\main\java\io\crate\sql\tree\GroupBy.java,14,20,51
Java,.\libs\sql-parser\src\main\java\io\crate\sql\tree\PrimaryKeyConstraint.java,12,20,51
Java,.\libs\sql-parser\src\main\java\io\crate\sql\tree\Union.java,13,20,51
Java,.\libs\sql-parser\src\main\java\io\crate\sql\tree\Window.java,12,36,51
Java,.\libs\sql-parser\src\main\java\io\crate\sql\tree\WindowFrame.java,13,20,51
Java,.\server\src\main\java\io\crate\analyze\relations\ParentRelations.java,14,21,51
Java,.\server\src\main\java\io\crate\blob\BlobTransferRequest.java,12,23,51
Java,.\server\src\main\java\io\crate\execution\dml\StringIndexer.java,11,20,51
Java,.\server\src\main\java\io\crate\execution\support\Transports.java,11,20,51
Java,.\server\src\main\java\io\crate\expression\tablefunctions\RangeIterable.java,10,20,51
Java,.\server\src\main\java\io\crate\protocols\postgres\types\RegtypeType.java,15,20,51
Java,.\server\src\main\java\io\crate\types\IntEqQuery.java,7,20,51
Java,.\server\src\main\java\org\elasticsearch\action\admin\cluster\repositories\put\TransportAlterRepository.java,14,21,51
Java,.\server\src\main\java\org\elasticsearch\cluster\coordination\PreVoteRequest.java,13,18,51
Java,.\server\src\main\java\org\elasticsearch\cluster\coordination\StartJoinRequest.java,16,22,51
Java,.\libs\sql-parser\src\main\java\io\crate\sql\parser\CaseInsensitiveStream.java,15,20,50
Java,.\libs\sql-parser\src\main\java\io\crate\sql\tree\AlterTableOpenClose.java,12,20,50
Java,.\libs\sql-parser\src\main\java\io\crate\sql\tree\AlterTableRenameTable.java,12,20,50
Java,.\server\src\main\java\io\crate\analyze\BoundCreateTable.java,11,26,50
Java,.\server\src\main\java\io\crate\analyze\DataTypeAnalyzer.java,10,22,50
Java,.\server\src\main\java\io\crate\cluster\decommission\TransportDecommissionNodeAction.java,9,20,50
Java,.\server\src\main\java\io\crate\execution\ddl\tables\DropColumnRequest.java,13,20,50
Java,.\server\src\main\java\io\crate\execution\dml\BulkShardResponseListener.java,12,28,50
Java,.\server\src\main\java\io\crate\execution\engine\aggregation\impl\average\numeric\NumericAverageState.java,12,24,50
Java,.\server\src\main\java\io\crate\expression\scalar\CollectionAverageFunction.java,8,20,50
Java,.\server\src\main\java\io\crate\expression\scalar\NumericCollectionAverageFunction.java,8,20,50
Java,.\server\src\main\java\io\crate\expression\scalar\conditional\IfFunction.java,11,39,50
Java,.\server\src\main\java\io\crate\expression\symbol\FetchStub.java,16,26,50
Java,.\server\src\main\java\io\crate\expression\symbol\SymbolType.java,12,21,50
Java,.\server\src\main\java\io\crate\monitor\ExtendedNetworkInfo.java,13,21,50
Java,.\server\src\main\java\io\crate\netty\AccountedByteBuf.java,13,27,50
Java,.\server\src\main\java\io\crate\planner\consumer\InsertFromSubQueryPlanner.java,10,21,50
Java,.\server\src\main\java\io\crate\planner\optimizer\symbol\rule\MoveReferenceCastToLiteralCastOnArrayOperatorsWhenLeftIsReference.java,11,20,50
Java,.\server\src\main\java\org\elasticsearch\action\admin\cluster\repositories\put\AlterRepositoryRequest.java,16,34,50
Java,.\server\src\main\java\org\elasticsearch\action\admin\cluster\snapshots\delete\TransportDeleteSnapshot.java,13,22,50
Java,.\server\src\main\java\org\elasticsearch\cluster\coordination\PublishResponse.java,16,22,50
Java,.\server\src\main\java\org\elasticsearch\cluster\coordination\PublishWithJoinResponse.java,14,22,50
Java,.\server\src\main\java\org\elasticsearch\index\Index.java,14,31,50
Java,.\server\src\main\java\org\elasticsearch\index\shard\IndexEventListener.java,25,125,50
Java,.\server\src\main\java\org\elasticsearch\indices\IndicesModule.java,11,21,50
Java,.\server\src\main\java\org\elasticsearch\transport\ProxyConnection.java,13,20,50
Java,.\libs\opendal\src\main\java\io\crate\opendal\S3.java,8,25,49
Java,.\libs\shared\src\main\java\io\crate\common\MutableLong.java,15,20,49
Java,.\libs\shared\src\main\java\io\crate\common\collections\LexicographicalOrdering.java,12,35,49
Java,.\libs\sql-parser\src\main\java\io\crate\sql\tree\ClusteredBy.java,12,20,49
Java,.\libs\sql-parser\src\main\java\io\crate\sql\tree\RerouteAllocateReplicaShard.java,12,20,49
Java,.\plugins\es-analysis-common\src\main\java\org\elasticsearch\analysis\common\KeepTypesFilterFactory.java,10,30,49
Java,.\plugins\es-analysis-common\src\main\java\org\elasticsearch\analysis\common\UniqueTokenFilter.java,16,23,49
Java,.\server\src\main\java\io\crate\analyze\ConstraintsValidator.java,7,36,49
Java,.\server\src\main\java\io\crate\concurrent\CountdownFuture.java,11,26,49
Java,.\server\src\main\java\io\crate\execution\ddl\index\TransportSwapAndDropIndexName.java,10,23,49
Java,.\server\src\main\java\io\crate\execution\dml\LongIndexer.java,9,20,49
Java,.\server\src\main\java\io\crate\execution\engine\distribution\merge\PagingIterator.java,12,38,49
Java,.\server\src\main\java\io\crate\execution\jobs\JoinTask.java,16,22,49
Java,.\server\src\main\java\io\crate\expression\reference\sys\check\node\SysNodeChecks.java,10,21,49
Java,.\server\src\main\java\io\crate\expression\reference\sys\shard\ShardSegments.java,9,20,49
Java,.\server\src\main\java\io\crate\expression\scalar\ConcatWsFunction.java,8,20,49
Java,.\server\src\main\java\io\crate\expression\scalar\systeminformation\CurrentSchemasFunction.java,10,20,49
Java,.\server\src\main\java\io\crate\fdw\AddForeignTableTask.java,11,20,49
Java,.\server\src\main\java\io\crate\fdw\AddServerTask.java,8,20,49
Java,.\server\src\main\java\io\crate\metadata\pgcatalog\PgTypeTable.java,8,26,49
Java,.\server\src\main\java\io\crate\planner\optimizer\rule\RewriteJoinPlan.java,9,22,49
Java,.\server\src\main\java\io\crate\protocols\postgres\AuthenticationContext.java,12,36,49
Java,.\server\src\main\java\io\crate\types\LongEqQuery.java,7,20,49
Java,.\server\src\main\java\org\elasticsearch\action\ActionListenerResponseHandler.java,12,22,49
Java,.\server\src\main\java\org\elasticsearch\action\admin\indices\refresh\TransportRefresh.java,11,21,49
Java,.\server\src\main\java\org\elasticsearch\common\util\URIPattern.java,10,31,49
Java,.\server\src\main\java\org\elasticsearch\index\EsTieredMergePolicy.java,14,24,49
Java,.\server\src\main\java\org\elasticsearch\index\fieldvisitor\IDVisitor.java,14,21,49
Java,.\server\src\main\java\org\elasticsearch\index\translog\TranslogStats.java,9,20,49
Java,.\server\src\main\java\org\elasticsearch\indices\recovery\RecoveryFinalizeRecoveryRequest.java,12,18,49
Java,.\server\src\main\java\org\elasticsearch\monitor\MonitorService.java,13,18,49
Java,.\libs\guice\src\main\java\org\elasticsearch\common\inject\internal\LinkedBindingImpl.java,12,15,48
Java,.\libs\sql-parser\src\main\java\io\crate\sql\tree\ColumnType.java,15,20,48
Java,.\libs\sql-parser\src\main\java\io\crate\sql\tree\SingleColumn.java,12,20,48
Java,.\server\src\main\java\io\crate\analyze\AnalyzedCreateSnapshot.java,14,20,48
Java,.\server\src\main\java\io\crate\analyze\AnalyzedShowCreateTable.java,12,20,48
Java,.\server\src\main\java\io\crate\analyze\CreateFunctionAnalyzer.java,10,20,48
Java,.\server\src\main\java\io\crate\execution\ddl\tables\DropConstraintRequest.java,14,20,48
Java,.\server\src\main\java\io\crate\execution\dml\DoubleIndexer.java,9,20,48
Java,.\server\src\main\java\io\crate\execution\dml\FloatIndexer.java,9,20,48
Java,.\server\src\main\java\io\crate\execution\dsl\phases\ExecutionPhases.java,9,26,48
Java,.\server\src\main\java\io\crate\execution\engine\aggregation\impl\TDigestStateType.java,16,20,48
Java,.\server\src\main\java\io\crate\execution\engine\collect\collectors\OrderedDocCollector.java,18,31,48
Java,.\server\src\main\java\io\crate\execution\engine\collect\files\SqlFeatureContext.java,12,20,48
Java,.\server\src\main\java\io\crate\planner\operators\MapBackedSymbolReplacer.java,10,20,48
Java,.\server\src\main\java\io\crate\planner\optimizer\rule\MoveFilterBeneathCorrelatedJoin.java,10,21,48
Java,.\server\src\main\java\io\crate\role\GrantedRolesChange.java,13,28,48
Java,.\server\src\main\java\io\crate\types\MapComparator.java,5,20,48
Java,.\server\src\main\java\io\crate\types\NotSupportedType.java,15,20,48
Java,.\server\src\main\java\org\elasticsearch\action\admin\cluster\snapshots\restore\RestoreClusterStateListener.java,10,25,48
Java,.\server\src\main\java\org\elasticsearch\common\breaker\CircuitBreakingException.java,11,21,48
Java,.\server\src\main\java\org\elasticsearch\common\util\concurrent\FutureUtils.java,11,43,48
Java,.\server\src\main\java\org\elasticsearch\indices\recovery\BlobRecoveryStartTransferRequest.java,12,20,48
Java,.\server\src\main\java\org\elasticsearch\indices\recovery\RecoveryHandoffPrimaryContextRequest.java,12,28,48
Java,.\libs\guice\src\main\java\org\elasticsearch\common\inject\spi\DefaultElementVisitor.java,14,27,47
Java,.\libs\sql-parser\src\main\java\io\crate\sql\tree\AbstractCast.java,15,20,47
Java,.\libs\sql-parser\src\main\java\io\crate\sql\tree\AlterRoleSet.java,12,20,47
Java,.\libs\sql-parser\src\main\java\io\crate\sql\tree\AlterTableAlterColumnDefault.java,13,20,47
Java,.\libs\sql-parser\src\main\java\io\crate\sql\tree\ObjectColumnType.java,13,20,47
Java,.\plugins\cr8-copy-s3\src\main\java\io\crate\copy\s3\S3FileInputFactory.java,8,20,47
Java,.\server\src\main\java\io\crate\expression\RowFilter.java,13,21,47
Java,.\server\src\main\java\io\crate\expression\reference\doc\lucene\RawFieldVisitor.java,15,22,47
Java,.\server\src\main\java\io\crate\expression\scalar\Ignore3vlFunction.java,10,31,47
Java,.\server\src\main\java\io\crate\expression\scalar\SubscriptRecordFunction.java,8,21,47
Java,.\server\src\main\java\io\crate\expression\scalar\arithmetic\AbsFunction.java,7,20,47
Java,.\server\src\main\java\io\crate\expression\scalar\arithmetic\FloorFunction.java,7,20,47
Java,.\server\src\main\java\io\crate\expression\scalar\string\InitCapFunction.java,10,20,47
Java,.\server\src\main\java\io\crate\fdw\AlterServerRequest.java,12,20,47
Java,.\server\src\main\java\io\crate\metadata\pgcatalog\PgIndexTable.java,11,20,47
Java,.\server\src\main\java\io\crate\metadata\sys\SysSegmentsTableInfo.java,9,20,47
Java,.\server\src\main\java\io\crate\metadata\sys\SysSnapshotsTableInfo.java,8,22,47
Java,.\server\src\main\java\io\crate\planner\node\ddl\AlterTableOpenClosePlan.java,11,20,47
Java,.\server\src\main\java\io\crate\planner\optimizer\rule\MoveOrderBeneathUnion.java,10,20,47
Java,.\server\src\main\java\io\crate\protocols\postgres\types\PgUUIDType.java,15,20,47
Java,.\server\src\main\java\io\crate\role\scalar\UserFunction.java,9,20,47
Java,.\server\src\main\java\io\crate\statistics\SketchRamAccounting.java,12,28,47
Java,.\server\src\main\java\org\elasticsearch\action\admin\cluster\repositories\put\PutRepositoryRequest.java,12,24,47
Java,.\server\src\main\java\org\elasticsearch\cluster\routing\allocation\decider\ConcurrentRebalanceAllocationDecider.java,10,30,47
Java,.\server\src\main\java\org\elasticsearch\cluster\service\BatchedTask.java,14,30,47
Java,.\server\src\main\java\org\elasticsearch\common\bytes\ByteBufferReference.java,12,31,47
Java,.\server\src\main\java\org\elasticsearch\common\util\concurrent\AbstractRefCounted.java,14,27,47
Java,.\server\src\main\java\org\elasticsearch\monitor\fs\FsService.java,12,19,47
Java,.\libs\shared\src\main\java\io\crate\common\collections\RefCountedItem.java,10,28,46
Java,.\libs\sql-parser\src\main\java\io\crate\sql\tree\ColumnStorageDefinition.java,12,20,46
Java,.\plugins\crate-copy-azure\src\main\java\io\crate\copy\azure\AzureBlobStorageSettings.java,13,20,46
Java,.\plugins\es-analysis-common\src\main\java\org\elasticsearch\analysis\common\CJKBigramFilterFactory.java,9,38,46
Java,.\plugins\es-analysis-common\src\main\java\org\elasticsearch\analysis\common\KeywordMarkerTokenFilterFactory.java,9,36,46
Java,.\plugins\es-analysis-common\src\main\java\org\elasticsearch\analysis\common\StemmerOverrideTokenFilterFactory.java,13,18,46
Java,.\plugins\es-discovery-ec2\src\main\java\org\elasticsearch\discovery\ec2\AwsEc2Service.java,12,57,46
Java,.\server\src\main\java\io\crate\analyze\validator\SelectSymbolValidator.java,11,20,46
Java,.\server\src\main\java\io\crate\execution\dml\BitStringIndexer.java,15,20,46
Java,.\server\src\main\java\io\crate\execution\engine\aggregation\impl\templates\BinaryDocValueAggregator.java,13,20,46
Java,.\server\src\main\java\io\crate\execution\engine\aggregation\impl\templates\SortedNumericDocValueAggregator.java,13,20,46
Java,.\server\src\main\java\io\crate\execution\engine\collect\stats\FilteredLogSink.java,11,24,46
Java,.\server\src\main\java\io\crate\expression\scalar\string\HashFunctions.java,11,21,46
Java,.\server\src\main\java\io\crate\expression\scalar\systeminformation\CurrentSchemaFunction.java,12,20,46
Java,.\server\src\main\java\io\crate\fdw\CreateUserMappingRequest.java,12,20,46
Java,.\server\src\main\java\io\crate\metadata\pgcatalog\PgConstraintTable.java,9,20,46
Java,.\server\src\main\java\io\crate\metadata\pgcatalog\PgStatsTable.java,8,24,46
Java,.\server\src\main\java\io\crate\planner\operators\ForwardingLogicalPlan.java,13,20,46
Java,.\server\src\main\java\io\crate\planner\optimizer\symbol\rule\SimplifyEqualsOperationOnIdenticalReferences.java,9,25,46
Java,.\server\src\main\java\io\crate\protocols\postgres\types\DoubleType.java,15,20,46
Java,.\server\src\main\java\io\crate\protocols\postgres\types\RealType.java,15,20,46
Java,.\server\src\main\java\io\crate\protocols\postgres\types\SmallIntType.java,15,25,46
Java,.\server\src\main\java\io\crate\session\CollectingResultReceiver.java,13,23,46
Java,.\server\src\main\java\org\elasticsearch\action\admin\cluster\settings\ClusterUpdateSettingsResponse.java,12,21,46
Java,.\server\src\main\java\org\elasticsearch\bootstrap\ElasticsearchUncaughtExceptionHandler.java,10,21,46
Java,.\server\src\main\java\org\elasticsearch\cluster\DiskUsage.java,11,22,46
Java,.\server\src\main\java\org\elasticsearch\cluster\coordination\NoMasterBlockService.java,11,18,46
Java,.\server\src\main\java\org\elasticsearch\common\TimeBasedUUIDGenerator.java,22,48,46
Java,.\server\src\main\java\org\elasticsearch\common\lucene\MinimumScoreCollector.java,14,18,46
Java,.\server\src\main\java\org\elasticsearch\index\snapshots\blobstore\RateLimitingInputStream.java,12,21,46
Java,.\libs\dex\src\main\java\io\crate\data\ArrayBucket.java,14,26,45
Java,.\libs\dex\src\main\java\io\crate\data\LimitingBatchIterator.java,11,20,45
Java,.\libs\guice\src\main\java\org\elasticsearch\common\inject\util\Types.java,15,75,45
Java,.\libs\sql-parser\src\main\java\io\crate\sql\tree\Select.java,11,20,45
Java,.\libs\sql-parser\src\main\java\io\crate\sql\tree\WithQuery.java,12,20,45
Java,.\plugins\es-analysis-common\src\main\java\org\elasticsearch\analysis\common\DelimitedPayloadTokenFilterFactory.java,10,18,45
Java,.\server\src\main\java\io\crate\analyze\AnalyzedPrivileges.java,14,20,45
Java,.\server\src\main\java\io\crate\analyze\relations\SelectListFieldProvider.java,9,20,45
Java,.\server\src\main\java\io\crate\execution\ddl\tables\DropTableRequest.java,12,24,45
Java,.\server\src\main\java\io\crate\execution\dml\IntIndexer.java,9,20,45
Java,.\server\src\main\java\io\crate\execution\dsl\projection\builder\SplitPoints.java,14,34,45
Java,.\server\src\main\java\io\crate\execution\engine\collect\stats\NodeStatsRequest.java,14,20,45
Java,.\server\src\main\java\io\crate\expression\reference\sys\check\node\RecoveryAfterTimeSysCheck.java,9,21,45
Java,.\server\src\main\java\io\crate\expression\scalar\geo\CoordinateFunction.java,7,20,45
Java,.\server\src\main\java\io\crate\fdw\AddUserMappingTask.java,8,20,45
Java,.\server\src\main\java\io\crate\fdw\DropForeignTableTask.java,11,20,45
Java,.\server\src\main\java\io\crate\metadata\sys\SysSnapshotRestoreTableInfo.java,9,20,45
Java,.\server\src\main\java\io\crate\metadata\view\ViewMetadata.java,7,23,45
Java,.\server\src\main\java\io\crate\planner\node\ddl\DropSnapshotPlan.java,10,20,45
Java,.\server\src\main\java\io\crate\protocols\postgres\types\BigIntType.java,16,20,45
Java,.\server\src\main\java\io\crate\protocols\postgres\types\CharType.java,15,25,45
Java,.\server\src\main\java\io\crate\protocols\postgres\types\IntegerType.java,16,20,45
Java,.\server\src\main\java\io\crate\protocols\postgres\types\OidType.java,15,20,45
Java,.\server\src\main\java\io\crate\replication\logical\metadata\pgcatalog\PgSubscriptionRelTable.java,9,21,45
Java,.\server\src\main\java\io\crate\server\xcontent\XContentMapValues.java,12,18,45
Java,.\server\src\main\java\io\crate\types\OidVectorType.java,14,20,45
Java,.\server\src\main\java\org\elasticsearch\action\admin\cluster\tasks\TransportPendingClusterTasksAction.java,10,19,45
Java,.\server\src\main\java\org\elasticsearch\client\Client.java,13,26,45
Java,.\server\src\main\java\org\elasticsearch\cluster\routing\allocation\RoutingExplanations.java,10,31,45
Java,.\server\src\main\java\org\elasticsearch\cluster\routing\allocation\decider\AllocationDecider.java,12,68,45
Java,.\server\src\main\java\org\elasticsearch\common\ParsingException.java,13,33,45
Java,.\server\src\main\java\org\elasticsearch\indices\breaker\CircuitBreakerStats.java,12,26,45
Java,.\libs\dex\src\main\java\io\crate\data\join\CrossJoinNLBatchIterator.java,9,36,44
Java,.\libs\guice\src\main\java\org\elasticsearch\common\inject\BoundProviderFactory.java,8,18,44
Java,.\libs\guice\src\main\java\org\elasticsearch\common\inject\internal\UniqueAnnotations.java,14,22,44
Java,.\libs\guice\src\main\java\org\elasticsearch\common\inject\spi\DefaultBindingTargetVisitor.java,13,28,44
Java,.\libs\sql-parser\src\main\java\io\crate\sql\tree\AlterTableAddColumn.java,11,20,44
Java,.\libs\sql-parser\src\main\java\io\crate\sql\tree\AlterTableDropColumn.java,11,20,44
Java,.\libs\sql-parser\src\main\java\io\crate\sql\tree\AlterTableRenameColumn.java,12,20,44
Java,.\libs\sql-parser\src\main\java\io\crate\sql\tree\DropColumnDefinition.java,12,20,44
Java,.\libs\sql-parser\src\main\java\io\crate\sql\tree\Except.java,12,20,44
Java,.\libs\sql-parser\src\main\java\io\crate\sql\tree\Intersect.java,12,20,44
Java,.\libs\sql-parser\src\main\java\io\crate\sql\tree\IntervalLiteral.java,9,23,44
Java,.\plugins\crate-copy-azure\src\main\java\io\crate\copy\azure\OperatorHelper.java,9,36,44
Java,.\plugins\es-analysis-common\src\main\java\org\elasticsearch\analysis\common\PathHierarchyTokenizerFactory.java,9,18,44
Java,.\server\src\main\java\io\crate\exceptions\ConversionException.java,9,20,44
Java,.\server\src\main\java\io\crate\exceptions\IncompatibleSchemaForRestoreException.java,13,27,44
Java,.\server\src\main\java\io\crate\execution\dml\GeoPointIndexer.java,14,20,44
Java,.\server\src\main\java\io\crate\execution\support\OneRowActionListener.java,12,20,44
Java,.\server\src\main\java\io\crate\expression\reference\sys\operation\OperationContext.java,13,20,44
Java,.\server\src\main\java\io\crate\expression\scalar\arithmetic\ExpFunction.java,7,20,44
Java,.\server\src\main\java\io\crate\expression\tablefunctions\EmptyRowTableFunction.java,11,23,44
Java,.\server\src\main\java\io\crate\monitor\FsInfoHelpers.java,13,20,44
Java,.\server\src\main\java\io\crate\planner\MultiPhasePlan.java,11,33,44
Java,.\server\src\main\java\io\crate\planner\Plan.java,9,35,44
Java,.\server\src\main\java\io\crate\planner\node\management\VerboseOptimizerTracer.java,12,21,44
Java,.\server\src\main\java\io\crate\session\PreparedStmt.java,12,25,44
Java,.\server\src\main\java\org\elasticsearch\action\admin\cluster\snapshots\create\CreateSnapshotResponse.java,13,26,44
Java,.\server\src\main\java\org\elasticsearch\action\admin\cluster\tasks\PendingClusterTasksResponse.java,12,18,44
Java,.\server\src\main\java\org\elasticsearch\common\logging\NodeAndClusterIdStateListener.java,15,27,44
Java,.\server\src\main\java\org\elasticsearch\index\query\MultiMatchQueryType.java,15,41,44
Java,.\libs\guice\src\main\java\org\elasticsearch\common\inject\internal\ExposureBuilder.java,11,18,43
Java,.\libs\guice\src\main\java\org\elasticsearch\common\inject\internal\UntargettedBindingImpl.java,10,15,43
Java,.\libs\shared\src\main\java\io\crate\common\collections\CompoundOrdering.java,11,20,43
Java,.\libs\shared\src\main\java\io\crate\common\concurrent\CompletableFutures.java,9,32,43
Java,.\libs\shared\src\main\java\io\crate\common\concurrent\ExpAvgMeasurement.java,11,15,43
Java,.\libs\sql-parser\src\main\java\io\crate\sql\tree\DropBlobTable.java,13,20,43
Java,.\libs\sql-parser\src\main\java\io\crate\sql\tree\GenericProperty.java,11,30,43
Java,.\plugins\es-analysis-common\src\main\java\org\elasticsearch\analysis\common\EdgeNGramTokenFilterFactory.java,14,20,43
Java,.\server\src\main\java\io\crate\analyze\AnalyzedSwapTable.java,13,20,43
Java,.\server\src\main\java\io\crate\analyze\MatchOptionsAnalysis.java,7,20,43
Java,.\server\src\main\java\io\crate\analyze\relations\OrderyByAnalyzer.java,8,20,43
Java,.\server\src\main\java\io\crate\auth\ClientCertAuth.java,10,20,43
Java,.\server\src\main\java\io\crate\execution\dsl\phases\ExecutionPhase.java,21,23,43
Java,.\server\src\main\java\io\crate\execution\engine\collect\NestableCollectExpression.java,16,26,43
Java,.\server\src\main\java\io\crate\execution\jobs\transport\CancelRequest.java,12,20,43
Java,.\server\src\main\java\io\crate\execution\support\NodeActionRequestHandler.java,8,20,43
Java,.\server\src\main\java\io\crate\expression\operator\all\AllLikeOperator.java,10,20,43
Java,.\server\src\main\java\io\crate\expression\reference\StaticTableReferenceResolver.java,11,20,43
Java,.\server\src\main\java\io\crate\expression\reference\sys\check\cluster\NumberOfPartitionsSysCheck.java,8,20,43
Java,.\server\src\main\java\io\crate\expression\reference\sys\check\node\MaxShardsPerNodeSysCheck.java,9,20,43
Java,.\server\src\main\java\io\crate\expression\scalar\arithmetic\MapFunction.java,11,32,43
Java,.\server\src\main\java\io\crate\expression\scalar\conditional\CaseFunction.java,9,46,43
Java,.\server\src\main\java\io\crate\expression\scalar\postgres\PgBackendPidFunction.java,9,20,43
Java,.\server\src\main\java\io\crate\metadata\sys\SysMetricsTableInfo.java,8,20,43
Java,.\server\src\main\java\io\crate\planner\optimizer\rule\ReorderNestedLoopJoin.java,7,24,43
Java,.\server\src\main\java\io\crate\protocols\postgres\PgClientFactory.java,8,26,43
Java,.\server\src\main\java\io\crate\replication\logical\analyze\AnalyzedCreateSubscription.java,12,20,43
Java,.\server\src\main\java\io\crate\rest\action\RestBulkRowCountReceiver.java,12,21,43
Java,.\server\src\main\java\io\crate\statistics\TableStats.java,12,45,43
Java,.\server\src\main\java\org\elasticsearch\action\support\single\shard\SingleShardRequest.java,10,18,43
Java,.\server\src\main\java\org\elasticsearch\common\geo\builders\CoordinatesBuilder.java,12,53,43
Java,.\server\src\main\java\org\elasticsearch\common\geo\builders\EnvelopeBuilder.java,11,21,43
Java,.\server\src\main\java\org\elasticsearch\common\io\stream\NotSerializableExceptionWrapper.java,9,25,43
Java,.\server\src\main\java\org\elasticsearch\common\unit\RatioValue.java,10,26,43
Java,.\server\src\main\java\org\elasticsearch\index\analysis\IndexAnalyzers.java,12,37,43
Java,.\server\src\main\java\org\elasticsearch\index\codec\CrateCodec.java,13,24,43
Java,.\server\src\main\java\org\elasticsearch\index\mapper\CustomDocValuesField.java,15,19,43
Java,.\server\src\main\java\org\elasticsearch\index\translog\BufferedChecksumStreamOutput.java,12,22,43
Java,.\server\src\main\java\org\elasticsearch\search\profile\Timer.java,8,48,43
Java,.\server\src\main\java\org\elasticsearch\transport\TcpHeader.java,20,19,43
Java,.\libs\guice\src\main\java\org\elasticsearch\common\inject\SingleParameterInjector.java,11,22,42
Java,.\plugins\es-analysis-common\src\main\java\org\elasticsearch\analysis\common\ASCIIFoldingTokenFilterFactory.java,9,22,42
Java,.\server\src\main\java\io\crate\analyze\OptimizeTableAnalyzer.java,9,20,42
Java,.\server\src\main\java\io\crate\execution\engine\aggregation\impl\util\OverflowAwareMutableLong.java,12,25,42
Java,.\server\src\main\java\io\crate\execution\engine\distribution\merge\RamAccountingPageIterator.java,11,23,42
Java,.\server\src\main\java\io\crate\execution\jobs\SharedShardContext.java,12,20,42
Java,.\server\src\main\java\io\crate\execution\jobs\kill\TransportKillAllNodeAction.java,10,21,42
Java,.\server\src\main\java\io\crate\expression\operator\Operators.java,9,20,42
Java,.\server\src\main\java\io\crate\expression\scalar\FormatFunction.java,13,20,42
Java,.\server\src\main\java\io\crate\expression\scalar\arithmetic\RandomFunction.java,12,22,42
Java,.\server\src\main\java\io\crate\expression\scalar\postgres\PgGetUserByIdFunction.java,6,20,42
Java,.\server\src\main\java\io\crate\expression\scalar\postgres\PgSleepFunction.java,9,20,42
Java,.\server\src\main\java\io\crate\expression\scalar\systeminformation\PgGetExpr.java,7,20,42
Java,.\server\src\main\java\io\crate\expression\symbol\FieldReplacer.java,9,20,42
Java,.\server\src\main\java\io\crate\planner\optimizer\rule\MoveOrderBeneathRename.java,9,39,42
Java,.\server\src\main\java\io\crate\planner\statement\SetSessionAuthorizationPlan.java,8,20,42
Java,.\server\src\main\java\io\crate\replication\logical\metadata\pgcatalog\PgPublicationTablesTable.java,9,21,42
Java,.\server\src\main\java\io\crate\types\TypeCompatibility.java,5,21,42
Java,.\server\src\main\java\org\elasticsearch\action\admin\cluster\configuration\ClearVotingConfigExclusionsRequest.java,12,41,42
Java,.\server\src\main\java\org\elasticsearch\cluster\LocalClusterUpdateTask.java,14,24,42
Java,.\server\src\main\java\org\elasticsearch\cluster\health\Health.java,11,23,42
Java,.\server\src\main\java\org\elasticsearch\cluster\routing\allocation\decider\RestoreInProgressAllocationDecider.java,9,22,42
Java,.\server\src\main\java\org\elasticsearch\index\seqno\CountedBitSet.java,11,27,42
Java,.\server\src\main\java\org\elasticsearch\indices\recovery\RecoveryRequestTracker.java,9,30,42
Java,.\libs\sql-parser\src\main\java\io\crate\sql\tree\PrimaryKeyColumnConstraint.java,12,20,41
Java,.\server\src\main\java\io\crate\analyze\RefreshTableAnalyzer.java,8,20,41
Java,.\server\src\main\java\io\crate\analyze\relations\AnalyzedRelation.java,15,64,41
Java,.\server\src\main\java\io\crate\auth\PasswordAuthenticationMethod.java,12,21,41
Java,.\server\src\main\java\io\crate\breaker\CellsSizeEstimator.java,10,41,41
Java,.\server\src\main\java\io\crate\execution\dml\SysUpdateProjector.java,10,20,41
Java,.\server\src\main\java\io\crate\execution\dsl\projection\MergeCountProjection.java,14,21,41
Java,.\server\src\main\java\io\crate\execution\engine\collect\DocInputFactory.java,7,25,41
Java,.\server\src\main\java\io\crate\execution\engine\distribution\StreamBucketCollector.java,11,23,41
Java,.\server\src\main\java\io\crate\execution\engine\sort\Sort.java,8,20,41
Java,.\server\src\main\java\io\crate\execution\jobs\kill\TransportKillJobsNodeAction.java,11,21,41
Java,.\server\src\main\java\io\crate\expression\operator\all\AllNotLikeOperator.java,11,20,41
Java,.\server\src\main\java\io\crate\expression\reference\MapLookupByPathExpression.java,10,20,41
Java,.\server\src\main\java\io\crate\expression\reference\sys\check\node\AbstractSysNodeCheck.java,15,20,41
Java,.\server\src\main\java\io\crate\expression\scalar\TimeZoneParser.java,9,26,41
Java,.\server\src\main\java\io\crate\expression\scalar\TripleScalar.java,7,25,41
Java,.\server\src\main\java\io\crate\expression\scalar\arithmetic\ArrayFunction.java,9,20,41
Java,.\server\src\main\java\io\crate\expression\scalar\string\ChrFunction.java,6,20,41
Java,.\server\src\main\java\io\crate\fdw\DropUserMappingTask.java,8,20,41
Java,.\server\src\main\java\io\crate\metadata\DanglingArtifactsService.java,10,20,41
Java,.\server\src\main\java\io\crate\types\ParameterTypeSignature.java,14,23,41
Java,.\server\src\main\java\io\crate\types\TimeTZ.java,11,20,41
Java,.\server\src\main\java\org\elasticsearch\cluster\routing\allocation\decider\MaxRetryAllocationDecider.java,8,28,41
Java,.\server\src\main\java\org\elasticsearch\cluster\routing\allocation\decider\SnapshotInProgressAllocationDecider.java,11,33,41
Java,.\server\src\main\java\org\elasticsearch\common\logging\PrefixLogger.java,12,55,41
Java,.\server\src\main\java\org\elasticsearch\index\engine\DeleteVersionValue.java,14,19,41
Java,.\server\src\main\java\org\elasticsearch\index\engine\IndexVersionValue.java,12,18,41
Java,.\server\src\main\java\org\elasticsearch\index\translog\TranslogConfig.java,12,45,41
Java,.\server\src\main\java\org\elasticsearch\search\profile\ProfileResult.java,12,48,41
Java,.\server\src\main\java\org\elasticsearch\snapshots\SnapshotState.java,13,57,41
Java,.\extensions\jmx-monitoring\src\main\java\io\crate\beans\CircuitBreakers.java,13,20,40
Java,.\libs\guice\src\main\java\org\elasticsearch\common\inject\ConstructorInjectorStore.java,13,23,40
Java,.\libs\guice\src\main\java\org\elasticsearch\common\inject\FactoryProxy.java,10,18,40
Java,.\libs\guice\src\main\java\org\elasticsearch\common\inject\SingleFieldInjector.java,8,18,40
Java,.\libs\guice\src\main\java\org\elasticsearch\common\inject\multibindings\RealElement.java,12,18,40
Java,.\libs\sql-parser\src\main\java\io\crate\sql\tree\FunctionArgument.java,12,20,40
Java,.\plugins\es-analysis-common\src\main\java\org\elasticsearch\analysis\common\SnowballAnalyzer.java,7,34,40
Java,.\server\src\main\java\io\crate\analyze\AnalyzedDropFunction.java,13,20,40
Java,.\server\src\main\java\io\crate\analyze\OutputNameFormatter.java,10,20,40
Java,.\server\src\main\java\io\crate\analyze\ParameterTypes.java,11,20,40
Java,.\server\src\main\java\io\crate\execution\engine\aggregation\impl\Aggregations.java,8,20,40
Java,.\server\src\main\java\io\crate\expression\scalar\ArrayOverlapFunction.java,9,20,40
Java,.\server\src\main\java\io\crate\expression\scalar\BinaryScalar.java,7,20,40
Java,.\server\src\main\java\io\crate\expression\scalar\CurrentDatabaseFunction.java,8,20,40
Java,.\server\src\main\java\io\crate\expression\scalar\VectorSimilarityFunction.java,10,20,40
Java,.\server\src\main\java\io\crate\expression\scalar\arithmetic\SignFunction.java,8,20,40
Java,.\server\src\main\java\io\crate\expression\scalar\arithmetic\SubtractTimestampScalar.java,8,20,40
Java,.\server\src\main\java\io\crate\expression\scalar\object\ObjectMergeFunction.java,7,20,40
Java,.\server\src\main\java\io\crate\expression\scalar\string\StringCaseFunction.java,6,20,40
Java,.\server\src\main\java\io\crate\expression\scalar\string\StringRepeatFunction.java,7,20,40
Java,.\server\src\main\java\io\crate\expression\tablefunctions\ColumnOrientedRowsIterator.java,10,20,40
Java,.\server\src\main\java\io\crate\fdw\ForeignTableRelation.java,10,20,40
Java,.\server\src\main\java\io\crate\lucene\ExtendedCommonTermsQuery.java,14,23,40
Java,.\server\src\main\java\io\crate\planner\node\dql\GroupByConsumer.java,9,27,40
Java,.\server\src\main\java\io\crate\planner\optimizer\rule\MoveOrderBeneathEval.java,9,20,40
Java,.\server\src\main\java\io\crate\protocols\SSL.java,7,29,40
Java,.\server\src\main\java\org\elasticsearch\action\admin\cluster\snapshots\restore\RestoreSnapshotResponse.java,12,26,40
Java,.\server\src\main\java\org\elasticsearch\action\admin\indices\stats\IndexStats.java,9,18,40
Java,.\server\src\main\java\org\elasticsearch\action\support\master\AcknowledgedRequest.java,14,36,40
Java,.\server\src\main\java\org\elasticsearch\cluster\ClusterStateUpdateTask.java,15,38,40
Java,.\server\src\main\java\org\elasticsearch\common\Priority.java,13,26,40
Java,.\server\src\main\java\org\elasticsearch\common\io\PathUtils.java,12,62,40
Java,.\server\src\main\java\org\elasticsearch\common\transport\NetworkExceptionHelper.java,5,19,40
Java,.\libs\sql-parser\src\main\java\io\crate\sql\tree\NamedProperties.java,10,20,39
Java,.\libs\sql-parser\src\main\java\io\crate\sql\tree\TableFunction.java,11,20,39
Java,.\libs\sql-parser\src\main\java\io\crate\sql\tree\Tokenizer.java,11,20,39
Java,.\libs\sql-parser\src\main\java\io\crate\sql\tree\TrimMode.java,9,20,39
Java,.\plugins\es-analysis-common\src\main\java\org\elasticsearch\analysis\common\PatternAnalyzer.java,7,19,39
Java,.\server\src\main\java\io\crate\analyze\AnalyzedFetch.java,13,20,39
Java,.\server\src\main\java\io\crate\analyze\AnalyzedSetStatement.java,12,20,39
Java,.\server\src\main\java\io\crate\analyze\relations\PlannedRelation.java,12,20,39
Java,.\server\src\main\java\io\crate\analyze\relations\RelationAnalysisContext.java,11,22,39
Java,.\server\src\main\java\io\crate\execution\ddl\views\DropViewRequest.java,12,20,39
Java,.\server\src\main\java\io\crate\execution\dml\BooleanIndexer.java,13,20,39
Java,.\server\src\main\java\io\crate\execution\dsl\phases\ExecutionPhaseVisitor.java,14,20,39
Java,.\server\src\main\java\io\crate\execution\dsl\projection\Projection.java,16,31,39
Java,.\server\src\main\java\io\crate\execution\jobs\InstrumentedIndexSearcher.java,7,23,39
Java,.\server\src\main\java\io\crate\execution\jobs\transport\JobResponse.java,11,20,39
Java,.\server\src\main\java\io\crate\expression\operator\GtOperator.java,5,20,39
Java,.\server\src\main\java\io\crate\expression\operator\GteOperator.java,5,20,39
Java,.\server\src\main\java\io\crate\expression\operator\LteOperator.java,5,20,39
Java,.\server\src\main\java\io\crate\expression\reference\doc\lucene\BinaryColumnReference.java,12,20,39
Java,.\server\src\main\java\io\crate\expression\reference\sys\check\node\RecoveryAfterNodesSysCheck.java,10,21,39
Java,.\server\src\main\java\io\crate\expression\scalar\CollectionCountFunction.java,8,20,39
Java,.\server\src\main\java\io\crate\expression\scalar\conditional\CoalesceFunction.java,7,22,39
Java,.\server\src\main\java\io\crate\expression\scalar\systeminformation\PgTypeofFunction.java,9,20,39
Java,.\server\src\main\java\io\crate\planner\node\management\ShowCreateTablePlan.java,8,20,39
Java,.\server\src\main\java\io\crate\planner\optimizer\Rule.java,13,40,39
Java,.\server\src\main\java\io\crate\planner\optimizer\rule\MergeFilterAndForeignCollect.java,9,27,39
Java,.\server\src\main\java\io\crate\planner\optimizer\rule\RewriteRightOuterJoinToHashJoin.java,7,20,39
Java,.\server\src\main\java\org\elasticsearch\action\support\HandledTransportAction.java,7,21,39
Java,.\server\src\main\java\org\elasticsearch\discovery\FileBasedSeedHostsProvider.java,12,31,39
Java,.\server\src\main\java\org\elasticsearch\index\analysis\SynonymGraphTokenFilterFactory.java,9,19,39
Java,.\server\src\main\java\org\elasticsearch\index\seqno\RetentionLeaseSyncer.java,11,26,39
Java,.\server\src\main\java\org\elasticsearch\indices\recovery\BlobRecoveryChunkRequest.java,11,20,39
Java,.\server\src\main\java\org\elasticsearch\node\NodeNames.java,6,20,39
Java,.\server\src\main\java\org\elasticsearch\transport\TransportStatus.java,12,18,39
Java,.\libs\guice\src\main\java\org\elasticsearch\common\inject\ConfigurationException.java,10,38,38
Java,.\libs\shared\src\main\java\io\crate\common\collections\RingBuffer.java,11,20,38
Java,.\libs\sql-parser\src\main\java\io\crate\sql\tree\AllColumns.java,11,20,38
Java,.\plugins\es-analysis-common\src\main\java\org\elasticsearch\analysis\common\FingerprintAnalyzerProvider.java,13,22,38
Java,.\plugins\es-analysis-common\src\main\java\org\elasticsearch\analysis\common\PatternReplaceCharFilterFactory.java,11,18,38
Java,.\plugins\es-analysis-common\src\main\java\org\elasticsearch\analysis\common\SnowballAnalyzerProvider.java,12,31,38
Java,.\server\src\main\java\io\crate\analyze\AnalyzedCreateBlobTable.java,11,20,38
Java,.\server\src\main\java\io\crate\analyze\NegateLiterals.java,8,20,38
Java,.\server\src\main\java\io\crate\analyze\repositories\TypeSettings.java,10,20,38
Java,.\server\src\main\java\io\crate\exceptions\RelationAlreadyExists.java,13,20,38
Java,.\server\src\main\java\io\crate\exceptions\RoleUnknownException.java,12,21,38
Java,.\server\src\main\java\io\crate\execution\dml\FulltextIndexer.java,12,20,38
Java,.\server\src\main\java\io\crate\execution\engine\BucketForwarder.java,9,23,38
Java,.\server\src\main\java\io\crate\execution\engine\collect\RowCollectExpression.java,13,23,38
Java,.\server\src\main\java\io\crate\execution\jobs\kill\KillResponse.java,12,20,38
Java,.\server\src\main\java\io\crate\execution\jobs\kill\TransportKillNodeAction.java,9,20,38
Java,.\server\src\main\java\io\crate\expression\reference\doc\lucene\FloatVectorColumnReference.java,10,20,38
Java,.\server\src\main\java\io\crate\expression\reference\doc\lucene\NumericColumnReference.java,12,20,38
Java,.\server\src\main\java\io\crate\expression\scalar\systeminformation\PgGetFunctionResultFunction.java,7,20,38
Java,.\server\src\main\java\io\crate\fdw\DropForeignTableRequest.java,12,20,38
Java,.\server\src\main\java\io\crate\fdw\ForeignDataWrapper.java,11,31,38
Java,.\server\src\main\java\io\crate\planner\DropViewPlan.java,8,20,38
Java,.\server\src\main\java\io\crate\planner\node\ddl\AlterTableAlterColumnDefaultPlan.java,7,20,38
Java,.\server\src\main\java\io\crate\planner\node\ddl\AlterTableRenameColumnPlan.java,6,20,38
Java,.\server\src\main\java\io\crate\planner\optimizer\rule\ReorderHashJoin.java,7,24,38
Java,.\server\src\main\java\io\crate\planner\optimizer\tracer\LoggingOptimizerTracer.java,12,20,38
Java,.\server\src\main\java\io\crate\protocols\postgres\types\BaseTimestampType.java,14,30,38
Java,.\server\src\main\java\io\crate\replication\logical\metadata\RelationMetadata.java,8,24,38
Java,.\server\src\main\java\io\crate\session\DescribeResult.java,12,32,38
Java,.\server\src\main\java\org\elasticsearch\action\admin\cluster\node\stats\NodeStats.java,13,18,38
Java,.\server\src\main\java\org\elasticsearch\cluster\routing\GroupShardsIterator.java,12,43,38
Java,.\server\src\main\java\org\elasticsearch\common\io\stream\ReleasableBytesStreamOutput.java,9,29,38
Java,.\server\src\main\java\org\elasticsearch\common\network\NetworkAddress.java,13,105,38
Java,.\server\src\main\java\org\elasticsearch\index\analysis\StopTokenFilterFactory.java,12,18,38
Java,.\server\src\main\java\org\elasticsearch\index\mapper\ContentPath.java,13,22,38
Java,.\server\src\main\java\org\elasticsearch\indices\recovery\RecoveryPrepareForTranslogOperationsRequest.java,11,18,38
Java,.\server\src\main\java\org\elasticsearch\indices\recovery\ReestablishRecoveryRequest.java,11,21,38
Java,.\server\src\main\java\org\elasticsearch\transport\RemoteConnectionParser.java,8,20,38
Java,.\libs\guice\src\main\java\org\elasticsearch\common\inject\spi\InjectionRequest.java,12,37,37
Java,.\libs\sql-parser\src\main\java\io\crate\sql\tree\CharFilters.java,10,20,37
Java,.\libs\sql-parser\src\main\java\io\crate\sql\tree\TokenFilters.java,10,20,37
Java,.\libs\sql-parser\src\main\java\io\crate\sql\tree\ValuesList.java,10,20,37
Java,.\server\src\main\java\io\crate\analyze\AnalyzedAlterTableOpenClose.java,13,20,37
Java,.\server\src\main\java\io\crate\analyze\AnalyzedCreateTableAs.java,13,20,37
Java,.\server\src\main\java\io\crate\analyze\NumberOfShards.java,11,20,37
Java,.\server\src\main\java\io\crate\analyze\SubscriptContext.java,14,23,37
Java,.\server\src\main\java\io\crate\exceptions\SchemaAlreadyExists.java,12,20,37
Java,.\server\src\main\java\io\crate\execution\ddl\tables\CreateBlobTableRequest.java,14,20,37
Java,.\server\src\main\java\io\crate\expression\reference\doc\lucene\OrderByCollectorExpression.java,12,24,37
Java,.\server\src\main\java\io\crate\expression\scalar\geo\AreaFunction.java,11,36,37
Java,.\server\src\main\java\io\crate\fdw\DropServerRequest.java,12,20,37
Java,.\server\src\main\java\io\crate\metadata\pgcatalog\PgUserTable.java,8,20,37
Java,.\server\src\main\java\io\crate\metadata\sys\SysJobsLogTableInfo.java,8,20,37
Java,.\server\src\main\java\io\crate\planner\node\ddl\AlterTableDropColumnPlan.java,9,20,37
Java,.\server\src\main\java\io\crate\planner\node\ddl\DeleteAllPartitions.java,8,20,37
Java,.\server\src\main\java\io\crate\planner\node\ddl\DropFunctionPlan.java,8,20,37
Java,.\server\src\main\java\io\crate\planner\operators\RewriteInsertFromSubQueryToInsertFromValues.java,9,20,37
Java,.\server\src\main\java\org\elasticsearch\action\support\master\AcknowledgedResponse.java,11,25,37
Java,.\server\src\main\java\org\elasticsearch\action\support\master\ShardsAcknowledgedResponse.java,11,23,37
Java,.\server\src\main\java\org\elasticsearch\common\util\concurrent\ThreadContext.java,8,19,37
Java,.\extensions\jmx-monitoring\src\main\java\io\crate\beans\QueryStatsMBean.java,34,29,36
Java,.\libs\dex\src\main\java\io\crate\data\CapturingRowConsumer.java,11,20,36
Java,.\libs\dex\src\main\java\io\crate\data\RowN.java,11,20,36
Java,.\libs\guice\src\main\java\org\elasticsearch\common\inject\ProviderToInternalFactoryAdapter.java,7,18,36
Java,.\libs\opendal\src\main\java\io\crate\opendal\OpenDALBlobStore.java,8,20,36
Java,.\libs\sql-parser\src\main\java\io\crate\sql\tree\TableSubquery.java,10,20,36
Java,.\libs\sql-parser\src\main\java\io\crate\sql\tree\Values.java,12,20,36
Java,.\plugins\es-analysis-common\src\main\java\org\elasticsearch\analysis\common\KeepWordFilterFactory.java,8,38,36
Java,.\plugins\es-analysis-common\src\main\java\org\elasticsearch\analysis\common\LowerCaseTokenFilterFactory.java,9,27,36
Java,.\plugins\es-analysis-common\src\main\java\org\elasticsearch\analysis\common\MinHashTokenFilterFactory.java,8,22,36
Java,.\server\src\main\java\io\crate\analyze\AnalyzedOptimizeTable.java,10,20,36
Java,.\server\src\main\java\io\crate\analyze\AnalyzedPromoteReplica.java,10,22,36
Java,.\server\src\main\java\io\crate\analyze\AnalyzedRerouteAllocatePrimaryShard.java,10,22,36
Java,.\server\src\main\java\io\crate\analyze\DropCheckConstraintAnalyzer.java,7,20,36
Java,.\server\src\main\java\io\crate\blob\PutChunkRequest.java,11,20,36
Java,.\server\src\main\java\io\crate\exceptions\UserDefinedFunctionUnknownException.java,11,20,36
Java,.\server\src\main\java\io\crate\execution\engine\indexing\IsUsedBytesOverThreshold.java,10,20,36
Java,.\server\src\main\java\io\crate\metadata\cluster\DDLClusterStateModifier.java,12,49,36
Java,.\server\src\main\java\io\crate\metadata\functions\SignatureBindingInfo.java,11,24,36
Java,.\server\src\main\java\io\crate\planner\fetch\IndexBaseBuilder.java,8,20,36
Java,.\server\src\main\java\io\crate\planner\node\ddl\AlterTableAddColumnPlan.java,7,20,36
Java,.\server\src\main\java\io\crate\planner\node\ddl\AlterTableDropCheckConstraintPlan.java,9,20,36
Java,.\server\src\main\java\io\crate\planner\optimizer\matcher\Captures.java,10,20,36
Java,.\server\src\main\java\io\crate\planner\optimizer\rule\MergeFilterAndCollect.java,8,20,36
Java,.\server\src\main\java\io\crate\planner\optimizer\rule\MoveFilterBeneathRename.java,9,20,36
Java,.\server\src\main\java\io\crate\replication\logical\plan\CreatePublicationPlan.java,8,20,36
Java,.\server\src\main\java\org\elasticsearch\action\support\nodes\BaseNodesRequest.java,13,18,36
Java,.\server\src\main\java\org\elasticsearch\cluster\routing\allocation\FailedShard.java,10,33,36
Java,.\server\src\main\java\org\elasticsearch\common\util\LazyInitializable.java,11,61,36
Java,.\server\src\main\java\org\elasticsearch\index\analysis\HunspellTokenFilterFactory.java,13,18,36
Java,.\server\src\main\java\org\elasticsearch\index\analysis\PreConfiguredAnalysisComponent.java,9,24,36
Java,.\libs\guice\src\main\java\org\elasticsearch\common\inject\Binder.java,26,314,35
Java,.\libs\guice\src\main\java\org\elasticsearch\common\inject\DefaultConstructionProxyFactory.java,10,23,35
Java,.\libs\sql-parser\src\main\java\io\crate\sql\tree\CollectionColumnType.java,11,23,35
Java,.\libs\sql-parser\src\main\java\io\crate\sql\tree\ComparisonExpression.java,10,20,35
Java,.\libs\sql-parser\src\main\java\io\crate\sql\tree\PartitionedBy.java,13,20,35
Java,.\libs\sql-parser\src\main\java\io\crate\sql\tree\SetTransactionStatement.java,13,20,35
Java,.\server\src\main\java\io\crate\analyze\AnalyzedAlterTableRenameTable.java,12,20,35
Java,.\server\src\main\java\io\crate\analyze\ParamTypeHints.java,11,26,35
Java,.\server\src\main\java\io\crate\blob\BlobTransferResponse.java,12,21,35
Java,.\server\src\main\java\io\crate\exceptions\UserDefinedFunctionAlreadyExistsException.java,11,20,35
Java,.\server\src\main\java\io\crate\execution\ddl\tables\GCDanglingArtifactsRequest.java,10,22,35
Java,.\server\src\main\java\io\crate\execution\engine\collect\files\SqlFeatures.java,6,20,35
Java,.\server\src\main\java\io\crate\execution\engine\distribution\SingleBucketBuilder.java,9,20,35
Java,.\server\src\main\java\io\crate\expression\operator\ExistsOperator.java,8,20,35
Java,.\server\src\main\java\io\crate\expression\scalar\postgres\PgPostmasterStartTime.java,9,20,35
Java,.\server\src\main\java\io\crate\expression\scalar\string\StringPositionFunction.java,8,20,35
Java,.\server\src\main\java\io\crate\expression\scalar\systeminformation\ColDescriptionFunction.java,7,21,35
Java,.\server\src\main\java\io\crate\expression\scalar\systeminformation\ObjDescriptionFunction.java,7,21,35
Java,.\server\src\main\java\io\crate\expression\symbol\AggregateMode.java,11,20,35
Java,.\server\src\main\java\io\crate\fdw\DropUserMappingRequest.java,11,20,35
Java,.\server\src\main\java\io\crate\metadata\sys\SysAllocationsTableInfo.java,6,20,35
Java,.\server\src\main\java\io\crate\metadata\sys\SysNodeChecksTableInfo.java,10,20,35
Java,.\server\src\main\java\io\crate\planner\node\ddl\AlterTableRenameTablePlan.java,8,20,35
Java,.\server\src\main\java\io\crate\planner\optimizer\rule\RewriteLeftOuterJoinToHashJoin.java,7,20,35
Java,.\server\src\main\java\io\crate\replication\logical\plan\AlterPublicationPlan.java,7,20,35
Java,.\server\src\main\java\io\crate\role\metadata\SysPrivilegesTableInfo.java,9,20,35
Java,.\server\src\main\java\io\crate\session\DCLStatementDispatcher.java,11,25,35
Java,.\server\src\main\java\io\crate\statistics\Reservoir.java,11,37,35
Java,.\server\src\main\java\io\crate\types\EqQuery.java,10,31,35
Java,.\server\src\main\java\org\elasticsearch\action\ActionRunnable.java,11,46,35
Java,.\server\src\main\java\org\elasticsearch\index\analysis\ESSolrSynonymParser.java,9,24,35
Java,.\server\src\main\java\org\elasticsearch\index\analysis\ESWordnetSynonymParser.java,9,24,35
Java,.\libs\guice\src\main\java\org\elasticsearch\common\inject\assistedinject\ParameterListKey.java,10,22,34
Java,.\libs\guice\src\main\java\org\elasticsearch\common\inject\internal\SourceProvider.java,11,30,34
Java,.\libs\guice\src\main\java\org\elasticsearch\common\inject\spi\TypeConverterBinding.java,10,25,34
Java,.\plugins\es-analysis-common\src\main\java\org\elasticsearch\analysis\common\CommonGramsTokenFilterFactory.java,10,18,34
Java,.\server\src\main\java\io\crate\analyze\AnalyzedAlterTable.java,10,20,34
Java,.\server\src\main\java\io\crate\analyze\CreateBlobTableAnalyzer.java,9,20,34
Java,.\server\src\main\java\io\crate\analyze\CreateRepositoryAnalyzer.java,8,20,34
Java,.\server\src\main\java\io\crate\exceptions\VersioningValidationException.java,14,20,34
Java,.\server\src\main\java\io\crate\execution\dml\IpIndexer.java,10,20,34
Java,.\server\src\main\java\io\crate\execution\engine\collect\MapSideDataCollectOperation.java,8,23,34
Java,.\server\src\main\java\io\crate\execution\engine\collect\files\URLFileInput.java,10,22,34
Java,.\server\src\main\java\io\crate\execution\engine\collect\stats\TimeBasedQEviction.java,7,20,34
Java,.\server\src\main\java\io\crate\execution\engine\export\LocalFsFileOutput.java,7,20,34
Java,.\server\src\main\java\io\crate\execution\engine\pipeline\LimitAndOffsetProjector.java,7,20,34
Java,.\server\src\main\java\io\crate\expression\reference\sys\check\node\RecoveryExpectedNodesSysCheck.java,8,21,34
Java,.\server\src\main\java\io\crate\expression\scalar\UnaryScalar.java,8,25,34
Java,.\server\src\main\java\io\crate\expression\scalar\conditional\ConditionalCompareFunction.java,10,20,34
Java,.\server\src\main\java\io\crate\expression\scalar\conditional\NullIfFunction.java,7,20,34
Java,.\server\src\main\java\io\crate\expression\scalar\systeminformation\PgFunctionIsVisibleFunction.java,8,20,34
Java,.\server\src\main\java\io\crate\expression\scalar\timestamp\NowFunction.java,8,20,34
Java,.\server\src\main\java\io\crate\replication\logical\analyze\AnalyzedAlterPublication.java,11,20,34
Java,.\server\src\main\java\io\crate\role\metadata\SysUsersTableInfo.java,8,20,34
Java,.\server\src\main\java\io\crate\session\BaseResultReceiver.java,12,20,34
Java,.\server\src\main\java\org\elasticsearch\action\support\nodes\BaseNodesResponse.java,12,37,34
Java,.\server\src\main\java\org\elasticsearch\bootstrap\BootstrapCheck.java,17,29,34
Java,.\server\src\main\java\org\elasticsearch\cluster\routing\allocation\ShardAllocationDecision.java,11,46,34
Java,.\server\src\main\java\org\elasticsearch\common\transport\BoundTransportAddress.java,9,25,34
Java,.\server\src\main\java\org\elasticsearch\indices\recovery\RecoveryTargetHandler.java,13,70,34
Java,.\server\src\main\java\org\elasticsearch\plugins\CompositeClassLoader.java,7,19,34
Java,.\server\src\main\java\org\elasticsearch\transport\BytesTransportRequest.java,11,26,34
Java,.\libs\dex\src\main\java\io\crate\data\MappedForwardingBatchIterator.java,11,23,33
Java,.\libs\guice\src\main\java\org\elasticsearch\common\inject\InternalFactoryToProviderAdapter.java,9,18,33
Java,.\libs\guice\src\main\java\org\elasticsearch\common\inject\ProvisionException.java,10,28,33
Java,.\libs\guice\src\main\java\org\elasticsearch\common\inject\internal\FailableCache.java,8,22,33
Java,.\libs\guice\src\main\java\org\elasticsearch\common\inject\name\NamedImpl.java,11,16,33
Java,.\libs\guice\src\main\java\org\elasticsearch\common\inject\spi\ScopeBinding.java,10,26,33
Java,.\libs\guice\src\main\java\org\elasticsearch\common\inject\spi\TypeListenerBinding.java,10,30,33
Java,.\libs\opendal\src\main\java\io\crate\opendal\SharedAsyncExecutor.java,11,24,33
Java,.\libs\sql-parser\src\main\java\io\crate\sql\tree\DiscardStatement.java,11,20,33
Java,.\libs\sql-parser\src\main\java\io\crate\sql\tree\JoinOn.java,10,20,33
Java,.\libs\sql-parser\src\main\java\io\crate\sql\tree\JoinType.java,5,20,33
Java,.\plugins\cr8-copy-s3\src\main\java\io\crate\copy\s3\S3CopyPlugin.java,10,20,33
Java,.\plugins\dns-discovery\src\main\java\io\crate\plugin\SrvPlugin.java,11,20,33
Java,.\plugins\es-analysis-common\src\main\java\org\elasticsearch\analysis\common\EdgeNGramTokenizerFactory.java,7,18,33
Java,.\plugins\es-analysis-common\src\main\java\org\elasticsearch\analysis\common\HyphenationCompoundWordTokenFilterFactory.java,10,23,33
Java,.\server\src\main\java\io\crate\analyze\AnalyzedSetSessionAuthorizationStatement.java,11,27,33
Java,.\server\src\main\java\io\crate\analyze\BoundRestoreSnapshot.java,10,20,33
Java,.\server\src\main\java\io\crate\analyze\relations\NameFieldProvider.java,9,25,33
Java,.\server\src\main\java\io\crate\blob\BlobTransferStatus.java,12,20,33
Java,.\server\src\main\java\io\crate\blob\DeleteBlobRequest.java,11,20,33
Java,.\server\src\main\java\io\crate\exceptions\OperationOnInaccessibleRelationException.java,11,20,33
Java,.\server\src\main\java\io\crate\execution\dsl\projection\ProjectionType.java,8,20,33
Java,.\server\src\main\java\io\crate\execution\engine\collect\sources\ProjectorSetupCollectSource.java,7,20,33
Java,.\server\src\main\java\io\crate\execution\engine\distribution\BroadcastingBucketBuilder.java,9,24,33
Java,.\server\src\main\java\io\crate\execution\engine\sort\NullAwareComparator.java,7,27,33
Java,.\server\src\main\java\io\crate\expression\operator\LtOperator.java,5,20,33
Java,.\server\src\main\java\io\crate\expression\reference\doc\blob\BlobReferenceResolver.java,9,20,33
Java,.\server\src\main\java\io\crate\expression\reference\doc\lucene\PrimaryTermCollectorExpression.java,9,20,33
Java,.\server\src\main\java\io\crate\expression\reference\doc\lucene\SeqNoCollectorExpression.java,9,20,33
Java,.\server\src\main\java\io\crate\expression\reference\doc\lucene\VersionCollectorExpression.java,9,20,33
Java,.\server\src\main\java\io\crate\expression\reference\sys\check\AbstractSysCheck.java,14,20,33
Java,.\server\src\main\java\io\crate\expression\reference\sys\operation\OperationContextLog.java,10,22,33
Java,.\server\src\main\java\io\crate\expression\scalar\CurrentDateFunction.java,8,20,33
Java,.\server\src\main\java\io\crate\expression\scalar\GenRandomTextUUIDFunction.java,9,20,33
Java,.\server\src\main\java\io\crate\expression\scalar\array\ArrayArgumentValidators.java,8,20,33
Java,.\server\src\main\java\io\crate\expression\scalar\systeminformation\PgGetPartkeydefFunction.java,7,20,33
Java,.\server\src\main\java\io\crate\planner\DropForeignTablePlan.java,8,20,33
Java,.\server\src\main\java\io\crate\planner\DropServerPlan.java,7,20,33
Java,.\server\src\main\java\io\crate\planner\DropUserMappingPlan.java,7,20,33
Java,.\server\src\main\java\io\crate\profile\Timer.java,8,20,33
Java,.\server\src\main\java\io\crate\replication\logical\analyze\AnalyzedCreatePublication.java,11,20,33
Java,.\server\src\main\java\org\elasticsearch\action\admin\cluster\reroute\ClusterRerouteResponse.java,10,24,33
Java,.\server\src\main\java\org\elasticsearch\action\support\DefaultShardOperationFailedException.java,9,18,33
Java,.\server\src\main\java\org\elasticsearch\client\node\NodeClient.java,9,22,33
Java,.\server\src\main\java\org\elasticsearch\common\geo\ShapeRelation.java,10,23,33
Java,.\server\src\main\java\org\elasticsearch\common\lucene\BytesRefs.java,6,25,33
Java,.\server\src\main\java\org\elasticsearch\common\util\concurrent\PrioritizedRunnable.java,12,26,33
Java,.\server\src\main\java\org\elasticsearch\index\codec\CodecService.java,9,30,33
Java,.\server\src\main\java\org\elasticsearch\index\mapper\SourceToParse.java,14,20,33
Java,.\server\src\main\java\org\elasticsearch\index\seqno\RetentionLeaseStats.java,11,45,33
Java,.\server\src\main\java\org\elasticsearch\index\shard\IllegalIndexShardStateException.java,12,18,33
Java,.\server\src\main\java\org\elasticsearch\transport\ConnectTransportException.java,12,18,33
Java,.\libs\guice\src\main\java\org\elasticsearch\common\inject\ExposedKeyFactory.java,8,22,32
Java,.\plugins\cr8-copy-s3\src\main\java\io\crate\copy\s3\common\S3Protocol.java,8,20,32
Java,.\plugins\crate-copy-azure\src\main\java\io\crate\copy\azure\AzureFileInputFactory.java,8,20,32
Java,.\plugins\es-analysis-common\src\main\java\org\elasticsearch\analysis\common\PatternCaptureGroupTokenFilterFactory.java,8,18,32
Java,.\server\src\main\java\io\crate\analyze\AnalyzedEmpty.java,12,20,32
Java,.\server\src\main\java\io\crate\breaker\TypedRowAccounting.java,9,42,32
Java,.\server\src\main\java\io\crate\execution\ddl\SwapRelationsRequest.java,10,27,32
Java,.\server\src\main\java\io\crate\execution\dsl\projection\Projections.java,7,20,32
Java,.\server\src\main\java\io\crate\execution\engine\fetch\ReaderContext.java,14,20,32
Java,.\server\src\main\java\io\crate\expression\reference\doc\lucene\CollectorContext.java,11,20,32
Java,.\server\src\main\java\io\crate\expression\scalar\conditional\GreatestFunction.java,7,20,32
Java,.\server\src\main\java\io\crate\expression\scalar\conditional\LeastFunction.java,7,20,32
Java,.\server\src\main\java\io\crate\expression\scalar\geo\GeoHashFunction.java,7,20,32
Java,.\server\src\main\java\io\crate\metadata\pgcatalog\PgRolesTable.java,7,20,32
Java,.\server\src\main\java\io\crate\planner\ExecutionPlanVisitor.java,11,20,32
Java,.\server\src\main\java\io\crate\planner\optimizer\rule\MergeFilters.java,8,35,32
Java,.\server\src\main\java\io\crate\replication\logical\analyze\AnalyzedDropSubscription.java,11,20,32
Java,.\server\src\main\java\io\crate\replication\logical\plan\DropSubscriptionPlan.java,8,20,32
Java,.\server\src\main\java\io\crate\role\PrivilegesResponse.java,10,20,32
Java,.\server\src\main\java\io\crate\session\parser\SQLArgsParseElement.java,7,20,32
Java,.\server\src\main\java\io\crate\statistics\ColumnStatsSupport.java,12,36,32
Java,.\server\src\main\java\io\crate\statistics\PublishTableStatsRequest.java,10,20,32
Java,.\server\src\main\java\org\elasticsearch\cluster\service\PendingClusterTask.java,8,18,32
Java,.\server\src\main\java\org\elasticsearch\common\breaker\NoopCircuitBreaker.java,10,22,32
Java,.\server\src\main\java\org\elasticsearch\common\geo\GeoHashUtils.java,8,39,32
Java,.\server\src\main\java\org\elasticsearch\common\geo\builders\MultiPointBuilder.java,8,24,32
Java,.\server\src\main\java\org\elasticsearch\common\lucene\index\ElasticsearchLeafReader.java,9,35,32
Java,.\server\src\main\java\org\elasticsearch\gateway\PriorityComparator.java,8,22,32
Java,.\server\src\main\java\org\elasticsearch\monitor\os\OsService.java,11,18,32
Java,.\server\src\main\java\org\elasticsearch\node\NodeService.java,10,22,32
Java,.\libs\es-x-content\src\main\java\org\elasticsearch\common\xcontent\XContentParseException.java,13,21,31
Java,.\libs\guice\src\main\java\org\elasticsearch\common\inject\LookupProcessor.java,8,22,31
Java,.\libs\guice\src\main\java\org\elasticsearch\common\inject\spi\StaticInjectionRequest.java,10,37,31
Java,.\libs\sql-parser\src\main\java\io\crate\sql\tree\Extract.java,6,20,31
Java,.\server\src\main\java\io\crate\analyze\AlterTableAddColumnAnalyzer.java,6,20,31
Java,.\server\src\main\java\io\crate\analyze\AnalyzedDropTable.java,12,20,31
Java,.\server\src\main\java\io\crate\analyze\MaybeAliasedStatement.java,9,26,31
Java,.\server\src\main\java\io\crate\analyze\expressions\TableReferenceResolver.java,8,20,31
Java,.\server\src\main\java\io\crate\analyze\relations\TableRelation.java,8,20,31
Java,.\server\src\main\java\io\crate\exceptions\JobKilledException.java,11,20,31
Java,.\server\src\main\java\io\crate\execution\engine\collect\files\CopyModule.java,10,20,31
Java,.\server\src\main\java\io\crate\expression\FunctionExpression.java,8,20,31
Java,.\server\src\main\java\io\crate\expression\reference\sys\check\SysChecker.java,9,20,31
Java,.\server\src\main\java\io\crate\expression\scalar\PiFunction.java,7,20,31
Java,.\server\src\main\java\io\crate\fdw\UserMappingAlreadyExists.java,9,20,31
Java,.\server\src\main\java\io\crate\metadata\pgcatalog\PgSettingsTable.java,8,20,31
Java,.\server\src\main\java\io\crate\planner\CreateSchemaPlan.java,7,20,31
Java,.\server\src\main\java\io\crate\planner\DropSchemaPlan.java,7,20,31
Java,.\server\src\main\java\io\crate\planner\node\ddl\DropRolePlan.java,7,20,31
Java,.\server\src\main\java\io\crate\planner\optimizer\rule\MoveFilterBeneathEval.java,9,21,31
Java,.\server\src\main\java\io\crate\planner\optimizer\rule\MoveLimitBeneathEval.java,8,20,31
Java,.\server\src\main\java\io\crate\planner\optimizer\rule\MoveLimitBeneathRename.java,8,20,31
Java,.\server\src\main\java\io\crate\protocols\ConnectionStats.java,7,20,31
Java,.\server\src\main\java\io\crate\replication\logical\plan\DropPublicationPlan.java,7,20,31
Java,.\server\src\main\java\io\crate\types\IntegerLiteralTypeSignature.java,11,20,31
Java,.\server\src\main\java\org\elasticsearch\action\ShardOperationFailedException.java,12,34,31
Java,.\server\src\main\java\org\elasticsearch\cluster\ClusterStateTaskConfig.java,10,52,31
Java,.\server\src\main\java\org\elasticsearch\cluster\coordination\ElectionStrategy.java,8,36,31
Java,.\server\src\main\java\org\elasticsearch\common\joda\FormatDateTimeFormatter.java,14,22,31
Java,.\server\src\main\java\org\elasticsearch\common\logging\NodeAndClusterIdConverter.java,10,38,31
Java,.\server\src\main\java\org\elasticsearch\common\logging\NodeNamePatternConverter.java,8,38,31
Java,.\server\src\main\java\org\elasticsearch\common\metrics\MeanMetric.java,10,18,31
Java,.\server\src\main\java\org\elasticsearch\common\recycler\NoneRecycler.java,12,18,31
Java,.\server\src\main\java\org\elasticsearch\common\util\concurrent\EsAbortPolicy.java,5,18,31
Java,.\server\src\main\java\org\elasticsearch\indices\IndicesQueryCache.java,8,21,31
Java,.\server\src\main\java\org\elasticsearch\indices\recovery\RecoveryTransportRequest.java,9,18,31
Java,.\server\src\main\java\org\elasticsearch\monitor\jvm\JvmService.java,13,18,31
Java,.\server\src\main\java\org\elasticsearch\transport\netty4\Netty4OutboundStatsHandler.java,9,19,31
Java,.\libs\dex\src\main\java\io\crate\data\Paging.java,10,45,30
Java,.\libs\guice\src\main\java\org\elasticsearch\common\inject\DeferredLookups.java,8,24,30
Java,.\libs\guice\src\main\java\org\elasticsearch\common\inject\ScopeBindingProcessor.java,10,23,30
Java,.\libs\guice\src\main\java\org\elasticsearch\common\inject\internal\MatcherAndConverter.java,10,18,30
Java,.\libs\sql-parser\src\main\java\io\crate\sql\tree\CreateBlobTable.java,8,20,30
Java,.\libs\sql-parser\src\main\java\io\crate\sql\tree\DropAnalyzer.java,10,20,30
Java,.\plugins\es-analysis-common\src\main\java\org\elasticsearch\analysis\common\FingerprintAnalyzer.java,5,19,30
Java,.\server\src\main\java\io\crate\analyze\AnalyzedCreateTableLike.java,11,20,30
Java,.\server\src\main\java\io\crate\analyze\AnalyzedDeclare.java,11,20,30
Java,.\server\src\main\java\io\crate\analyze\AnalyzedDecommissionNode.java,11,20,30
Java,.\server\src\main\java\io\crate\analyze\AnalyzedDeleteStatement.java,11,20,30
Java,.\server\src\main\java\io\crate\analyze\AnalyzedDropView.java,11,20,30
Java,.\server\src\main\java\io\crate\analyze\AnalyzedRerouteMoveShard.java,9,20,30
Java,.\server\src\main\java\io\crate\analyze\KillAnalyzer.java,6,20,30
Java,.\server\src\main\java\io\crate\cluster\decommission\DecommissionRequest.java,11,20,30
Java,.\server\src\main\java\io\crate\execution\ddl\index\SwapAndDropIndexRequest.java,10,23,30
Java,.\server\src\main\java\io\crate\execution\engine\join\RamBlockSizeCalculator.java,10,32,30
Java,.\server\src\main\java\io\crate\expression\udf\CreateUserDefinedFunctionRequest.java,10,20,30
Java,.\server\src\main\java\io\crate\metadata\settings\session\NamedSessionSetting.java,11,20,30
Java,.\server\src\main\java\io\crate\planner\node\ddl\DropRepositoryPlan.java,7,20,30
Java,.\server\src\main\java\io\crate\planner\optimizer\rule\MoveFilterBeneathOrder.java,8,44,30
Java,.\server\src\main\java\io\crate\protocols\http\Responses.java,6,20,30
Java,.\server\src\main\java\io\crate\replication\logical\action\DropPublicationRequest.java,10,20,30
Java,.\server\src\main\java\io\crate\replication\logical\action\DropSubscriptionRequest.java,10,20,30
Java,.\server\src\main\java\io\crate\replication\logical\exceptions\MissingShardOperationsException.java,9,20,30
Java,.\server\src\main\java\io\crate\role\DropRoleRequest.java,10,20,30
Java,.\server\src\main\java\org\elasticsearch\action\support\ChannelActionListener.java,7,18,30
Java,.\server\src\main\java\org\elasticsearch\cluster\coordination\InMemoryPersistedState.java,10,18,30
Java,.\server\src\main\java\org\elasticsearch\cluster\coordination\PublishRequest.java,12,22,30
Java,.\server\src\main\java\org\elasticsearch\cluster\routing\allocation\ExistingShardsAllocator.java,18,77,30
Java,.\server\src\main\java\org\elasticsearch\common\ValidationException.java,8,32,30
Java,.\server\src\main\java\org\elasticsearch\common\lucene\store\FilterIndexOutput.java,11,21,30
Java,.\server\src\main\java\org\elasticsearch\discovery\SettingsBasedSeedHostsProvider.java,12,27,30
Java,.\server\src\main\java\org\elasticsearch\index\shard\IndexShardState.java,9,19,30
Java,.\server\src\main\java\org\elasticsearch\search\profile\query\QueryProfileBreakdown.java,9,28,30
Java,.\server\src\main\java\org\elasticsearch\snapshots\SnapshotShardSizeInfo.java,9,18,30
Java,.\server\src\main\java\org\elasticsearch\transport\TransportRequest.java,11,27,30
Java,.\libs\guice\src\main\java\org\elasticsearch\common\inject\name\Names.java,9,33,29
Java,.\libs\opendal\src\main\java\io\crate\opendal\OpenDALFileOutput.java,10,24,29
Java,.\libs\sql-parser\src\main\java\io\crate\sql\parser\ParsingException.java,13,20,29
Java,.\libs\sql-parser\src\main\java\io\crate\sql\tree\ArithmeticExpression.java,8,20,29
Java,.\libs\sql-parser\src\main\java\io\crate\sql\tree\NotNullColumnConstraint.java,10,20,29
Java,.\libs\sql-parser\src\main\java\io\crate\sql\tree\NullColumnConstraint.java,9,20,29
Java,.\libs\sql-parser\src\main\java\io\crate\sql\tree\SetSessionAuthorizationStatement.java,9,27,29
Java,.\plugins\crate-copy-azure\src\main\java\io\crate\copy\azure\AzureCopyPlugin.java,11,20,29
Java,.\plugins\es-analysis-common\src\main\java\org\elasticsearch\analysis\common\PatternAnalyzerProvider.java,10,18,29
Java,.\server\src\main\java\io\crate\analyze\AnalyzedCreateForeignTable.java,7,20,29
Java,.\server\src\main\java\io\crate\analyze\AnalyzedKill.java,10,20,29
Java,.\server\src\main\java\io\crate\analyze\AnalyzedRefreshTable.java,9,20,29
Java,.\server\src\main\java\io\crate\analyze\SetStatementAnalyzer.java,6,20,29
Java,.\server\src\main\java\io\crate\execution\engine\collect\ValueAndInputRow.java,8,27,29
Java,.\server\src\main\java\io\crate\execution\engine\collect\stats\QueueSink.java,9,20,29
Java,.\server\src\main\java\io\crate\execution\engine\indexing\BulkShardCreationLimiter.java,8,24,29
Java,.\server\src\main\java\io\crate\execution\engine\profile\CollectProfileRequest.java,11,20,29
Java,.\server\src\main\java\io\crate\expression\reference\doc\lucene\SourceFieldVisitor.java,9,20,29
Java,.\server\src\main\java\io\crate\expression\scalar\systeminformation\PgGetSerialSequenceFunction.java,5,20,29
Java,.\server\src\main\java\io\crate\lucene\FunctionToQuery.java,9,58,29
Java,.\server\src\main\java\io\crate\lucene\WrappingCollectorManager.java,9,24,29
Java,.\server\src\main\java\io\crate\metadata\sys\SysJobsTableInfo.java,8,20,29
Java,.\server\src\main\java\io\crate\planner\node\dcl\GenericDCLPlan.java,7,20,29
Java,.\server\src\main\java\io\crate\planner\operators\PKAndVersion.java,10,20,29
Java,.\server\src\main\java\io\crate\planner\optimizer\rule\DeduplicateOrder.java,8,33,29
Java,.\server\src\main\java\org\elasticsearch\action\StepListener.java,11,49,29
Java,.\server\src\main\java\org\elasticsearch\action\admin\cluster\repositories\delete\DeleteRepositoryRequest.java,12,38,29
Java,.\server\src\main\java\org\elasticsearch\action\support\master\MasterNodeRequest.java,12,24,29
Java,.\server\src\main\java\org\elasticsearch\action\support\master\TransportMasterNodeReadAction.java,7,22,29
Java,.\server\src\main\java\org\elasticsearch\cluster\CompleteDiff.java,8,20,29
Java,.\server\src\main\java\org\elasticsearch\cluster\routing\PlainShardIterator.java,10,29,29
Java,.\server\src\main\java\org\elasticsearch\cluster\routing\allocation\RerouteExplanation.java,10,22,29
Java,.\server\src\main\java\org\elasticsearch\common\io\stream\OutputStreamStreamOutput.java,10,18,29
Java,.\server\src\main\java\org\elasticsearch\common\recycler\ConcurrentDequeRecycler.java,9,22,29
Java,.\server\src\main\java\org\elasticsearch\common\util\AbstractArray.java,10,18,29
Java,.\server\src\main\java\org\elasticsearch\common\util\concurrent\AbstractLifecycleRunnable.java,10,67,29
Java,.\server\src\main\java\org\elasticsearch\env\ShardLock.java,11,32,29
Java,.\server\src\main\java\org\elasticsearch\index\engine\ElasticsearchReaderManager.java,10,34,29
Java,.\server\src\main\java\org\elasticsearch\index\mapper\SequenceIDFields.java,8,24,29
Java,.\server\src\main\java\org\elasticsearch\indices\IndexTemplateMissingException.java,11,18,29
Java,.\server\src\main\java\org\elasticsearch\indices\recovery\BlobRecoveryStatus.java,13,20,29
Java,.\libs\dex\src\main\java\io\crate\data\ArrayRow.java,9,25,28
Java,.\libs\dex\src\main\java\io\crate\data\BiArrayRow.java,7,23,28
Java,.\libs\dex\src\main\java\io\crate\data\CollectionBucket.java,9,20,28
Java,.\libs\dex\src\main\java\io\crate\data\Row1.java,10,20,28
Java,.\libs\dex\src\main\java\io\crate\data\SkippingBatchIterator.java,7,20,28
Java,.\libs\dex\src\main\java\io\crate\data\join\AntiJoinNLBatchIterator.java,6,38,28
Java,.\libs\es-x-content\src\main\java\org\elasticsearch\common\xcontent\XContentFactory.java,9,40,28
Java,.\plugins\cr8-copy-s3\src\main\java\io\crate\copy\s3\common\S3Env.java,6,20,28
Java,.\plugins\es-analysis-common\src\main\java\org\elasticsearch\analysis\common\PatternReplaceTokenFilterFactory.java,8,18,28
Java,.\server\src\main\java\io\crate\analyze\Analysis.java,9,20,28
Java,.\server\src\main\java\io\crate\analyze\AnalyzedDropRole.java,11,20,28
Java,.\server\src\main\java\io\crate\analyze\DecommissionNodeAnalyzer.java,7,20,28
Java,.\server\src\main\java\io\crate\analyze\ResetStatementAnalyzer.java,8,20,28
Java,.\server\src\main\java\io\crate\analyze\relations\ExcludedFieldProvider.java,7,28,28
Java,.\server\src\main\java\io\crate\blob\StartBlobRequest.java,10,20,28
Java,.\server\src\main\java\io\crate\blob\transfer\PutBlobHeadChunkRequest.java,8,20,28
Java,.\server\src\main\java\io\crate\breaker\TypedCellsAccounting.java,8,36,28
Java,.\server\src\main\java\io\crate\exceptions\CrateExceptionVisitor.java,11,20,28
Java,.\server\src\main\java\io\crate\exceptions\DependentObjectsExists.java,9,20,28
Java,.\server\src\main\java\io\crate\exceptions\TaskMissing.java,11,20,28
Java,.\server\src\main\java\io\crate\expression\operator\Operator.java,6,24,28
Java,.\server\src\main\java\io\crate\expression\reference\file\SourceParsingFailureExpression.java,9,20,28
Java,.\server\src\main\java\io\crate\expression\reference\file\SourceUriFailureExpression.java,9,20,28
Java,.\server\src\main\java\io\crate\expression\reference\sys\SysRowUpdater.java,7,53,28
Java,.\server\src\main\java\io\crate\expression\symbol\DynamicReference.java,11,20,28
Java,.\server\src\main\java\io\crate\metadata\CreateSchemaRequest.java,10,20,28
Java,.\server\src\main\java\io\crate\metadata\TransactionContext.java,12,20,28
Java,.\server\src\main\java\io\crate\metadata\information\InformationKeyColumnUsageTableInfo.java,6,23,28
Java,.\server\src\main\java\io\crate\metadata\information\InformationSqlFeaturesTableInfo.java,7,20,28
Java,.\server\src\main\java\io\crate\metadata\pgcatalog\PgDatabaseTable.java,7,23,28
Java,.\server\src\main\java\io\crate\planner\optimizer\rule\RemoveOrderBeneathInsert.java,8,24,28
Java,.\server\src\main\java\io\crate\replication\logical\metadata\pgcatalog\PgSubscriptionTable.java,7,20,28
Java,.\server\src\main\java\io\crate\session\parser\SQLBulkArgsParseElement.java,7,20,28
Java,.\server\src\main\java\org\elasticsearch\cluster\routing\ShardRoutingState.java,7,39,28
Java,.\server\src\main\java\org\elasticsearch\common\geo\parsers\CoordinateNode.java,8,36,28
Java,.\server\src\main\java\org\elasticsearch\indices\recovery\BlobRecoveryDeleteRequest.java,8,20,28
Java,.\server\src\main\java\org\elasticsearch\indices\recovery\BlobStartPrefixSyncRequest.java,11,20,28
Java,.\server\src\main\java\org\elasticsearch\threadpool\ExecutorBuilder.java,13,38,28
Java,.\server\src\main\java\org\elasticsearch\threadpool\ScheduledCancellableAdapter.java,9,19,28
Java,.\server\src\main\java\org\elasticsearch\transport\Transports.java,9,24,28
Java,.\extensions\jmx-monitoring\src\main\java\io\crate\beans\ShardStats.java,12,20,27
Java,.\libs\sql-parser\src\main\java\io\crate\sql\parser\ExceptionErrorStrategy.java,8,20,27
Java,.\plugins\es-analysis-common\src\main\java\org\elasticsearch\analysis\common\NGramTokenFilterFactory.java,11,18,27
Java,.\plugins\es-analysis-common\src\main\java\org\elasticsearch\analysis\common\StandardHtmlStripAnalyzer.java,7,21,27
Java,.\server\src\main\java\io\crate\analyze\AlterRepositoryAnalyzer.java,8,20,27
Java,.\server\src\main\java\io\crate\analyze\RerouteAnalyzedStatement.java,9,20,27
Java,.\server\src\main\java\io\crate\execution\engine\InitializationTracker.java,9,34,27
Java,.\server\src\main\java\io\crate\execution\engine\collect\stats\NoopLogSink.java,11,20,27
Java,.\server\src\main\java\io\crate\expression\operator\all\AllNeqOperator.java,9,20,27
Java,.\server\src\main\java\io\crate\expression\reference\doc\lucene\FetchIdCollectorExpression.java,9,20,27
Java,.\server\src\main\java\io\crate\expression\reference\sys\shard\ShardSegment.java,11,20,27
Java,.\server\src\main\java\io\crate\expression\scalar\string\LengthFunction.java,7,20,27
Java,.\server\src\main\java\io\crate\expression\scalar\string\ReplaceFunction.java,7,20,27
Java,.\server\src\main\java\io\crate\expression\scalar\string\ReverseFunction.java,5,20,27
Java,.\server\src\main\java\io\crate\fdw\FdwAnalyzer.java,5,20,27
Java,.\server\src\main\java\io\crate\fdw\ServerAlreadyExistsException.java,9,20,27
Java,.\server\src\main\java\io\crate\metadata\information\InformationTableConstraintsTableInfo.java,6,20,27
Java,.\server\src\main\java\io\crate\metadata\information\InformationViewsTableInfo.java,7,20,27
Java,.\server\src\main\java\io\crate\metadata\sys\SysOperationsTableInfo.java,8,20,27
Java,.\server\src\main\java\io\crate\metadata\table\SchemaInfo.java,13,23,27
Java,.\server\src\main\java\io\crate\planner\ClosePlan.java,8,20,27
Java,.\server\src\main\java\io\crate\planner\operators\EnsureNoMatchPredicate.java,8,20,27
Java,.\server\src\main\java\io\crate\planner\optimizer\matcher\WithPattern.java,7,20,27
Java,.\server\src\main\java\io\crate\protocols\postgres\FormatCodes.java,9,39,27
Java,.\server\src\main\java\io\crate\replication\logical\analyze\AnalyzedAlterSubscription.java,10,20,27
Java,.\server\src\main\java\io\crate\server\xcontent\XContentParserUtils.java,11,33,27
Java,.\server\src\main\java\org\elasticsearch\action\ActionType.java,10,30,27
Java,.\server\src\main\java\org\elasticsearch\action\admin\indices\stats\IndexShardStats.java,8,18,27
Java,.\server\src\main\java\org\elasticsearch\cluster\NamedDiffableValueSerializer.java,10,21,27
Java,.\server\src\main\java\org\elasticsearch\cluster\metadata\AliasValidator.java,9,34,27
Java,.\server\src\main\java\org\elasticsearch\cluster\routing\PlainShardsIterator.java,9,25,27
Java,.\server\src\main\java\org\elasticsearch\common\hash\MessageDigests.java,8,39,27
Java,.\server\src\main\java\org\elasticsearch\common\io\stream\NamedWriteableAwareStreamInput.java,7,21,27
Java,.\server\src\main\java\org\elasticsearch\common\lucene\LoggerInfoStream.java,13,22,27
Java,.\server\src\main\java\org\elasticsearch\index\shard\ShardUtils.java,9,26,27
Java,.\server\src\main\java\org\elasticsearch\indices\InvalidRelationName.java,10,18,27
Java,.\server\src\main\java\org\elasticsearch\indices\recovery\BlobRecoveryTransferStatus.java,9,20,27
Java,.\server\src\main\java\org\elasticsearch\monitor\jvm\GcNames.java,5,21,27
Java,.\server\src\main\java\org\elasticsearch\plugins\ClusterPlugin.java,9,53,27
Java,.\server\src\main\java\org\elasticsearch\plugins\DiscoveryPlugin.java,8,63,27
Java,.\server\src\main\java\org\elasticsearch\repositories\RepositoryException.java,9,26,27
Java,.\libs\dex\src\main\java\io\crate\data\CollectingRowConsumer.java,7,20,26
Java,.\libs\sql-parser\src\main\java\io\crate\sql\tree\BitwiseExpression.java,8,20,26
Java,.\libs\sql-parser\src\main\java\io\crate\sql\tree\MatchPredicateColumnIdent.java,7,20,26
Java,.\plugins\cr8-copy-s3\src\main\java\io\crate\copy\s3\S3FileOutputFactory.java,8,20,26
Java,.\plugins\es-analysis-common\src\main\java\org\elasticsearch\analysis\common\AbstractCompoundWordTokenFilterFactory.java,6,21,26
Java,.\plugins\es-analysis-common\src\main\java\org\elasticsearch\analysis\common\PatternTokenizerFactory.java,9,18,26
Java,.\server\src\main\java\io\crate\analyze\AnalyzedClose.java,11,23,26
Java,.\server\src\main\java\io\crate\analyze\AnalyzedDeallocate.java,12,20,26
Java,.\server\src\main\java\io\crate\analyze\AnalyzedRole.java,11,20,26
Java,.\server\src\main\java\io\crate\blob\transfer\BlobTransportRequest.java,8,20,26
Java,.\server\src\main\java\io\crate\execution\engine\pipeline\MapRowUsingInputs.java,7,36,26
Java,.\server\src\main\java\io\crate\execution\engine\pipeline\TopNDistinctProjector.java,7,20,26
Java,.\server\src\main\java\io\crate\execution\support\NodeRequest.java,10,24,26
Java,.\server\src\main\java\io\crate\expression\reference\doc\lucene\ScoreCollectorExpression.java,8,20,26
Java,.\server\src\main\java\io\crate\expression\reference\file\FileLineReferenceResolver.java,7,22,26
Java,.\server\src\main\java\io\crate\expression\reference\file\SourceLineNumberExpression.java,8,20,26
Java,.\server\src\main\java\io\crate\expression\reference\file\SourceUriExpression.java,8,20,26
Java,.\server\src\main\java\io\crate\expression\scalar\object\ObjectKeysFunction.java,5,20,26
Java,.\server\src\main\java\io\crate\expression\scalar\string\AsciiFunction.java,5,20,26
Java,.\server\src\main\java\io\crate\metadata\PartitionInfo.java,6,20,26
Java,.\server\src\main\java\io\crate\metadata\PartitionReferenceResolver.java,8,20,26
Java,.\server\src\main\java\io\crate\metadata\information\InformationConstraintColumnUsageTableInfo.java,6,23,26
Java,.\server\src\main\java\io\crate\metadata\pgcatalog\PgLocksTable.java,6,20,26
Java,.\server\src\main\java\io\crate\protocols\postgres\KeyData.java,9,20,26
Java,.\server\src\main\java\io\crate\replication\logical\analyze\AnalyzedDropPublication.java,10,20,26
Java,.\server\src\main\java\io\crate\replication\logical\metadata\pgcatalog\PgPublicationTable.java,8,20,26
Java,.\server\src\main\java\io\crate\replication\logical\repository\RemoteClusterRepositoryFileChunk.java,9,20,26
Java,.\server\src\main\java\io\crate\statistics\FetchSampleResponse.java,11,20,26
Java,.\server\src\main\java\org\elasticsearch\action\support\master\MasterNodeReadRequest.java,10,26,26
Java,.\server\src\main\java\org\elasticsearch\cluster\routing\IllegalShardRoutingStateException.java,10,25,26
Java,.\server\src\main\java\org\elasticsearch\common\lucene\store\IndexOutputOutputStream.java,10,21,26
Java,.\server\src\main\java\org\elasticsearch\common\unit\MemorySizeValue.java,7,22,26
Java,.\server\src\main\java\org\elasticsearch\index\analysis\TokenFilterFactory.java,9,35,26
Java,.\server\src\main\java\org\elasticsearch\indices\recovery\BlobStartPrefixResponse.java,8,20,26
Java,.\server\src\main\java\org\elasticsearch\monitor\process\ProcessService.java,10,18,26
Java,.\server\src\main\java\org\elasticsearch\plugins\RepositoryPlugin.java,7,38,26
Java,.\libs\guice\src\main\java\org\elasticsearch\common\inject\PrivateElementProcessor.java,8,20,25
Java,.\libs\sql-parser\src\main\java\io\crate\sql\tree\CopyTo.java,5,20,25
Java,.\libs\sql-parser\src\main\java\io\crate\sql\tree\DenyPrivilege.java,8,20,25
Java,.\libs\sql-parser\src\main\java\io\crate\sql\tree\Explain.java,8,22,25
Java,.\libs\sql-parser\src\main\java\io\crate\sql\tree\GrantPrivilege.java,9,20,25
Java,.\libs\sql-parser\src\main\java\io\crate\sql\tree\RevokePrivilege.java,8,20,25
Java,.\plugins\es-analysis-common\src\main\java\org\elasticsearch\analysis\common\ElisionTokenFilterFactory.java,7,18,25
Java,.\plugins\es-analysis-common\src\main\java\org\elasticsearch\analysis\common\HtmlStripCharFilterFactory.java,6,18,25
Java,.\plugins\es-analysis-common\src\main\java\org\elasticsearch\analysis\common\TrimTokenFilterFactory.java,7,18,25
Java,.\server\src\main\java\io\crate\analyze\AnalyzedAlterTableDropCheckConstraint.java,10,20,25
Java,.\server\src\main\java\io\crate\analyze\AnalyzedResetStatement.java,10,20,25
Java,.\server\src\main\java\io\crate\analyze\AnalyzedSetTransaction.java,10,20,25
Java,.\server\src\main\java\io\crate\auth\TrustAuthenticationMethod.java,8,20,25
Java,.\server\src\main\java\io\crate\exceptions\DuplicateKeyException.java,10,20,25
Java,.\server\src\main\java\io\crate\execution\engine\aggregation\statistics\NumericStandardDeviationSamp.java,8,20,25
Java,.\server\src\main\java\io\crate\execution\engine\distribution\DistributedResultResponse.java,10,20,25
Java,.\server\src\main\java\io\crate\expression\InputRow.java,9,20,25
Java,.\server\src\main\java\io\crate\expression\reference\partitioned\PartitionExpression.java,8,20,25
Java,.\server\src\main\java\io\crate\expression\scalar\DoubleScalar.java,7,26,25
Java,.\server\src\main\java\io\crate\metadata\CoordinatorTxnCtx.java,9,30,25
Java,.\server\src\main\java\io\crate\metadata\information\InformationReferentialConstraintsTableInfo.java,6,20,25
Java,.\server\src\main\java\io\crate\planner\AnalyzePlan.java,8,20,25
Java,.\server\src\main\java\io\crate\planner\CorrelatedSubQueries.java,6,25,25
Java,.\server\src\main\java\io\crate\planner\FetchPlan.java,7,20,25
Java,.\server\src\main\java\io\crate\planner\optimizer\iterative\GroupReferenceResolver.java,8,23,25
Java,.\server\src\main\java\io\crate\planner\optimizer\tracer\OptimizerTracer.java,12,20,25
Java,.\server\src\main\java\io\crate\session\parser\SQLRequestParseContext.java,10,23,25
Java,.\server\src\main\java\org\elasticsearch\action\NoShardAvailableActionException.java,10,18,25
Java,.\server\src\main\java\org\elasticsearch\cluster\coordination\ApplyCommitRequest.java,8,23,25
Java,.\server\src\main\java\org\elasticsearch\common\blobstore\BlobContainer.java,14,124,25
Java,.\server\src\main\java\org\elasticsearch\common\io\DiskIoBufferPool.java,8,18,25
Java,.\server\src\main\java\org\elasticsearch\env\ShardLockObtainFailedException.java,8,21,25
Java,.\server\src\main\java\org\elasticsearch\index\engine\DocumentMissingException.java,9,20,25
Java,.\server\src\main\java\org\elasticsearch\index\translog\TranslogCorruptedException.java,8,18,25
Java,.\server\src\main\java\org\elasticsearch\indices\analysis\PreBuiltTokenizers.java,10,18,25
Java,.\server\src\main\java\org\elasticsearch\indices\breaker\CircuitBreakerService.java,12,30,25
Java,.\server\src\main\java\org\elasticsearch\indices\recovery\RecoveryFailedException.java,9,18,25
Java,.\server\src\main\java\org\elasticsearch\rest\RestUtils.java,7,30,25
Java,.\server\src\main\java\org\elasticsearch\transport\EmptyTransportResponseHandler.java,11,18,25
Java,.\server\src\main\java\org\elasticsearch\transport\NotSerializableTransportException.java,8,18,25
Java,.\libs\dex\src\main\java\io\crate\data\Buckets.java,8,20,24
Java,.\libs\dex\src\main\java\io\crate\data\UnsafeArrayRow.java,8,27,24
Java,.\libs\guice\src\main\java\org\elasticsearch\common\inject\ConstantFactory.java,7,18,24
Java,.\libs\guice\src\main\java\org\elasticsearch\common\inject\internal\InternalContext.java,8,21,24
Java,.\libs\guice\src\main\java\org\elasticsearch\common\inject\spi\DefaultBindingScopingVisitor.java,9,27,24
Java,.\libs\sql-parser\src\main\java\io\crate\sql\tree\CreateFunction.java,5,20,24
Java,.\libs\sql-parser\src\main\java\io\crate\sql\tree\OptimizeStatement.java,7,20,24
Java,.\plugins\es-analysis-common\src\main\java\org\elasticsearch\analysis\common\FingerprintTokenFilterFactory.java,8,18,24
Java,.\plugins\es-analysis-common\src\main\java\org\elasticsearch\analysis\common\LengthTokenFilterFactory.java,7,19,24
Java,.\server\src\main\java\io\crate\analyze\AnalyzedDiscard.java,10,20,24
Java,.\server\src\main\java\io\crate\analyze\AnalyzedDropSnapshot.java,10,20,24
Java,.\server\src\main\java\io\crate\analyze\DeallocateAnalyzer.java,5,20,24
Java,.\server\src\main\java\io\crate\analyze\OptimizeTableSettings.java,10,20,24
Java,.\server\src\main\java\io\crate\analyze\relations\FieldProvider.java,8,20,24
Java,.\server\src\main\java\io\crate\execution\engine\aggregation\AggregationContext.java,9,20,24
Java,.\server\src\main\java\io\crate\execution\engine\pipeline\InputRowProjector.java,8,23,24
Java,.\server\src\main\java\io\crate\expression\ExpressionsInput.java,8,23,24
Java,.\server\src\main\java\io\crate\expression\reference\doc\lucene\RawCollectorExpression.java,9,20,24
Java,.\server\src\main\java\io\crate\expression\reference\sys\check\node\FloodStageDiskWatermarkNodesSysCheck.java,6,20,24
Java,.\server\src\main\java\io\crate\expression\symbol\VoidReference.java,9,24,24
Java,.\server\src\main\java\io\crate\jfr\StmtEvent.java,7,20,24
Java,.\server\src\main\java\io\crate\metadata\IndexParts.java,9,24,24
Java,.\server\src\main\java\io\crate\metadata\MapBackedRefResolver.java,8,20,24
Java,.\server\src\main\java\io\crate\metadata\PartitionInfos.java,8,20,24
Java,.\server\src\main\java\io\crate\planner\node\fetch\FetchSource.java,10,20,24
Java,.\server\src\main\java\io\crate\planner\optimizer\rule\RemoveRedundantEval.java,8,23,24
Java,.\server\src\main\java\io\crate\role\WriteRoleResponse.java,9,20,24
Java,.\server\src\main\java\org\elasticsearch\action\FailedNodeException.java,9,18,24
Java,.\server\src\main\java\org\elasticsearch\action\admin\indices\shrink\ResizeResponse.java,7,23,24
Java,.\server\src\main\java\org\elasticsearch\cluster\MasterNodeChangePredicate.java,7,22,24
Java,.\server\src\main\java\org\elasticsearch\cluster\ack\ClusterStateUpdateRequest.java,8,35,24
Java,.\server\src\main\java\org\elasticsearch\cluster\coordination\ValidateJoinRequest.java,9,18,24
Java,.\server\src\main\java\org\elasticsearch\index\engine\RecoveryEngineException.java,9,18,24
Java,.\server\src\main\java\org\elasticsearch\indices\recovery\BlobStartRecoveryRequest.java,9,20,24
Java,.\extensions\lang-js\src\main\java\io\crate\module\JavaScriptLanguageModule.java,10,20,23
Java,.\libs\dex\src\main\java\io\crate\data\FilteringBatchIterator.java,7,20,23
Java,.\libs\guice\src\main\java\org\elasticsearch\common\inject\internal\ToStringBuilder.java,9,21,23
Java,.\libs\pgwire\src\main\java\io\crate\protocols\postgres\parser\PgArrayParsingException.java,11,20,23
Java,.\libs\sql-parser\src\main\java\io\crate\sql\tree\EmptyStatement.java,8,20,23
Java,.\libs\sql-parser\src\main\java\io\crate\sql\tree\FunctionCall.java,8,20,23
Java,.\libs\sql-parser\src\main\java\io\crate\sql\tree\Query.java,5,20,23
Java,.\plugins\crate-copy-azure\src\main\java\io\crate\copy\azure\AzureFileOutputFactory.java,8,20,23
Java,.\plugins\es-analysis-common\src\main\java\org\elasticsearch\analysis\common\DutchStemTokenFilterFactory.java,6,18,23
Java,.\plugins\es-analysis-common\src\main\java\org\elasticsearch\analysis\common\FrenchStemTokenFilterFactory.java,6,18,23
Java,.\plugins\repository-gcs\src\main\java\io\crate\gcs\GCSClientSettings.java,14,26,23
Java,.\server\src\main\java\io\crate\analyze\AnalyzedAlterServer.java,7,20,23
Java,.\server\src\main\java\io\crate\concurrent\CountDown.java,9,35,23
Java,.\server\src\main\java\io\crate\execution\ddl\views\DropViewResponse.java,10,20,23
Java,.\server\src\main\java\io\crate\execution\dsl\phases\NodeOperationGrouper.java,5,20,23
Java,.\server\src\main\java\io\crate\execution\dsl\phases\NodeOperationTree.java,9,46,23
Java,.\server\src\main\java\io\crate\execution\jobs\kill\KillAllRequest.java,9,20,23
Java,.\server\src\main\java\io\crate\expression\reference\sys\check\SysCheck.java,13,44,23
Java,.\server\src\main\java\io\crate\expression\reference\sys\check\node\HighDiskWatermarkNodesSysCheck.java,6,20,23
Java,.\server\src\main\java\io\crate\expression\reference\sys\check\node\LowDiskWatermarkNodesSysCheck.java,6,20,23
Java,.\server\src\main\java\io\crate\lucene\match\RegexTermsEnum.java,7,28,23
Java,.\server\src\main\java\io\crate\metadata\sys\SysSummitsTableInfo.java,6,20,23
Java,.\server\src\main\java\io\crate\planner\GCDanglingArtifactsPlan.java,5,20,23
Java,.\server\src\main\java\io\crate\planner\optimizer\matcher\Pattern.java,10,20,23
Java,.\server\src\main\java\io\crate\planner\optimizer\matcher\WithPropertyPattern.java,7,20,23
Java,.\server\src\main\java\io\crate\role\RoleManager.java,9,63,23
Java,.\server\src\main\java\io\crate\types\TypeSignatureParsingException.java,11,20,23
Java,.\server\src\main\java\org\elasticsearch\action\admin\indices\delete\DeleteIndexRequest.java,9,22,23
Java,.\server\src\main\java\org\elasticsearch\action\support\nodes\BaseNodeResponse.java,9,24,23
Java,.\server\src\main\java\org\elasticsearch\cluster\coordination\NodeToolCli.java,6,25,23
Java,.\server\src\main\java\org\elasticsearch\common\geo\builders\PointBuilder.java,7,21,23
Java,.\server\src\main\java\org\elasticsearch\common\rounding\DateTimeUnit.java,8,21,23
Java,.\server\src\main\java\org\elasticsearch\index\analysis\AbstractIndexAnalyzerProvider.java,8,27,23
Java,.\server\src\main\java\org\elasticsearch\indices\recovery\BlobRecoveryRequest.java,9,20,23
Java,.\server\src\main\java\org\elasticsearch\transport\ActionNotFoundTransportException.java,9,23,23
Java,.\extensions\functions\src\main\java\io\crate\module\ExtraFunctions.java,5,20,22
Java,.\extensions\jmx-monitoring\src\main\java\io\crate\beans\ConnectionsMBean.java,20,23,22
Java,.\extensions\lang-js\src\main\java\io\crate\plugin\JavaScriptLanguagePlugin.java,9,20,22
Java,.\libs\dex\src\main\java\io\crate\data\breaker\RamAccounting.java,11,35,22
Java,.\libs\es-x-content\src\main\java\org\elasticsearch\common\xcontent\XContent.java,13,59,22
Java,.\libs\guice\src\main\java\org\elasticsearch\common\inject\Guice.java,8,68,22
Java,.\libs\guice\src\main\java\org\elasticsearch\common\inject\ModulesBuilder.java,7,20,22
Java,.\libs\shared\src\main\java\io\crate\common\collections\EnumSets.java,5,26,22
Java,.\libs\sql-parser\src\main\java\io\crate\sql\tree\CopyFrom.java,5,20,22
Java,.\libs\sql-parser\src\main\java\io\crate\sql\tree\CreateAnalyzer.java,7,20,22
Java,.\libs\sql-parser\src\main\java\io\crate\sql\tree\CreateSnapshot.java,6,20,22
Java,.\libs\sql-parser\src\main\java\io\crate\sql\tree\GCDanglingArtifacts.java,8,20,22
Java,.\libs\sql-parser\src\main\java\io\crate\sql\tree\MatchPredicate.java,8,20,22
Java,.\plugins\es-analysis-common\src\main\java\org\elasticsearch\analysis\common\ArabicAnalyzerProvider.java,6,18,22
Java,.\plugins\es-analysis-common\src\main\java\org\elasticsearch\analysis\common\ArmenianAnalyzerProvider.java,6,18,22
Java,.\plugins\es-analysis-common\src\main\java\org\elasticsearch\analysis\common\BasqueAnalyzerProvider.java,6,18,22
Java,.\plugins\es-analysis-common\src\main\java\org\elasticsearch\analysis\common\BengaliAnalyzerProvider.java,6,18,22
Java,.\plugins\es-analysis-common\src\main\java\org\elasticsearch\analysis\common\BrazilianAnalyzerProvider.java,6,18,22
Java,.\plugins\es-analysis-common\src\main\java\org\elasticsearch\analysis\common\BulgarianAnalyzerProvider.java,6,18,22
Java,.\plugins\es-analysis-common\src\main\java\org\elasticsearch\analysis\common\CatalanAnalyzerProvider.java,6,18,22
Java,.\plugins\es-analysis-common\src\main\java\org\elasticsearch\analysis\common\CzechAnalyzerProvider.java,6,18,22
Java,.\plugins\es-analysis-common\src\main\java\org\elasticsearch\analysis\common\DanishAnalyzerProvider.java,6,18,22
Java,.\plugins\es-analysis-common\src\main\java\org\elasticsearch\analysis\common\DutchAnalyzerProvider.java,6,18,22
Java,.\plugins\es-analysis-common\src\main\java\org\elasticsearch\analysis\common\EnglishAnalyzerProvider.java,6,18,22
Java,.\plugins\es-analysis-common\src\main\java\org\elasticsearch\analysis\common\FinnishAnalyzerProvider.java,6,18,22
Java,.\plugins\es-analysis-common\src\main\java\org\elasticsearch\analysis\common\FrenchAnalyzerProvider.java,6,18,22
Java,.\plugins\es-analysis-common\src\main\java\org\elasticsearch\analysis\common\GalicianAnalyzerProvider.java,6,18,22
Java,.\plugins\es-analysis-common\src\main\java\org\elasticsearch\analysis\common\GermanAnalyzerProvider.java,6,18,22
Java,.\plugins\es-analysis-common\src\main\java\org\elasticsearch\analysis\common\HindiAnalyzerProvider.java,6,18,22
Java,.\plugins\es-analysis-common\src\main\java\org\elasticsearch\analysis\common\HungarianAnalyzerProvider.java,6,18,22
Java,.\plugins\es-analysis-common\src\main\java\org\elasticsearch\analysis\common\IndonesianAnalyzerProvider.java,6,18,22
Java,.\plugins\es-analysis-common\src\main\java\org\elasticsearch\analysis\common\IrishAnalyzerProvider.java,6,21,22
Java,.\plugins\es-analysis-common\src\main\java\org\elasticsearch\analysis\common\ItalianAnalyzerProvider.java,6,18,22
Java,.\plugins\es-analysis-common\src\main\java\org\elasticsearch\analysis\common\LatvianAnalyzerProvider.java,6,18,22
Java,.\plugins\es-analysis-common\src\main\java\org\elasticsearch\analysis\common\LimitTokenCountFilterFactory.java,7,18,22
Java,.\plugins\es-analysis-common\src\main\java\org\elasticsearch\analysis\common\LithuanianAnalyzerProvider.java,6,21,22
Java,.\plugins\es-analysis-common\src\main\java\org\elasticsearch\analysis\common\NorwegianAnalyzerProvider.java,6,18,22
Java,.\plugins\es-analysis-common\src\main\java\org\elasticsearch\analysis\common\PortugueseAnalyzerProvider.java,6,18,22
Java,.\plugins\es-analysis-common\src\main\java\org\elasticsearch\analysis\common\RomanianAnalyzerProvider.java,6,18,22
Java,.\plugins\es-analysis-common\src\main\java\org\elasticsearch\analysis\common\RussianAnalyzerProvider.java,6,18,22
Java,.\plugins\es-analysis-common\src\main\java\org\elasticsearch\analysis\common\SoraniAnalyzerProvider.java,6,21,22
Java,.\plugins\es-analysis-common\src\main\java\org\elasticsearch\analysis\common\SpanishAnalyzerProvider.java,6,18,22
Java,.\plugins\es-analysis-common\src\main\java\org\elasticsearch\analysis\common\SwedishAnalyzerProvider.java,6,18,22
Java,.\plugins\es-analysis-common\src\main\java\org\elasticsearch\analysis\common\TurkishAnalyzerProvider.java,6,18,22
Java,.\plugins\es-discovery-ec2\src\main\java\org\elasticsearch\discovery\ec2\AmazonEc2Reference.java,10,29,22
Java,.\server\src\main\java\io\crate\analyze\AnalyzedAlterTableAlterColumnDefault.java,7,20,22
Java,.\server\src\main\java\io\crate\analyze\AnalyzedCreateServer.java,7,20,22
Java,.\server\src\main\java\io\crate\analyze\AnalyzedCreateUserMapping.java,7,20,22
Java,.\server\src\main\java\io\crate\analyze\AnalyzedRerouteAllocateReplicaShard.java,8,20,22
Java,.\server\src\main\java\io\crate\analyze\AnalyzedRerouteCancelShard.java,8,20,22
Java,.\server\src\main\java\io\crate\auth\LoadedRSAKeyProvider.java,10,20,22
Java,.\server\src\main\java\io\crate\blob\transfer\BlobTransferInfoResponse.java,8,20,22
Java,.\server\src\main\java\io\crate\exceptions\PartitionUnknownException.java,9,20,22
Java,.\server\src\main\java\io\crate\exceptions\RoleAlreadyExistsException.java,10,20,22
Java,.\server\src\main\java\io\crate\execution\engine\collect\stats\NodeStatsResponse.java,9,20,22
Java,.\server\src\main\java\io\crate\execution\engine\pipeline\OffsetProjector.java,7,20,22
Java,.\server\src\main\java\io\crate\execution\engine\profile\NodeCollectProfileResponse.java,9,20,22
Java,.\server\src\main\java\io\crate\memory\OffHeapMemoryManager.java,8,20,22
Java,.\server\src\main\java\io\crate\metadata\IndexType.java,7,20,22
Java,.\server\src\main\java\io\crate\metadata\pgcatalog\PgAuthMembersTable.java,7,20,22
Java,.\server\src\main\java\io\crate\metadata\sys\SysRepositoriesTableInfo.java,8,20,22
Java,.\server\src\main\java\io\crate\metadata\sys\TableColumn.java,7,31,22
Java,.\server\src\main\java\io\crate\metadata\tablefunctions\TableFunctionImplementation.java,7,83,22
Java,.\server\src\main\java\io\crate\planner\NoopPlan.java,8,23,22
Java,.\server\src\main\java\io\crate\planner\ResultDescription.java,14,66,22
Java,.\server\src\main\java\io\crate\role\Subject.java,6,24,22
Java,.\server\src\main\java\io\crate\statistics\ColumnStatsEntry.java,8,20,22
Java,.\server\src\main\java\org\elasticsearch\action\support\TransportAction.java,9,18,22
Java,.\server\src\main\java\org\elasticsearch\cluster\routing\allocation\decider\ReplicaAfterPrimaryActiveAllocationDecider.java,6,21,22
Java,.\server\src\main\java\org\elasticsearch\common\geo\parsers\ShapeParser.java,5,31,22
Java,.\server\src\main\java\org\elasticsearch\common\lucene\index\SequentialStoredFieldsLeafReader.java,6,34,22
Java,.\server\src\main\java\org\elasticsearch\common\util\concurrent\RejectableRunnable.java,8,40,22
Java,.\server\src\main\java\org\elasticsearch\index\IndexNotFoundException.java,7,21,22
Java,.\server\src\main\java\org\elasticsearch\index\mapper\MapperParsingException.java,10,18,22
Java,.\server\src\main\java\org\elasticsearch\index\shard\AbstractIndexShardComponent.java,7,18,22
Java,.\server\src\main\java\org\elasticsearch\index\shard\ShardNotFoundException.java,8,18,22
Java,.\server\src\main\java\org\elasticsearch\index\translog\TragicExceptionHolder.java,7,23,22
Java,.\server\src\main\java\org\elasticsearch\indices\InvalidAliasNameException.java,9,18,22
Java,.\server\src\main\java\org\elasticsearch\repositories\VerificationFailure.java,8,18,22
Java,.\libs\es-x-content\src\main\java\org\elasticsearch\common\xcontent\smile\SmileXContentGenerator.java,9,19,21
Java,.\libs\es-x-content\src\main\java\org\elasticsearch\common\xcontent\yaml\YamlXContentGenerator.java,9,19,21
Java,.\libs\guice\src\main\java\org\elasticsearch\common\inject\CreationException.java,7,27,21
Java,.\libs\guice\src\main\java\org\elasticsearch\common\inject\internal\StackTraceElements.java,9,20,21
Java,.\libs\shared\src\main\java\io\crate\common\MutableObject.java,9,20,21
Java,.\libs\sql-parser\src\main\java\io\crate\sql\tree\CurrentTime.java,8,20,21
Java,.\libs\sql-parser\src\main\java\io\crate\sql\tree\NegativeExpression.java,6,24,21
Java,.\libs\sql-parser\src\main\java\io\crate\sql\tree\ShowColumns.java,6,20,21
Java,.\libs\sql-parser\src\main\java\io\crate\sql\tree\Update.java,5,20,21
Java,.\plugins\es-analysis-common\src\main\java\org\elasticsearch\analysis\common\ArabicNormalizationFilterFactory.java,6,18,21
Java,.\plugins\es-analysis-common\src\main\java\org\elasticsearch\analysis\common\BengaliNormalizationFilterFactory.java,6,21,21
Java,.\plugins\es-analysis-common\src\main\java\org\elasticsearch\analysis\common\BrazilianStemTokenFilterFactory.java,6,18,21
Java,.\plugins\es-analysis-common\src\main\java\org\elasticsearch\analysis\common\CJKWidthFilterFactory.java,7,18,21
Java,.\plugins\es-analysis-common\src\main\java\org\elasticsearch\analysis\common\CjkAnalyzerProvider.java,7,18,21
Java,.\plugins\es-analysis-common\src\main\java\org\elasticsearch\analysis\common\ClassicTokenizerFactory.java,6,21,21
Java,.\plugins\es-analysis-common\src\main\java\org\elasticsearch\analysis\common\DecimalDigitFilterFactory.java,6,21,21
Java,.\plugins\es-analysis-common\src\main\java\org\elasticsearch\analysis\common\GermanNormalizationFilterFactory.java,6,21,21
Java,.\plugins\es-analysis-common\src\main\java\org\elasticsearch\analysis\common\GermanStemTokenFilterFactory.java,6,18,21
Java,.\plugins\es-analysis-common\src\main\java\org\elasticsearch\analysis\common\HindiNormalizationFilterFactory.java,6,21,21
Java,.\plugins\es-analysis-common\src\main\java\org\elasticsearch\analysis\common\IndicNormalizationFilterFactory.java,6,21,21
Java,.\plugins\es-analysis-common\src\main\java\org\elasticsearch\analysis\common\LowerCaseTokenizerFactory.java,6,21,21
Java,.\plugins\es-analysis-common\src\main\java\org\elasticsearch\analysis\common\PersianNormalizationFilterFactory.java,6,18,21
Java,.\plugins\es-analysis-common\src\main\java\org\elasticsearch\analysis\common\ScandinavianFoldingFilterFactory.java,6,21,21
Java,.\plugins\es-analysis-common\src\main\java\org\elasticsearch\analysis\common\ScandinavianNormalizationFilterFactory.java,6,21,21
Java,.\plugins\es-analysis-common\src\main\java\org\elasticsearch\analysis\common\SerbianNormalizationFilterFactory.java,6,18,21
Java,.\plugins\es-analysis-common\src\main\java\org\elasticsearch\analysis\common\SoraniNormalizationFilterFactory.java,7,21,21
Java,.\plugins\es-analysis-common\src\main\java\org\elasticsearch\analysis\common\TruncateTokenFilterFactory.java,6,18,21
Java,.\plugins\es-analysis-common\src\main\java\org\elasticsearch\analysis\common\UAX29URLEmailTokenizerFactory.java,6,18,21
Java,.\plugins\es-analysis-common\src\main\java\org\elasticsearch\analysis\common\UpperCaseTokenFilterFactory.java,8,18,21
Java,.\plugins\es-analysis-common\src\main\java\org\elasticsearch\analysis\common\WhitespaceTokenizerFactory.java,6,18,21
Java,.\server\src\main\java\io\crate\analyze\AnalyzedDropForeignTable.java,7,20,21
Java,.\server\src\main\java\io\crate\analyze\CreateTableStatementAnalyzer.java,7,20,21
Java,.\server\src\main\java\io\crate\analyze\DropSnapshotAnalyzer.java,9,20,21
Java,.\server\src\main\java\io\crate\blob\transfer\GetBlobHeadRequest.java,8,20,21
Java,.\server\src\main\java\io\crate\execution\ddl\tables\CreateTableResponse.java,9,20,21
Java,.\server\src\main\java\io\crate\execution\ddl\views\CreateViewResponse.java,9,20,21
Java,.\server\src\main\java\io\crate\execution\dml\ArrayOfObjectIndexer.java,8,28,21
Java,.\server\src\main\java\io\crate\execution\engine\aggregation\DocValueAggregator.java,10,23,21
Java,.\server\src\main\java\io\crate\execution\engine\distribution\merge\KeyIterable.java,8,20,21
Java,.\server\src\main\java\io\crate\execution\engine\indexing\RowSourceInfo.java,8,20,21
Java,.\server\src\main\java\io\crate\expression\reference\GatheringRefResolver.java,7,20,21
Java,.\server\src\main\java\io\crate\expression\reference\file\ColumnExtractingLineExpression.java,7,20,21
Java,.\server\src\main\java\io\crate\metadata\cluster\DDLClusterStateTaskExecutor.java,7,20,21
Java,.\server\src\main\java\io\crate\metadata\information\InformationSchemaViewColumnUsage.java,7,20,21
Java,.\server\src\main\java\io\crate\metadata\pgcatalog\PgTablesTable.java,7,20,21
Java,.\server\src\main\java\io\crate\metadata\sys\SysOperationsLogTableInfo.java,6,20,21
Java,.\server\src\main\java\io\crate\server\xcontent\LoggingDeprecationHandler.java,8,36,21
Java,.\server\src\main\java\io\crate\session\DeferredExecution.java,9,20,21
Java,.\server\src\main\java\org\elasticsearch\ResourceAlreadyExistsException.java,9,18,21
Java,.\server\src\main\java\org\elasticsearch\common\UUIDs.java,9,34,21
Java,.\server\src\main\java\org\elasticsearch\index\AbstractIndexComponent.java,7,21,21
Java,.\server\src\main\java\org\elasticsearch\index\analysis\AbstractTokenFilterFactory.java,8,18,21
Java,.\server\src\main\java\org\elasticsearch\index\analysis\StandardAnalyzerProvider.java,6,18,21
Java,.\server\src\main\java\org\elasticsearch\index\merge\OnGoingMerge.java,10,32,21
Java,.\server\src\main\java\org\elasticsearch\snapshots\SnapshotMissingException.java,9,21,21
Java,.\server\src\main\java\org\elasticsearch\transport\RemoteTransportException.java,8,25,21
Java,.\libs\dex\src\main\java\io\crate\data\Bucket.java,7,25,20
Java,.\libs\guice\src\main\java\org\elasticsearch\common\inject\internal\InternalFactory.java,9,32,20
Java,.\libs\shared\src\main\java\io\crate\common\MutableDouble.java,8,20,20
Java,.\libs\shared\src\main\java\io\crate\common\MutableFloat.java,8,20,20
Java,.\libs\sql-parser\src\main\java\io\crate\sql\AbstractSqlBaseLexer.java,8,20,20
Java,.\libs\sql-parser\src\main\java\io\crate\sql\tree\CreateSubscription.java,5,20,20
Java,.\libs\sql-parser\src\main\java\io\crate\sql\tree\Declare.java,5,20,20
Java,.\plugins\es-analysis-common\src\main\java\org\elasticsearch\analysis\common\StandardHtmlStripAnalyzerProvider.java,6,18,20
Java,.\server\src\main\java\io\crate\analyze\AnalyzedStatement.java,10,45,20
Java,.\server\src\main\java\io\crate\analyze\SnapshotSettings.java,13,20,20
Java,.\server\src\main\java\io\crate\blob\DeleteBlobResponse.java,8,20,20
Java,.\server\src\main\java\io\crate\exceptions\InvalidArgumentException.java,9,20,20
Java,.\server\src\main\java\io\crate\exceptions\UnsupportedFeatureException.java,9,20,20
Java,.\server\src\main\java\io\crate\execution\dsl\projection\DeleteProjection.java,8,20,20
Java,.\server\src\main\java\io\crate\execution\engine\pipeline\FilterProjector.java,9,20,20
Java,.\server\src\main\java\io\crate\execution\jobs\kill\KillableCallable.java,9,20,20
Java,.\server\src\main\java\io\crate\expression\NestableInput.java,6,27,20
Java,.\server\src\main\java\io\crate\expression\tablefunctions\TableFunctions.java,5,20,20
Java,.\server\src\main\java\io\crate\lucene\match\ParsedOptions.java,3,20,20
Java,.\server\src\main\java\io\crate\metadata\SystemClock.java,8,20,20
Java,.\server\src\main\java\io\crate\metadata\information\InformationRoutinesTableInfo.java,6,20,20
Java,.\server\src\main\java\io\crate\planner\NodeSelection.java,6,20,20
Java,.\server\src\main\java\io\crate\role\metadata\SysRolesTableInfo.java,7,20,20
Java,.\server\src\main\java\org\elasticsearch\cluster\routing\Murmur3HashFunction.java,6,22,20
Java,.\server\src\main\java\org\elasticsearch\cluster\routing\allocation\StaleShard.java,7,27,20
Java,.\server\src\main\java\org\elasticsearch\common\util\concurrent\RunOnce.java,7,24,20
Java,.\server\src\main\java\org\elasticsearch\discovery\MasterNotDiscoveredException.java,9,18,20
Java,.\server\src\main\java\org\elasticsearch\index\analysis\PreBuiltAnalyzerProvider.java,8,21,20
Java,.\server\src\main\java\org\elasticsearch\index\analysis\StandardTokenizerFactory.java,6,18,20
Java,.\server\src\main\java\org\elasticsearch\index\cache\query\DisabledQueryCache.java,7,18,20
Java,.\server\src\main\java\org\elasticsearch\snapshots\SnapshotRestoreException.java,8,21,20
Java,.\server\src\main\java\org\elasticsearch\transport\TransportMessageListener.java,9,49,20
Java,.\libs\dex\src\main\java\io\crate\data\CloseableIterator.java,7,20,19
Java,.\libs\dex\src\main\java\io\crate\data\SentinelRow.java,6,20,19
Java,.\libs\guice\src\main\java\org\elasticsearch\common\inject\internal\Stopwatch.java,7,26,19
Java,.\libs\shared\src\main\java\io\crate\common\io\Streams.java,4,37,19
Java,.\libs\sql-parser\src\main\java\io\crate\sql\tree\AlterServer.java,8,20,19
Java,.\libs\sql-parser\src\main\java\io\crate\sql\tree\AnalyzeStatement.java,6,20,19
Java,.\libs\sql-parser\src\main\java\io\crate\sql\tree\ColumnConstraint.java,6,20,19
Java,.\libs\sql-parser\src\main\java\io\crate\sql\tree\CreateTableLike.java,5,20,19
Java,.\libs\sql-parser\src\main\java\io\crate\sql\tree\CreateUserMapping.java,6,20,19
Java,.\libs\sql-parser\src\main\java\io\crate\sql\tree\ResetStatement.java,7,20,19
Java,.\libs\sql-parser\src\main\java\io\crate\sql\tree\ShowTables.java,6,20,19
Java,.\plugins\es-analysis-common\src\main\java\org\elasticsearch\analysis\common\SnowballTokenFilterFactory.java,7,22,19
Java,.\plugins\es-analysis-common\src\main\java\org\elasticsearch\analysis\common\ThaiAnalyzerProvider.java,6,18,19
Java,.\plugins\es-analysis-phonetic\src\main\java\org\elasticsearch\index\analysis\phonetic\HaasePhonetik.java,6,34,19
Java,.\server\src\main\java\io\crate\analyze\AnalyzedDropAnalyzer.java,9,20,19
Java,.\server\src\main\java\io\crate\analyze\AnalyzedDropRepository.java,9,20,19
Java,.\server\src\main\java\io\crate\analyze\AnalyzedDropServer.java,7,20,19
Java,.\server\src\main\java\io\crate\exceptions\UnsupportedFunctionException.java,7,20,19
Java,.\server\src\main\java\io\crate\execution\dml\ValueIndexer.java,12,53,19
Java,.\server\src\main\java\io\crate\execution\engine\aggregation\statistics\StandardDeviationSamp.java,7,20,19
Java,.\server\src\main\java\io\crate\execution\engine\indexing\DMLProjector.java,7,20,19
Java,.\server\src\main\java\io\crate\metadata\RoutineInfo.java,5,20,19
Java,.\server\src\main\java\io\crate\metadata\RowGranularity.java,8,28,19
Java,.\server\src\main\java\io\crate\metadata\information\ForeignServerTableInfo.java,5,20,19
Java,.\server\src\main\java\io\crate\metadata\information\InformationCharacterSetsTable.java,6,20,19
Java,.\server\src\main\java\io\crate\metadata\information\InformationRoleTableGrantsTableInfo.java,4,20,19
Java,.\server\src\main\java\io\crate\module\CrateCommonModule.java,5,20,19
Java,.\server\src\main\java\org\elasticsearch\ElasticsearchParseException.java,9,21,19
Java,.\server\src\main\java\org\elasticsearch\ResourceNotFoundException.java,9,21,19
Java,.\server\src\main\java\org\elasticsearch\action\NotifyOnceListener.java,8,23,19
Java,.\server\src\main\java\org\elasticsearch\index\analysis\StopAnalyzerProvider.java,6,18,19
Java,.\server\src\main\java\org\elasticsearch\indices\IndexClosedException.java,8,21,19
Java,.\server\src\main\java\org\elasticsearch\monitor\Probes.java,5,18,19
Java,.\server\src\main\java\org\elasticsearch\repositories\RepositoryVerificationException.java,11,21,19
Java,.\server\src\main\java\org\elasticsearch\transport\TransportRequestOptions.java,9,18,19
Java,.\libs\guice\src\main\java\org\elasticsearch\common\inject\util\Providers.java,6,31,18
Java,.\libs\shared\src\main\java\io\crate\common\concurrent\Killable.java,7,46,18
Java,.\libs\sql-parser\src\main\java\io\crate\sql\tree\AlterSubscription.java,5,20,18
Java,.\libs\sql-parser\src\main\java\io\crate\sql\tree\CreatePublication.java,5,20,18
Java,.\libs\sql-parser\src\main\java\io\crate\sql\tree\DropFunction.java,5,20,18
Java,.\libs\sql-parser\src\main\java\io\crate\sql\tree\NaturalJoin.java,5,20,18
Java,.\plugins\es-analysis-common\src\main\java\org\elasticsearch\analysis\common\GreekAnalyzerProvider.java,6,18,18
Java,.\plugins\es-analysis-common\src\main\java\org\elasticsearch\analysis\common\KeywordTokenizerFactory.java,6,18,18
Java,.\plugins\es-analysis-common\src\main\java\org\elasticsearch\analysis\common\PersianAnalyzerProvider.java,6,18,18
Java,.\plugins\es-analysis-common\src\main\java\org\elasticsearch\analysis\common\SimplePatternSplitTokenizerFactory.java,7,18,18
Java,.\plugins\es-analysis-common\src\main\java\org\elasticsearch\analysis\common\SimplePatternTokenizerFactory.java,7,18,18
Java,.\server\src\main\java\io\crate\analyze\AnalyzedAlterTableRenameColumn.java,6,20,18
Java,.\server\src\main\java\io\crate\analyze\AnalyzedDropUserMapping.java,7,20,18
Java,.\server\src\main\java\io\crate\exceptions\InvalidColumnNameException.java,8,20,18
Java,.\server\src\main\java\io\crate\exceptions\RelationsUnknown.java,8,20,18
Java,.\server\src\main\java\io\crate\expression\reference\doc\lucene\GeoPointColumnReference.java,6,20,18
Java,.\server\src\main\java\io\crate\expression\symbol\MappingSymbolVisitor.java,8,23,18
Java,.\server\src\main\java\io\crate\memory\OnHeapMemoryManager.java,8,29,18
Java,.\server\src\main\java\io\crate\metadata\information\UserMappingOptionsTableInfo.java,6,20,18
Java,.\server\src\main\java\io\crate\metadata\pgcatalog\PgCursors.java,6,20,18
Java,.\server\src\main\java\io\crate\metadata\pgcatalog\PgNamespaceTable.java,7,22,18
Java,.\server\src\main\java\io\crate\metadata\pgcatalog\PgRangeTable.java,7,20,18
Java,.\server\src\main\java\io\crate\metadata\sys\SysChecksTableInfo.java,6,20,18
Java,.\server\src\main\java\io\crate\metadata\sys\SysHealth.java,6,20,18
Java,.\server\src\main\java\io\crate\types\TypeSignatureType.java,9,20,18
Java,.\server\src\main\java\org\elasticsearch\action\admin\cluster\node\stats\NodesStatsRequest.java,7,18,18
Java,.\server\src\main\java\org\elasticsearch\cluster\metadata\ProcessClusterEventTimeoutException.java,8,18,18
Java,.\server\src\main\java\org\elasticsearch\cluster\routing\RotationShardShuffler.java,10,21,18
Java,.\server\src\main\java\org\elasticsearch\common\RandomBasedUUIDGenerator.java,7,34,18
Java,.\server\src\main\java\org\elasticsearch\common\breaker\CircuitBreaker.java,14,64,18
Java,.\server\src\main\java\org\elasticsearch\common\recycler\Recycler.java,14,28,18
Java,.\server\src\main\java\org\elasticsearch\common\settings\SettingsException.java,8,23,18
Java,.\server\src\main\java\org\elasticsearch\index\mapper\MapperException.java,7,18,18
Java,.\server\src\main\java\org\elasticsearch\indices\recovery\RecoverFilesRecoveryException.java,6,18,18
Java,.\server\src\main\java\org\elasticsearch\indices\recovery\RecoveryTranslogOperationsResponse.java,8,18,18
Java,.\server\src\main\java\org\elasticsearch\repositories\RepositoryMissingException.java,8,21,18
Java,.\server\src\main\java\org\elasticsearch\snapshots\InvalidSnapshotNameException.java,9,21,18
Java,.\server\src\main\java\org\elasticsearch\transport\CloseableConnection.java,9,23,18
Java,.\server\src\main\java\org\elasticsearch\transport\TransportException.java,7,18,18
Java,.\libs\es-x-content\src\main\java\org\elasticsearch\common\xcontent\DeprecationHandler.java,6,39,17
Java,.\libs\guice\src\main\java\org\elasticsearch\common\inject\Initializables.java,5,21,17
Java,.\libs\guice\src\main\java\org\elasticsearch\common\inject\MessageProcessor.java,7,22,17
Java,.\libs\guice\src\main\java\org\elasticsearch\common\inject\Reflection.java,6,26,17
Java,.\libs\guice\src\main\java\org\elasticsearch\common\inject\spi\TypeEncounter.java,12,72,17
Java,.\libs\sql-parser\src\main\java\io\crate\sql\tree\ArrayLikePredicate.java,5,23,17
Java,.\libs\sql-parser\src\main\java\io\crate\sql\tree\CreateForeignTable.java,5,20,17
Java,.\libs\sql-parser\src\main\java\io\crate\sql\tree\CreateRepository.java,4,20,17
Java,.\libs\sql-parser\src\main\java\io\crate\sql\tree\CreateRole.java,4,20,17
Java,.\libs\sql-parser\src\main\java\io\crate\sql\tree\DropForeignTable.java,5,20,17
Java,.\libs\sql-parser\src\main\java\io\crate\sql\tree\LogicalBinaryExpression.java,6,20,17
Java,.\libs\sql-parser\src\main\java\io\crate\sql\tree\ShowCreateTable.java,6,20,17
Java,.\libs\sql-parser\src\main\java\io\crate\sql\tree\ShowSchemas.java,6,20,17
Java,.\libs\sql-parser\src\main\java\io\crate\sql\tree\SwapTable.java,4,20,17
Java,.\plugins\es-analysis-common\src\main\java\org\elasticsearch\analysis\common\ChineseAnalyzerProvider.java,6,22,17
Java,.\plugins\es-analysis-common\src\main\java\org\elasticsearch\analysis\common\UniqueTokenFilterFactory.java,6,18,17
Java,.\server\src\main\java\io\crate\analyze\AnalyzedAlterRole.java,7,20,17
Java,.\server\src\main\java\io\crate\analyze\AnalyzedAlterTableDropColumn.java,6,20,17
Java,.\server\src\main\java\io\crate\analyze\AnalyzedCreateRole.java,7,20,17
Java,.\server\src\main\java\io\crate\analyze\AnalyzedCreateSchema.java,7,20,17
Java,.\server\src\main\java\io\crate\analyze\AnalyzedDropSchema.java,8,20,17
Java,.\server\src\main\java\io\crate\analyze\AnalyzedGCDanglingArtifacts.java,8,20,17
Java,.\server\src\main\java\io\crate\analyze\DropColumn.java,7,20,17
Java,.\server\src\main\java\io\crate\exceptions\AmbiguousColumnException.java,7,20,17
Java,.\server\src\main\java\io\crate\exceptions\MissingPrivilegeException.java,8,20,17
Java,.\server\src\main\java\io\crate\exceptions\UnauthorizedException.java,8,20,17
Java,.\server\src\main\java\io\crate\execution\engine\aggregation\statistics\NumericStandardDeviationPop.java,8,20,17
Java,.\server\src\main\java\io\crate\execution\engine\collect\collectors\BlobOrderedDocCollector.java,6,20,17
Java,.\server\src\main\java\io\crate\execution\engine\pipeline\FlatMapProjector.java,7,20,17
Java,.\server\src\main\java\io\crate\expression\reference\doc\lucene\BitStringColumnReference.java,8,20,17
Java,.\server\src\main\java\io\crate\expression\reference\doc\lucene\LuceneCollectorExpression.java,9,23,17
Java,.\server\src\main\java\io\crate\expression\reference\file\SourceAsMapLineExpression.java,7,20,17
Java,.\server\src\main\java\io\crate\expression\reference\sys\check\node\SysNodeChecksModule.java,6,21,17
Java,.\server\src\main\java\io\crate\expression\symbol\RefReplacer.java,9,23,17
Java,.\server\src\main\java\io\crate\jfr\JobId.java,4,20,17
Java,.\server\src\main\java\io\crate\metadata\information\ForeignTableOptionsTableInfo.java,6,20,17
Java,.\server\src\main\java\io\crate\metadata\information\ForeignTableTableInfo.java,6,20,17
Java,.\server\src\main\java\io\crate\metadata\pgcatalog\PgAttrDefTable.java,8,20,17
Java,.\server\src\main\java\io\crate\metadata\pgcatalog\PgDepend.java,6,21,17
Java,.\server\src\main\java\io\crate\metadata\pgcatalog\PgEventTrigger.java,6,21,17
Java,.\server\src\main\java\io\crate\metadata\pgcatalog\PgMatviews.java,5,21,17
Java,.\server\src\main\java\io\crate\planner\optimizer\matcher\TypeOfPattern.java,7,20,17
Java,.\server\src\main\java\io\crate\protocols\postgres\JobsLogsUpdateListener.java,7,20,17
Java,.\server\src\main\java\io\crate\replication\logical\exceptions\CreateSubscriptionException.java,8,20,17
Java,.\server\src\main\java\org\elasticsearch\ElasticsearchTimeoutException.java,7,23,17
Java,.\server\src\main\java\org\elasticsearch\action\admin\cluster\snapshots\restore\TableOrPartition.java,7,20,17
Java,.\server\src\main\java\org\elasticsearch\client\transport\NoNodeAvailableException.java,8,21,17
Java,.\server\src\main\java\org\elasticsearch\common\geo\MortonEncoder.java,6,38,17
Java,.\server\src\main\java\org\elasticsearch\common\geo\XShapeCollection.java,8,21,17
Java,.\server\src\main\java\org\elasticsearch\common\util\concurrent\ConcurrentCollections.java,9,24,17
Java,.\server\src\main\java\org\elasticsearch\index\engine\DocumentSourceMissingException.java,8,18,17
Java,.\server\src\main\java\org\elasticsearch\index\engine\EngineException.java,7,18,17
Java,.\server\src\main\java\org\elasticsearch\index\snapshots\IndexShardRestoreException.java,6,21,17
Java,.\server\src\main\java\org\elasticsearch\index\snapshots\IndexShardSnapshotException.java,6,21,17
Java,.\server\src\main\java\org\elasticsearch\index\translog\TranslogException.java,7,18,17
Java,.\server\src\main\java\org\elasticsearch\snapshots\SnapshotInProgressException.java,8,22,17
Java,.\server\src\main\java\org\elasticsearch\transport\NodeDisconnectedException.java,8,19,17
Java,.\extensions\jmx-monitoring\src\main\java\io\crate\beans\ThreadPoolsMXBean.java,14,20,16
Java,.\libs\dex\src\main\java\io\crate\data\RowConsumer.java,9,64,16
Java,.\libs\es-x-content\src\main\java\org\elasticsearch\common\xcontent\smile\SmileXContentParser.java,5,18,16
Java,.\libs\es-x-content\src\main\java\org\elasticsearch\common\xcontent\yaml\YamlXContentParser.java,5,18,16
Java,.\libs\shared\src\main\java\io\crate\common\collections\BorrowedItem.java,6,20,16
Java,.\libs\sql-parser\src\main\java\io\crate\sql\tree\ArrayComparisonExpression.java,5,31,16
Java,.\libs\sql-parser\src\main\java\io\crate\sql\tree\EscapedCharStringLiteral.java,6,20,16
Java,.\libs\sql-parser\src\main\java\io\crate\sql\tree\ShowSessionParameter.java,5,20,16
Java,.\libs\sql-parser\src\main\java\io\crate\sql\tree\StringLiteral.java,7,20,16
Java,.\plugins\es-analysis-common\src\main\java\org\elasticsearch\analysis\common\ApostropheFilterFactory.java,6,21,16
Java,.\plugins\es-analysis-common\src\main\java\org\elasticsearch\analysis\common\ArabicStemTokenFilterFactory.java,5,18,16
Java,.\plugins\es-analysis-common\src\main\java\org\elasticsearch\analysis\common\ClassicFilterFactory.java,6,21,16
Java,.\plugins\es-analysis-common\src\main\java\org\elasticsearch\analysis\common\CzechStemTokenFilterFactory.java,5,18,16
Java,.\plugins\es-analysis-common\src\main\java\org\elasticsearch\analysis\common\DictionaryCompoundWordTokenFilterFactory.java,6,23,16
Java,.\plugins\es-analysis-common\src\main\java\org\elasticsearch\analysis\common\FlattenGraphTokenFilterFactory.java,5,18,16
Java,.\plugins\es-analysis-common\src\main\java\org\elasticsearch\analysis\common\KStemTokenFilterFactory.java,5,18,16
Java,.\plugins\es-analysis-common\src\main\java\org\elasticsearch\analysis\common\LetterTokenizerFactory.java,5,18,16
Java,.\plugins\es-analysis-common\src\main\java\org\elasticsearch\analysis\common\PorterStemTokenFilterFactory.java,7,18,16
Java,.\plugins\es-analysis-common\src\main\java\org\elasticsearch\analysis\common\RemoveDuplicatesTokenFilterFactory.java,5,21,16
Java,.\plugins\es-analysis-common\src\main\java\org\elasticsearch\analysis\common\ReverseTokenFilterFactory.java,5,18,16
Java,.\plugins\es-analysis-common\src\main\java\org\elasticsearch\analysis\common\RussianStemTokenFilterFactory.java,5,18,16
Java,.\plugins\es-analysis-common\src\main\java\org\elasticsearch\analysis\common\ThaiTokenizerFactory.java,5,21,16
Java,.\server\src\main\java\io\crate\analyze\AnalyzedBegin.java,7,20,16
Java,.\server\src\main\java\io\crate\analyze\AnalyzedCommit.java,7,20,16
Java,.\server\src\main\java\io\crate\analyze\DropFunctionAnalyzer.java,7,20,16
Java,.\server\src\main\java\io\crate\analyze\expressions\SubqueryAnalyzer.java,6,21,16
Java,.\server\src\main\java\io\crate\auth\AlwaysOKAuthentication.java,6,24,16
Java,.\server\src\main\java\io\crate\exceptions\AmbiguousColumnAliasException.java,7,20,16
Java,.\server\src\main\java\io\crate\exceptions\CreateSnapshotException.java,6,20,16
Java,.\server\src\main\java\io\crate\exceptions\PartitionAlreadyExistsException.java,7,20,16
Java,.\server\src\main\java\io\crate\execution\ddl\tables\AlterTableTarget.java,6,27,16
Java,.\server\src\main\java\io\crate\execution\dml\IndexItem.java,9,20,16
Java,.\server\src\main\java\io\crate\execution\engine\collect\CollectOperationModule.java,6,20,16
Java,.\server\src\main\java\io\crate\execution\engine\indexing\UpsertResultCollector.java,10,20,16
Java,.\server\src\main\java\io\crate\execution\engine\pipeline\ProjectorFactory.java,6,20,16
Java,.\server\src\main\java\io\crate\execution\engine\window\WindowFunction.java,6,28,16
Java,.\server\src\main\java\io\crate\expression\reference\doc\lucene\StoredRow.java,8,21,16
Java,.\server\src\main\java\io\crate\expression\reference\sys\check\cluster\LuceneVersionChecks.java,5,20,16
Java,.\server\src\main\java\io\crate\metadata\information\ForeignServerOptionsTableInfo.java,5,20,16
Java,.\server\src\main\java\io\crate\metadata\information\InformationSchemataTableInfo.java,6,20,16
Java,.\server\src\main\java\io\crate\metadata\information\UserMappingsTableInfo.java,6,20,16
Java,.\server\src\main\java\io\crate\metadata\pgcatalog\PgEnumTable.java,7,20,16
Java,.\server\src\main\java\io\crate\metadata\pgcatalog\PgViewsTable.java,7,20,16
Java,.\server\src\main\java\io\crate\planner\optimizer\matcher\CapturePattern.java,7,20,16
Java,.\server\src\main\java\io\crate\session\parser\SQLStmtParseElement.java,5,27,16
Java,.\server\src\main\java\org\elasticsearch\action\admin\cluster\node\stats\NodesStatsResponse.java,7,18,16
Java,.\server\src\main\java\org\elasticsearch\action\support\replication\BasicReplicationRequest.java,7,27,16
Java,.\server\src\main\java\org\elasticsearch\cluster\NotMasterException.java,8,23,16
Java,.\server\src\main\java\org\elasticsearch\cluster\routing\allocation\command\AllocationCommand.java,8,36,16
Java,.\server\src\main\java\org\elasticsearch\index\analysis\KeywordAnalyzerProvider.java,6,18,16
Java,.\server\src\main\java\org\elasticsearch\index\analysis\SimpleAnalyzerProvider.java,6,18,16
Java,.\server\src\main\java\org\elasticsearch\index\analysis\WhitespaceAnalyzerProvider.java,6,18,16
Java,.\server\src\main\java\org\elasticsearch\search\profile\query\QueryTimingType.java,4,18,16
Java,.\libs\guice\src\main\java\org\elasticsearch\common\inject\binder\LinkedBindingBuilder.java,10,45,15
Java,.\libs\guice\src\main\java\org\elasticsearch\common\inject\internal\Strings.java,3,40,15
Java,.\libs\shared\src\main\java\io\crate\common\collections\BlockingEvictingQueue.java,5,20,15
Java,.\libs\sql-parser\src\main\java\io\crate\sql\parser\SqlParserOptions.java,6,20,15
Java,.\libs\sql-parser\src\main\java\io\crate\sql\tree\AlterRoleReset.java,5,20,15
Java,.\libs\sql-parser\src\main\java\io\crate\sql\tree\ArraySliceExpression.java,7,34,15
Java,.\libs\sql-parser\src\main\java\io\crate\sql\tree\CreateServer.java,5,20,15
Java,.\libs\sql-parser\src\main\java\io\crate\sql\tree\CreateView.java,4,20,15
Java,.\libs\sql-parser\src\main\java\io\crate\sql\tree\DeallocateStatement.java,6,20,15
Java,.\libs\sql-parser\src\main\java\io\crate\sql\tree\DefaultColumnValue.java,7,20,15
Java,.\libs\sql-parser\src\main\java\io\crate\sql\tree\Delete.java,5,20,15
Java,.\libs\sql-parser\src\main\java\io\crate\sql\tree\DropView.java,5,20,15
Java,.\libs\sql-parser\src\main\java\io\crate\sql\tree\IfExpression.java,6,23,15
Java,.\libs\sql-parser\src\main\java\io\crate\sql\tree\LikePredicate.java,5,20,15
Java,.\libs\sql-parser\src\main\java\io\crate\sql\tree\NullLiteral.java,7,20,15
Java,.\libs\sql-parser\src\main\java\io\crate\sql\tree\ParameterExpression.java,6,20,15
Java,.\libs\sql-parser\src\main\java\io\crate\sql\tree\QueryUtil.java,5,20,15
Java,.\server\src\main\java\io\crate\analyze\AnalyzedAlterRepository.java,6,20,15
Java,.\server\src\main\java\io\crate\analyze\AnalyzedCreateRepository.java,6,20,15
Java,.\server\src\main\java\io\crate\auth\AccessControl.java,7,20,15
Java,.\server\src\main\java\io\crate\blob\BlobCoordinator.java,7,41,15
Java,.\server\src\main\java\io\crate\exceptions\ColumnValidationException.java,7,20,15
Java,.\server\src\main\java\io\crate\execution\engine\aggregation\statistics\StandardDeviationPop.java,7,20,15
Java,.\server\src\main\java\io\crate\execution\engine\collect\files\FileInput.java,9,27,15
Java,.\server\src\main\java\io\crate\execution\engine\pipeline\MergeCountProjector.java,5,20,15
Java,.\server\src\main\java\io\crate\execution\jobs\PageBucketReceiver.java,9,65,15
Java,.\server\src\main\java\io\crate\expression\predicate\Predicates.java,5,20,15
Java,.\server\src\main\java\io\crate\expression\reference\doc\lucene\IpColumnReference.java,7,23,15
Java,.\server\src\main\java\io\crate\expression\reference\file\SourceLineExpression.java,6,20,15
Java,.\server\src\main\java\io\crate\expression\symbol\ScopedColumn.java,7,20,15
Java,.\server\src\main\java\io\crate\metadata\doc\DocSchemaInfoFactory.java,7,20,15
Java,.\server\src\main\java\io\crate\metadata\information\InfoSchemaCollationsTable.java,6,20,15
Java,.\server\src\main\java\io\crate\metadata\pgcatalog\PgDescriptionTable.java,7,20,15
Java,.\server\src\main\java\io\crate\metadata\pgcatalog\PgIndexesTable.java,6,20,15
Java,.\server\src\main\java\io\crate\metadata\pgcatalog\PgTablespaceTable.java,6,22,15
Java,.\server\src\main\java\io\crate\replication\logical\exceptions\PublicationAlreadyExistsException.java,6,20,15
Java,.\server\src\main\java\io\crate\replication\logical\exceptions\PublicationUnknownException.java,6,20,15
Java,.\server\src\main\java\io\crate\replication\logical\exceptions\SubscriptionAlreadyExistsException.java,6,20,15
Java,.\server\src\main\java\io\crate\replication\logical\exceptions\SubscriptionUnknownException.java,6,20,15
Java,.\server\src\main\java\org\elasticsearch\action\support\broadcast\BroadcastShardOperationFailedException.java,6,23,15
Java,.\server\src\main\java\org\elasticsearch\cluster\IncompatibleClusterStateVersionException.java,6,21,15
Java,.\server\src\main\java\org\elasticsearch\cluster\LocalNodeMasterListener.java,6,28,15
Java,.\server\src\main\java\org\elasticsearch\cluster\coordination\FailedToCommitClusterStateException.java,7,21,15
Java,.\server\src\main\java\org\elasticsearch\common\Explicit.java,6,37,15
Java,.\server\src\main\java\org\elasticsearch\common\blobstore\BlobStoreException.java,7,18,15
Java,.\server\src\main\java\org\elasticsearch\common\component\LifecycleListener.java,14,18,15
Java,.\server\src\main\java\org\elasticsearch\http\HttpException.java,7,18,15
Java,.\server\src\main\java\org\elasticsearch\index\analysis\AbstractTokenizerFactory.java,5,19,15
Java,.\server\src\main\java\org\elasticsearch\index\seqno\RetentionLeaseInvalidRetainingSeqNoException.java,6,18,15
Java,.\server\src\main\java\org\elasticsearch\index\snapshots\IndexShardRestoreFailedException.java,6,21,15
Java,.\server\src\main\java\org\elasticsearch\index\snapshots\IndexShardSnapshotFailedException.java,6,21,15
Java,.\server\src\main\java\org\elasticsearch\transport\ResponseHandlerFailureTransportException.java,7,21,15
Java,.\libs\es-x-content\src\main\java\org\elasticsearch\common\xcontent\XContentLocation.java,4,24,14
Java,.\libs\guice\src\main\java\org\elasticsearch\common\inject\Classes.java,6,18,14
Java,.\libs\guice\src\main\java\org\elasticsearch\common\inject\Inject.java,5,47,14
Java,.\libs\guice\src\main\java\org\elasticsearch\common\inject\assistedinject\Assisted.java,6,25,14
Java,.\libs\guice\src\main\java\org\elasticsearch\common\inject\internal\Nullability.java,4,28,14
Java,.\libs\guice\src\main\java\org\elasticsearch\common\inject\spi\ElementVisitor.java,13,54,14
Java,.\libs\shared\src\main\java\io\crate\common\Optionals.java,5,20,14
Java,.\libs\sql-parser\src\main\java\io\crate\sql\tree\BetweenPredicate.java,5,20,14
Java,.\libs\sql-parser\src\main\java\io\crate\sql\tree\BooleanLiteral.java,6,20,14
Java,.\libs\sql-parser\src\main\java\io\crate\sql\tree\CreateTableAs.java,5,20,14
Java,.\libs\sql-parser\src\main\java\io\crate\sql\tree\DropCheckConstraint.java,4,20,14
Java,.\libs\sql-parser\src\main\java\io\crate\sql\tree\DropPublication.java,4,20,14
Java,.\libs\sql-parser\src\main\java\io\crate\sql\tree\DropRole.java,4,20,14
Java,.\libs\sql-parser\src\main\java\io\crate\sql\tree\DropSchema.java,5,20,14
Java,.\libs\sql-parser\src\main\java\io\crate\sql\tree\DropServer.java,5,20,14
Java,.\libs\sql-parser\src\main\java\io\crate\sql\tree\DropSubscription.java,4,20,14
Java,.\libs\sql-parser\src\main\java\io\crate\sql\tree\DropTable.java,4,20,14
Java,.\libs\sql-parser\src\main\java\io\crate\sql\tree\DropUserMapping.java,5,20,14
Java,.\libs\sql-parser\src\main\java\io\crate\sql\tree\RefreshStatement.java,5,20,14
Java,.\libs\sql-parser\src\main\java\io\crate\sql\tree\With.java,5,20,14
Java,.\plugins\es-analysis-phonetic\src\main\java\org\elasticsearch\plugin\analysis\AnalysisPhoneticPlugin.java,6,18,14
Java,.\server\src\main\java\io\crate\analyze\AnalyzedAnalyze.java,7,20,14
Java,.\server\src\main\java\io\crate\analyze\DropAnalyzerStatementAnalyzer.java,6,20,14
Java,.\server\src\main\java\io\crate\analyze\DropRepositoryAnalyzer.java,6,20,14
Java,.\server\src\main\java\io\crate\auth\Protocol.java,6,20,14
Java,.\server\src\main\java\io\crate\cluster\gracefulstop\DataAvailability.java,3,20,14
Java,.\server\src\main\java\io\crate\execution\engine\PagingUnsupportedResultListener.java,7,23,14
Java,.\server\src\main\java\io\crate\execution\engine\sort\RowPriorityQueue.java,7,20,14
Java,.\server\src\main\java\io\crate\expression\udf\UDFLanguage.java,8,44,14
Java,.\server\src\main\java\io\crate\fdw\JdbcFdwProvider.java,7,20,14
Java,.\server\src\main\java\io\crate\lucene\DisableGraphAttributeImpl.java,9,21,14
Java,.\server\src\main\java\io\crate\metadata\functions\BoundSignature.java,6,20,14
Java,.\server\src\main\java\io\crate\metadata\information\InformationAdministrableRoleAuthorizationsTableInfo.java,4,20,14
Java,.\server\src\main\java\io\crate\metadata\information\InformationApplicableRolesTableInfo.java,4,20,14
Java,.\server\src\main\java\io\crate\metadata\pgcatalog\PgAmTable.java,6,20,14
Java,.\server\src\main\java\io\crate\metadata\pgcatalog\PgShdescriptionTable.java,7,20,14
Java,.\server\src\main\java\io\crate\planner\ExecutionPlan.java,10,30,14
Java,.\server\src\main\java\io\crate\planner\node\management\OptimizerStep.java,7,20,14
Java,.\server\src\main\java\io\crate\planner\optimizer\symbol\Rule.java,6,20,14
Java,.\server\src\main\java\org\elasticsearch\action\admin\cluster\configuration\AddVotingConfigExclusionsResponse.java,7,22,14
Java,.\server\src\main\java\org\elasticsearch\action\admin\cluster\configuration\ClearVotingConfigExclusionsResponse.java,6,22,14
Java,.\server\src\main\java\org\elasticsearch\action\admin\indices\alias\AliasesNotFoundException.java,6,20,14
Java,.\server\src\main\java\org\elasticsearch\action\admin\indices\forcemerge\ForceMergeResponse.java,6,21,14
Java,.\server\src\main\java\org\elasticsearch\action\admin\indices\refresh\RefreshRequest.java,7,26,14
Java,.\server\src\main\java\org\elasticsearch\action\admin\indices\refresh\RefreshResponse.java,6,21,14
Java,.\server\src\main\java\org\elasticsearch\action\admin\indices\retention\SyncRetentionLeasesRequest.java,7,20,14
Java,.\server\src\main\java\org\elasticsearch\cluster\EmptyClusterInfoService.java,6,22,14
Java,.\server\src\main\java\org\elasticsearch\http\BindHttpException.java,7,18,14
Java,.\server\src\main\java\org\elasticsearch\index\analysis\AbstractCharFilterFactory.java,7,18,14
Java,.\server\src\main\java\org\elasticsearch\index\shard\IndexShardClosedException.java,6,18,14
Java,.\server\src\main\java\org\elasticsearch\index\shard\IndexShardRelocatedException.java,7,18,14
Java,.\server\src\main\java\org\elasticsearch\indices\IndexCreationException.java,6,18,14
Java,.\server\src\main\java\org\elasticsearch\indices\IndexPrimaryShardNotAllocatedException.java,6,22,14
Java,.\server\src\main\java\org\elasticsearch\indices\recovery\PeerRecoveryNotFound.java,6,18,14
Java,.\server\src\main\java\org\elasticsearch\snapshots\ConcurrentSnapshotExecutionException.java,7,21,14
Java,.\server\src\main\java\org\elasticsearch\transport\BindTransportException.java,7,18,14
Java,.\extensions\jmx-monitoring\src\main\java\io\crate\beans\NodeStatus.java,7,20,13
Java,.\libs\guice\src\main\java\org\elasticsearch\common\inject\TypeListenerBindingProcessor.java,5,20,13
Java,.\libs\guice\src\main\java\org\elasticsearch\common\inject\binder\ConstantBindingBuilder.java,12,48,13
Java,.\libs\sql-parser\src\main\java\io\crate\sql\tree\ArrayLiteral.java,6,20,13
Java,.\libs\sql-parser\src\main\java\io\crate\sql\tree\DecommissionNodeStatement.java,4,20,13
Java,.\libs\sql-parser\src\main\java\io\crate\sql\tree\DropSnapshot.java,4,20,13
Java,.\libs\sql-parser\src\main\java\io\crate\sql\tree\InListExpression.java,6,20,13
Java,.\libs\sql-parser\src\main\java\io\crate\sql\tree\NumericLiteral.java,6,20,13
Java,.\libs\sql-parser\src\main\java\io\crate\sql\tree\ObjectLiteral.java,6,20,13
Java,.\libs\sql-parser\src\main\java\io\crate\sql\tree\SearchedCaseExpression.java,6,20,13
Java,.\libs\sql-parser\src\main\java\io\crate\sql\tree\SimpleCaseExpression.java,6,20,13
Java,.\server\src\main\java\io\crate\analyze\BoundAlterTable.java,4,20,13
Java,.\server\src\main\java\io\crate\blob\v2\BlobsDisabledException.java,6,20,13
Java,.\server\src\main\java\io\crate\concurrent\FutureActionListener.java,6,20,13
Java,.\server\src\main\java\io\crate\exceptions\InvalidSchemaNameException.java,6,20,13
Java,.\server\src\main\java\io\crate\exceptions\RelationValidationException.java,6,20,13
Java,.\server\src\main\java\io\crate\execution\TransportExecutorModule.java,6,20,13
Java,.\server\src\main\java\io\crate\execution\engine\collect\sources\CollectSource.java,5,20,13
Java,.\server\src\main\java\io\crate\execution\engine\window\WindowFunctions.java,5,20,13
Java,.\server\src\main\java\io\crate\expression\InputCondition.java,7,20,13
Java,.\server\src\main\java\io\crate\expression\reference\sys\check\SysChecksModule.java,4,20,13
Java,.\server\src\main\java\io\crate\metadata\FunctionImplementation.java,7,46,13
Java,.\server\src\main\java\io\crate\planner\operators\Distinct.java,6,20,13
Java,.\server\src\main\java\io\crate\plugin\CopyPlugin.java,6,20,13
Java,.\server\src\main\java\io\crate\protocols\postgres\TransactionState.java,6,20,13
Java,.\server\src\main\java\io\crate\session\ResultReceiver.java,10,33,13
Java,.\server\src\main\java\org\elasticsearch\cluster\coordination\ClusterStatePublisher.java,6,40,13
Java,.\server\src\main\java\org\elasticsearch\cluster\routing\allocation\decider\RebalanceOnlyWhenActiveAllocationDecider.java,5,21,13
Java,.\server\src\main\java\org\elasticsearch\common\blobstore\support\AbstractBlobContainer.java,7,21,13
Java,.\server\src\main\java\org\elasticsearch\common\compress\Compressor.java,10,42,13
Java,.\server\src\main\java\org\elasticsearch\common\io\stream\Writeable.java,11,69,13
Java,.\server\src\main\java\org\elasticsearch\index\seqno\RetentionLeaseAlreadyExistsException.java,7,18,13
Java,.\server\src\main\java\org\elasticsearch\index\seqno\RetentionLeaseNotFoundException.java,7,18,13
Java,.\server\src\main\java\org\elasticsearch\index\shard\IndexShardRecoveryException.java,5,18,13
Java,.\server\src\main\java\org\elasticsearch\index\translog\ChannelFactory.java,4,21,13
Java,.\server\src\main\java\org\elasticsearch\node\NodeClosedException.java,6,23,13
Java,.\server\src\main\java\org\elasticsearch\plugins\IndexStorePlugin.java,7,38,13
Java,.\server\src\main\java\org\elasticsearch\search\MultiValueMode.java,7,32,13
Java,.\server\src\main\java\org\elasticsearch\transport\SendRequestTransportException.java,6,18,13
Java,.\extensions\jmx-monitoring\src\main\java\io\crate\beans\CircuitBreakersMXBean.java,10,20,12
Java,.\extensions\jmx-monitoring\src\main\java\io\crate\plugin\CrateMonitoringPlugin.java,5,20,12
Java,.\libs\cli\src\main\java\org\elasticsearch\cli\UserException.java,6,30,12
Java,.\libs\dex\src\main\java\io\crate\data\Rows.java,4,20,12
Java,.\libs\guice\src\main\java\org\elasticsearch\common\inject\Injector.java,11,104,12
Java,.\libs\guice\src\main\java\org\elasticsearch\common\inject\OutOfScopeException.java,5,22,12
Java,.\libs\guice\src\main\java\org\elasticsearch\common\inject\WeakKeySet.java,6,27,12
Java,.\libs\guice\src\main\java\org\elasticsearch\common\inject\name\Named.java,5,20,12
Java,.\libs\guice\src\main\java\org\elasticsearch\common\inject\spi\BindingTargetVisitor.java,11,60,12
Java,.\libs\sql-parser\src\main\java\io\crate\sql\tree\ArraySubQueryExpression.java,5,20,12
Java,.\libs\sql-parser\src\main\java\io\crate\sql\tree\Cast.java,6,20,12
Java,.\libs\sql-parser\src\main\java\io\crate\sql\tree\Close.java,5,20,12
Java,.\libs\sql-parser\src\main\java\io\crate\sql\tree\DoubleLiteral.java,5,20,12
Java,.\libs\sql-parser\src\main\java\io\crate\sql\tree\ExistsPredicate.java,5,20,12
Java,.\libs\sql-parser\src\main\java\io\crate\sql\tree\InPredicate.java,5,20,12
Java,.\libs\sql-parser\src\main\java\io\crate\sql\tree\IntegerLiteral.java,5,20,12
Java,.\libs\sql-parser\src\main\java\io\crate\sql\tree\IsNotNullPredicate.java,5,20,12
Java,.\libs\sql-parser\src\main\java\io\crate\sql\tree\IsNullPredicate.java,5,20,12
Java,.\libs\sql-parser\src\main\java\io\crate\sql\tree\KillStatement.java,5,20,12
Java,.\libs\sql-parser\src\main\java\io\crate\sql\tree\LongLiteral.java,5,20,12
Java,.\libs\sql-parser\src\main\java\io\crate\sql\tree\NotExpression.java,5,20,12
Java,.\libs\sql-parser\src\main\java\io\crate\sql\tree\QualifiedNameReference.java,5,20,12
Java,.\libs\sql-parser\src\main\java\io\crate\sql\tree\RecordSubscript.java,5,20,12
Java,.\libs\sql-parser\src\main\java\io\crate\sql\tree\SubqueryExpression.java,5,20,12
Java,.\libs\sql-parser\src\main\java\io\crate\sql\tree\SubscriptExpression.java,5,32,12
Java,.\libs\sql-parser\src\main\java\io\crate\sql\tree\WhenClause.java,5,20,12
Java,.\server\src\main\java\io\crate\analyze\AnalyzedRerouteRetryFailed.java,6,20,12
Java,.\server\src\main\java\io\crate\blob\transfer\BlobInfoRequest.java,7,20,12
Java,.\server\src\main\java\io\crate\exceptions\ArrayViaDocValuesUnsupportedException.java,6,23,12
Java,.\server\src\main\java\io\crate\execution\engine\collect\collectors\DummyScorer.java,7,25,12
Java,.\server\src\main\java\io\crate\execution\engine\fetch\FetchId.java,6,35,12
Java,.\server\src\main\java\io\crate\execution\jobs\Task.java,9,27,12
Java,.\server\src\main\java\io\crate\expression\reference\doc\lucene\DocIdCollectorExpression.java,5,20,12
Java,.\server\src\main\java\io\crate\expression\reference\sys\node\Ports.java,5,20,12
Java,.\server\src\main\java\io\crate\metadata\FunctionProvider.java,6,20,12
Java,.\server\src\main\java\io\crate\metadata\table\ShardedTable.java,10,20,12
Java,.\server\src\main\java\org\elasticsearch\action\PrimaryMissingActionException.java,6,18,12
Java,.\server\src\main\java\org\elasticsearch\action\admin\indices\retention\SyncRetentionLeasesAction.java,6,20,12
Java,.\server\src\main\java\org\elasticsearch\cluster\coordination\CoordinationStateRejectedException.java,5,25,12
Java,.\server\src\main\java\org\elasticsearch\cluster\coordination\NodeHealthCheckFailureException.java,7,22,12
Java,.\server\src\main\java\org\elasticsearch\cluster\routing\RoutingException.java,6,21,12
Java,.\server\src\main\java\org\elasticsearch\common\network\DnsResolver.java,6,20,12
Java,.\server\src\main\java\org\elasticsearch\common\settings\SettingUpgrader.java,8,40,12
Java,.\server\src\main\java\org\elasticsearch\common\util\ByteArray.java,11,44,12
Java,.\server\src\main\java\org\elasticsearch\common\util\concurrent\EsRejectedExecutionException.java,7,26,12
Java,.\server\src\main\java\org\elasticsearch\common\util\concurrent\UncategorizedExecutionException.java,6,18,12
Java,.\server\src\main\java\org\elasticsearch\gateway\WriteStateException.java,5,25,12
Java,.\server\src\main\java\org\elasticsearch\index\engine\EngineCreationFailureException.java,7,23,12
Java,.\server\src\main\java\org\elasticsearch\index\engine\FlushFailedEngineException.java,6,18,12
Java,.\server\src\main\java\org\elasticsearch\index\engine\RefreshFailedEngineException.java,6,18,12
Java,.\server\src\main\java\org\elasticsearch\index\shard\MergeStats.java,4,20,12
Java,.\server\src\main\java\org\elasticsearch\indices\recovery\DelayRecoveryException.java,7,23,12
Java,.\server\src\main\java\org\elasticsearch\tasks\TaskCancelledException.java,6,21,12
Java,.\server\src\main\java\org\elasticsearch\transport\NoSeedNodeLeftException.java,6,21,12
Java,.\server\src\main\java\org\elasticsearch\transport\NoSuchRemoteClusterException.java,7,23,12
Java,.\server\src\main\java\org\elasticsearch\transport\NodeNotConnectedException.java,6,23,12
Java,.\server\src\main\java\org\elasticsearch\transport\NodeShouldNotConnectException.java,6,18,12
Java,.\server\src\main\java\org\elasticsearch\transport\ReceiveTimeoutTransportException.java,7,18,12
Java,.\server\src\main\java\org\elasticsearch\transport\TransportConnectionListener.java,7,37,12
Java,.\server\src\main\java\org\elasticsearch\transport\TransportResponse.java,6,18,12
Java,.\extensions\jmx-monitoring\src\main\java\io\crate\beans\NodeInfoMXBean.java,10,29,11
Java,.\libs\dex\src\main\java\io\crate\data\ForwardingBatchIterator.java,5,23,11
Java,.\libs\guice\src\main\java\org\elasticsearch\common\inject\Exposed.java,4,22,11
Java,.\libs\guice\src\main\java\org\elasticsearch\common\inject\PrivateBinder.java,8,35,11
Java,.\libs\guice\src\main\java\org\elasticsearch\common\inject\Provides.java,4,22,11
Java,.\libs\guice\src\main\java\org\elasticsearch\common\inject\spi\PrivateElements.java,8,42,11
Java,.\libs\shared\src\main\java\io\crate\common\annotations\Immutable.java,3,20,11
Java,.\libs\shared\src\main\java\io\crate\common\annotations\NotThreadSafe.java,5,20,11
Java,.\libs\shared\src\main\java\io\crate\common\annotations\OverridingMethodsMustInvokeSuper.java,3,20,11
Java,.\libs\shared\src\main\java\io\crate\common\annotations\ThreadSafe.java,3,20,11
Java,.\libs\shared\src\main\java\io\crate\common\annotations\VisibleForTesting.java,3,20,11
Java,.\libs\sql-parser\src\main\java\io\crate\sql\parser\IdentifierSymbol.java,5,20,11
Java,.\libs\sql-parser\src\main\java\io\crate\sql\tree\AlterClusterRerouteRetryFailed.java,4,20,11
Java,.\libs\sql-parser\src\main\java\io\crate\sql\tree\BeginStatement.java,4,20,11
Java,.\libs\sql-parser\src\main\java\io\crate\sql\tree\CommitStatement.java,4,20,11
Java,.\libs\sql-parser\src\main\java\io\crate\sql\tree\CreateSchema.java,4,20,11
Java,.\libs\sql-parser\src\main\java\io\crate\sql\tree\DropRepository.java,4,20,11
Java,.\libs\sql-parser\src\main\java\io\crate\sql\tree\LikeOption.java,4,20,11
Java,.\libs\sql-parser\src\main\java\io\crate\sql\tree\ShowTransaction.java,4,20,11
Java,.\server\src\main\java\io\crate\analyze\DCLStatement.java,4,23,11
Java,.\server\src\main\java\io\crate\analyze\DDLStatement.java,4,20,11
Java,.\server\src\main\java\io\crate\blob\StartBlobResponse.java,6,20,11
Java,.\server\src\main\java\io\crate\exceptions\ScriptException.java,6,26,11
Java,.\server\src\main\java\io\crate\execution\dsl\phases\CollectPhase.java,8,20,11
Java,.\server\src\main\java\io\crate\execution\engine\aggregation\impl\util\KahanSummationForDouble.java,4,25,11
Java,.\server\src\main\java\io\crate\execution\engine\aggregation\impl\util\KahanSummationForFloat.java,4,25,11
Java,.\server\src\main\java\io\crate\execution\engine\collect\files\LocalFsFileInputFactory.java,5,20,11
Java,.\server\src\main\java\io\crate\execution\engine\export\FileOutput.java,6,26,11
Java,.\server\src\main\java\io\crate\expression\reference\doc\lucene\DoubleColumnReference.java,7,20,11
Java,.\server\src\main\java\io\crate\expression\reference\doc\lucene\FloatColumnReference.java,6,20,11
Java,.\server\src\main\java\io\crate\expression\reference\doc\lucene\StringColumnReference.java,5,20,11
Java,.\server\src\main\java\io\crate\ffi\NativeError.java,5,20,11
Java,.\server\src\main\java\io\crate\metadata\information\InformationEnabledRolesTableInfo.java,4,20,11
Java,.\server\src\main\java\io\crate\planner\optimizer\matcher\Patterns.java,6,20,11
Java,.\server\src\main\java\io\crate\planner\optimizer\rule\Util.java,6,23,11
Java,.\server\src\main\java\io\crate\server\cli\CommandLoggingConfigurator.java,5,27,11
Java,.\server\src\main\java\org\elasticsearch\Assertions.java,7,29,11
Java,.\server\src\main\java\org\elasticsearch\ElasticsearchGenerationException.java,6,23,11
Java,.\server\src\main\java\org\elasticsearch\action\NoSuchNodeException.java,6,18,11
Java,.\server\src\main\java\org\elasticsearch\action\admin\cluster\tasks\PendingClusterTasksRequest.java,6,18,11
Java,.\server\src\main\java\org\elasticsearch\cluster\ClusterStateTaskListener.java,7,29,11
Java,.\server\src\main\java\org\elasticsearch\cluster\Diffable.java,5,24,11
Java,.\server\src\main\java\org\elasticsearch\common\recycler\FilterRecycler.java,6,20,11
Java,.\server\src\main\java\org\elasticsearch\common\settings\NoClassSettingsException.java,6,24,11
Java,.\server\src\main\java\org\elasticsearch\index\engine\SafeCommitInfo.java,6,21,11
Java,.\server\src\main\java\org\elasticsearch\index\shard\IndexShardNotRecoveringException.java,6,18,11
Java,.\server\src\main\java\org\elasticsearch\index\shard\IndexShardNotStartedException.java,6,18,11
Java,.\server\src\main\java\org\elasticsearch\index\shard\IndexShardRecoveringException.java,6,18,11
Java,.\server\src\main\java\org\elasticsearch\index\shard\IndexShardStartedException.java,6,18,11
Java,.\server\src\main\java\org\elasticsearch\index\shard\PrimaryShardClosedException.java,5,20,11
Java,.\server\src\main\java\org\elasticsearch\index\shard\ShardNotInPrimaryModeException.java,7,18,11
Java,.\server\src\main\java\org\elasticsearch\index\translog\TruncatedTranslogException.java,7,18,11
Java,.\server\src\main\java\org\elasticsearch\indices\recovery\BlobFinalizeRecoveryRequest.java,6,20,11
Java,.\server\src\main\java\org\elasticsearch\transport\TransportChannel.java,8,24,11
Java,.\server\src\main\java\org\elasticsearch\transport\TransportResponseHandler.java,8,24,11
Java,.\server\src\main\java\org\elasticsearch\transport\TransportSerializationException.java,6,18,11
Java,.\libs\guice\src\main\java\org\elasticsearch\common\inject\Binding.java,7,74,10
Java,.\libs\guice\src\main\java\org\elasticsearch\common\inject\ImplementedBy.java,5,23,10
Java,.\libs\guice\src\main\java\org\elasticsearch\common\inject\ProvidedBy.java,5,23,10
Java,.\libs\guice\src\main\java\org\elasticsearch\common\inject\Singleton.java,4,21,10
Java,.\libs\guice\src\main\java\org\elasticsearch\common\inject\assistedinject\AssistedInject.java,4,30,10
Java,.\libs\guice\src\main\java\org\elasticsearch\common\inject\internal\ErrorsException.java,6,22,10
Java,.\libs\guice\src\main\java\org\elasticsearch\common\inject\multibindings\Element.java,7,22,10
Java,.\libs\guice\src\main\java\org\elasticsearch\common\inject\spi\ConvertedConstantBinding.java,7,31,10
Java,.\libs\shared\src\main\java\io\crate\common\SuppressForbidden.java,3,23,10
Java,.\libs\shared\src\main\java\io\crate\common\annotations\GuardedBy.java,3,20,10
Java,.\libs\shared\src\main\java\io\crate\common\collections\PeekingIterator.java,6,49,10
Java,.\libs\shared\src\main\java\io\crate\common\time\IsoLocale.java,4,27,10
Java,.\libs\sql-parser\src\main\java\io\crate\sql\tree\TryCast.java,4,20,10
Java,.\server\src\main\java\io\crate\cluster\decommission\DecommissionNodeAction.java,5,20,10
Java,.\server\src\main\java\io\crate\exceptions\TransportNotReady.java,4,20,10
Java,.\server\src\main\java\io\crate\execution\dml\delete\ShardDeleteAction.java,5,20,10
Java,.\server\src\main\java\io\crate\execution\dml\upsert\ShardUpsertAction.java,5,20,10
Java,.\server\src\main\java\io\crate\execution\engine\export\LocalFsFileOutputFactory.java,6,20,10
Java,.\server\src\main\java\io\crate\execution\engine\fetch\FetchOperation.java,5,25,10
Java,.\server\src\main\java\io\crate\expression\reference\doc\lucene\BooleanColumnReference.java,5,20,10
Java,.\server\src\main\java\io\crate\expression\reference\doc\lucene\ByteColumnReference.java,5,20,10
Java,.\server\src\main\java\io\crate\expression\reference\doc\lucene\IntegerColumnReference.java,4,20,10
Java,.\server\src\main\java\io\crate\expression\reference\doc\lucene\LongColumnReference.java,5,20,10
Java,.\server\src\main\java\io\crate\expression\reference\doc\lucene\ShortColumnReference.java,5,20,10
Java,.\server\src\main\java\io\crate\metadata\settings\AnalyzerSettings.java,6,20,10
Java,.\server\src\main\java\io\crate\monitor\MonitorModule.java,5,20,10
Java,.\server\src\main\java\io\crate\role\Permission.java,4,23,10
Java,.\server\src\main\java\org\elasticsearch\ElasticsearchCorruptionException.java,5,33,10
Java,.\server\src\main\java\org\elasticsearch\cluster\AckedClusterStateTaskListener.java,8,41,10
Java,.\server\src\main\java\org\elasticsearch\cluster\ack\ClusterStateUpdateResponse.java,5,24,10
Java,.\server\src\main\java\org\elasticsearch\cluster\block\ClusterBlockLevel.java,5,18,10
Java,.\server\src\main\java\org\elasticsearch\cluster\routing\allocation\allocator\ShardsAllocator.java,5,46,10
Java,.\server\src\main\java\org\elasticsearch\common\SuppressLoggerChecks.java,3,21,10
Java,.\server\src\main\java\org\elasticsearch\gateway\CorruptStateException.java,5,33,10
Java,.\server\src\main\java\org\elasticsearch\gateway\GatewayModule.java,4,18,10
Java,.\server\src\main\java\org\elasticsearch\index\store\VerifyingIndexOutput.java,6,28,10
Java,.\server\src\main\java\org\elasticsearch\monitor\jvm\JvmPid.java,5,18,10
Java,.\extensions\jmx-monitoring\src\main\java\io\crate\module\CrateMonitoringModule.java,4,20,9
Java,.\extensions\lang-js\src\main\java\io\crate\operation\language\JavaScriptLanguage.java,5,20,9
Java,.\libs\es-x-content\src\main\java\org\elasticsearch\common\xcontent\NamedObjectNotFoundException.java,4,22,9
Java,.\libs\guice\src\main\java\org\elasticsearch\common\inject\BindingAnnotation.java,4,28,9
Java,.\libs\guice\src\main\java\org\elasticsearch\common\inject\ConstructionProxy.java,7,31,9
Java,.\libs\guice\src\main\java\org\elasticsearch\common\inject\ScopeAnnotation.java,4,28,9
Java,.\libs\guice\src\main\java\org\elasticsearch\common\inject\spi\BindingScopingVisitor.java,8,40,9
Java,.\libs\sql-parser\src\main\java\io\crate\sql\tree\JoinCriteria.java,4,21,9
Java,.\libs\sql-parser\src\main\java\io\crate\sql\tree\TableElement.java,5,20,9
Java,.\server\src\main\java\io\crate\auth\AuthenticationMethod.java,6,28,9
Java,.\server\src\main\java\io\crate\blob\PutChunkResponse.java,6,20,9
Java,.\server\src\main\java\io\crate\blob\v2\BlobIndicesModule.java,5,20,9
Java,.\server\src\main\java\io\crate\exceptions\SQLParseException.java,5,20,9
Java,.\server\src\main\java\io\crate\exceptions\TableScopeException.java,5,24,9
Java,.\server\src\main\java\io\crate\exceptions\UnhandledServerException.java,4,20,9
Java,.\server\src\main\java\io\crate\execution\engine\collect\stats\NodeStatsAction.java,5,20,9
Java,.\server\src\main\java\io\crate\execution\engine\distribution\DistributedResultAction.java,5,20,9
Java,.\server\src\main\java\io\crate\execution\engine\fetch\FetchNodeAction.java,5,20,9
Java,.\server\src\main\java\io\crate\execution\engine\profile\CollectProfileNodeAction.java,5,20,9
Java,.\server\src\main\java\io\crate\execution\jobs\kill\KillAllNodeAction.java,5,20,9
Java,.\server\src\main\java\io\crate\execution\jobs\kill\KillJobsNodeAction.java,5,20,9
Java,.\server\src\main\java\io\crate\execution\jobs\transport\JobAction.java,5,20,9
Java,.\server\src\main\java\io\crate\expression\reference\sys\check\node\SysNodeCheck.java,8,23,9
Java,.\server\src\main\java\io\crate\metadata\FunctionsProvider.java,5,20,9
Java,.\server\src\main\java\io\crate\replication\logical\exceptions\InvalidShardEngineException.java,6,26,9
Java,.\server\src\main\java\io\crate\replication\logical\exceptions\NoSubscriptionForIndexException.java,6,24,9
Java,.\server\src\main\java\io\crate\role\Securable.java,5,20,9
Java,.\server\src\main\java\org\elasticsearch\action\admin\cluster\reroute\ClusterRerouteAction.java,5,18,9
Java,.\server\src\main\java\org\elasticsearch\action\admin\cluster\settings\ClusterUpdateSettingsAction.java,5,18,9
Java,.\server\src\main\java\org\elasticsearch\action\admin\cluster\tasks\PendingClusterTasksAction.java,5,18,9
Java,.\server\src\main\java\org\elasticsearch\action\admin\indices\forcemerge\ForceMergeAction.java,5,18,9
Java,.\server\src\main\java\org\elasticsearch\bootstrap\BootstrapSettings.java,5,18,9
Java,.\server\src\main\java\org\elasticsearch\cluster\ClusterInfoService.java,5,27,9
Java,.\server\src\main\java\org\elasticsearch\cluster\routing\ShardShuffler.java,7,31,9
Java,.\server\src\main\java\org\elasticsearch\cluster\routing\ShardsIterator.java,7,29,9
Java,.\server\src\main\java\org\elasticsearch\common\component\LifecycleComponent.java,8,18,9
Java,.\server\src\main\java\org\elasticsearch\common\io\stream\VersionedNamedWriteable.java,7,37,9
Java,.\server\src\main\java\org\elasticsearch\discovery\SeedHostsProvider.java,6,29,9
Java,.\server\src\main\java\org\elasticsearch\gateway\GatewayException.java,5,18,9
Java,.\server\src\main\java\org\elasticsearch\index\analysis\AnalyzerProvider.java,6,18,9
Java,.\server\src\main\java\org\elasticsearch\indices\breaker\BreakerSettings.java,4,21,9
Java,.\server\src\main\java\org\elasticsearch\snapshots\EmptySnapshotsInfoService.java,4,18,9
Java,.\server\src\main\java\org\elasticsearch\snapshots\UpdateIndexShardSnapshotStatusResponse.java,6,18,9
Java,.\app\src\main\java\io\crate\bootstrap\BootstrapException.java,5,34,8
Java,.\libs\cli\src\main\java\org\elasticsearch\cli\ExitCodes.java,3,22,8
Java,.\libs\dex\src\main\java\io\crate\data\AsyncFlatMapper.java,5,20,8
Java,.\libs\dex\src\main\java\io\crate\data\Projector.java,6,30,8
Java,.\libs\dex\src\main\java\io\crate\data\join\ElementCombiner.java,7,20,8
Java,.\libs\es-x-content\src\main\java\org\elasticsearch\common\xcontent\XContentBuilderExtension.java,6,67,8
Java,.\libs\guice\src\main\java\org\elasticsearch\common\inject\SingleMemberInjector.java,4,18,8
Java,.\libs\guice\src\main\java\org\elasticsearch\common\inject\binder\ScopedBindingBuilder.java,7,32,8
Java,.\libs\guice\src\main\java\org\elasticsearch\common\inject\spi\ExposedBinding.java,5,27,8
Java,.\libs\guice\src\main\java\org\elasticsearch\common\inject\spi\ProviderInstanceBinding.java,7,31,8
Java,.\libs\shared\src\main\java\io\crate\common\concurrent\Measurement.java,6,29,8
Java,.\libs\sql-parser\src\main\java\io\crate\sql\tree\ArrayComparison.java,4,20,8
Java,.\libs\sql-parser\src\main\java\io\crate\sql\tree\MultiStatement.java,5,20,8
Java,.\libs\sql-parser\src\main\java\io\crate\sql\tree\SetOperation.java,2,20,8
Java,.\server\src\main\java\io\crate\Constants.java,6,21,8
Java,.\server\src\main\java\io\crate\Streamer.java,6,20,8
Java,.\server\src\main\java\io\crate\analyze\relations\FieldResolver.java,5,20,8
Java,.\server\src\main\java\io\crate\blob\BlobWriteException.java,5,20,8
Java,.\server\src\main\java\io\crate\blob\IPutChunkRequest.java,7,20,8
Java,.\server\src\main\java\io\crate\exceptions\ReadOnlyException.java,4,20,8
Java,.\server\src\main\java\io\crate\exceptions\SchemaScopeException.java,4,23,8
Java,.\server\src\main\java\io\crate\execution\engine\distribution\MultiBucketBuilder.java,6,36,8
Java,.\server\src\main\java\io\crate\execution\engine\sort\NullValueOrder.java,3,20,8
Java,.\server\src\main\java\io\crate\execution\support\NodeAction.java,5,24,8
Java,.\server\src\main\java\io\crate\expression\operator\TriPredicate.java,4,20,8
Java,.\server\src\main\java\io\crate\fdw\FdwProvider.java,7,20,8
Java,.\server\src\main\java\io\crate\metadata\information\MetadataInformationModule.java,4,20,8
Java,.\server\src\main\java\io\crate\metadata\sys\MetadataSysModule.java,4,20,8
Java,.\server\src\main\java\io\crate\metadata\table\StoredTable.java,6,20,8
Java,.\server\src\main\java\io\crate\role\Policy.java,4,21,8
Java,.\server\src\main\java\org\elasticsearch\action\bulk\BulkRequestExecutor.java,4,20,8
Java,.\server\src\main\java\org\elasticsearch\cluster\NamedDiff.java,4,24,8
Java,.\server\src\main\java\org\elasticsearch\cluster\routing\RerouteService.java,4,27,8
Java,.\server\src\main\java\org\elasticsearch\cluster\service\ClusterApplier.java,5,29,8
Java,.\server\src\main\java\org\elasticsearch\http\HttpServerTransport.java,5,18,8
Java,.\server\src\main\java\org\elasticsearch\index\engine\SnapshotFailedEngineException.java,5,18,8
Java,.\server\src\main\java\org\elasticsearch\monitor\StatusInfo.java,4,22,8
Java,.\server\src\main\java\org\elasticsearch\node\NodeValidationException.java,5,30,8
Java,.\server\src\main\java\org\elasticsearch\tasks\TaskAwareRequest.java,5,31,8
Java,.\libs\guice\src\main\java\org\elasticsearch\common\inject\binder\AnnotatedBindingBuilder.java,5,26,7
Java,.\libs\guice\src\main\java\org\elasticsearch\common\inject\binder\AnnotatedConstantBindingBuilder.java,5,26,7
Java,.\libs\guice\src\main\java\org\elasticsearch\common\inject\spi\ConstructorBinding.java,6,32,7
Java,.\libs\guice\src\main\java\org\elasticsearch\common\inject\spi\Element.java,7,47,7
Java,.\libs\guice\src\main\java\org\elasticsearch\common\inject\spi\InstanceBinding.java,7,30,7
Java,.\libs\guice\src\main\java\org\elasticsearch\common\inject\spi\ProviderBinding.java,4,25,7
Java,.\libs\guice\src\main\java\org\elasticsearch\common\inject\spi\ProviderKeyBinding.java,5,25,7
Java,.\libs\shared\src\main\java\io\crate\common\collections\Tuple.java,3,24,7
Java,.\libs\sql-parser\src\main\java\io\crate\sql\tree\Expression.java,3,20,7
Java,.\libs\sql-parser\src\main\java\io\crate\sql\tree\LocStmt.java,5,22,7
Java,.\libs\sql-parser\src\main\java\io\crate\sql\tree\QueryBody.java,3,20,7
Java,.\libs\sql-parser\src\main\java\io\crate\sql\tree\Relation.java,3,20,7
Java,.\libs\sql-parser\src\main\java\io\crate\sql\tree\SelectItem.java,3,20,7
Java,.\libs\sql-parser\src\main\java\io\crate\sql\tree\Statement.java,3,20,7
Java,.\server\src\main\java\io\crate\auth\Authentication.java,5,20,7
Java,.\server\src\main\java\io\crate\blob\exceptions\DigestNotFoundException.java,4,20,7
Java,.\server\src\main\java\io\crate\blob\exceptions\IllegalBlobRecoveryStateException.java,4,20,7
Java,.\server\src\main\java\io\crate\blob\transfer\HeadChunkFileTooSmallException.java,4,20,7
Java,.\server\src\main\java\io\crate\exceptions\AnalyzerUnknownException.java,5,20,7
Java,.\server\src\main\java\io\crate\exceptions\RepositoryAlreadyExistsException.java,5,20,7
Java,.\server\src\main\java\io\crate\exceptions\UnscopedException.java,3,24,7
Java,.\server\src\main\java\io\crate\execution\engine\collect\files\FileInputFactory.java,6,20,7
Java,.\server\src\main\java\io\crate\execution\support\ActionExecutor.java,5,20,7
Java,.\server\src\main\java\io\crate\legacy\LegacySettings.java,5,20,7
Java,.\server\src\main\java\io\crate\memory\MemoryManager.java,5,33,7
Java,.\server\src\main\java\io\crate\metadata\FunctionType.java,2,20,7
Java,.\server\src\main\java\io\crate\metadata\RelationLookup.java,5,27,7
Java,.\server\src\main\java\io\crate\metadata\TableInfoFactory.java,6,24,7
Java,.\server\src\main\java\io\crate\planner\optimizer\symbol\FunctionLookup.java,5,20,7
Java,.\server\src\main\java\io\crate\protocols\postgres\BindPostgresException.java,3,20,7
Java,.\server\src\main\java\io\crate\session\parser\SQLParseSourceException.java,4,23,7
Java,.\server\src\main\java\org\elasticsearch\cluster\TimeoutClusterStateListener.java,6,23,7
Java,.\server\src\main\java\org\elasticsearch\common\compress\NotXContentException.java,5,20,7
Java,.\server\src\main\java\org\elasticsearch\common\lease\Releasable.java,6,21,7
Java,.\server\src\main\java\org\elasticsearch\common\lucene\search\UnscoredLeafCollector.java,4,24,7
Java,.\server\src\main\java\org\elasticsearch\common\recycler\AbstractRecycler.java,6,18,7
Java,.\server\src\main\java\org\elasticsearch\common\util\IntArray.java,7,33,7
Java,.\server\src\main\java\org\elasticsearch\index\engine\InternalEngineFactory.java,2,18,7
Java,.\server\src\main\java\org\elasticsearch\monitor\os\DummyOsInfo.java,4,18,7
Java,.\server\src\main\java\org\elasticsearch\plugins\EnginePlugin.java,6,29,7
Java,.\app\src\main\java\org\elasticsearch\bootstrap\StartupExceptionProxy.java,2,24,6
Java,.\libs\es-x-content\src\main\java\org\elasticsearch\common\xcontent\ContextParser.java,3,21,6
Java,.\libs\guice\src\main\java\org\elasticsearch\common\inject\ContextualCallable.java,3,18,6
Java,.\libs\guice\src\main\java\org\elasticsearch\common\inject\Initializable.java,4,23,6
Java,.\libs\guice\src\main\java\org\elasticsearch\common\inject\Scope.java,4,50,6
Java,.\libs\guice\src\main\java\org\elasticsearch\common\inject\Stage.java,5,33,6
Java,.\libs\guice\src\main\java\org\elasticsearch\common\inject\binder\AnnotatedElementBuilder.java,5,27,6
Java,.\libs\guice\src\main\java\org\elasticsearch\common\inject\matcher\Matcher.java,5,31,6
Java,.\libs\guice\src\main\java\org\elasticsearch\common\inject\spi\LinkedKeyBinding.java,5,24,6
Java,.\libs\shared\src\main\java\io\crate\common\CheckedFunction.java,3,23,6
Java,.\libs\sql-parser\src\main\java\io\crate\sql\tree\Node.java,3,20,6
Java,.\server\src\main\java\io\crate\analyze\AnalyzedCheck.java,4,20,6
Java,.\server\src\main\java\io\crate\blob\exceptions\BlobAlreadyExistsException.java,3,20,6
Java,.\server\src\main\java\io\crate\blob\exceptions\DigestMismatchException.java,3,20,6
Java,.\server\src\main\java\io\crate\blob\exceptions\MissingHTTPEndpointException.java,3,20,6
Java,.\server\src\main\java\io\crate\exceptions\AnalyzerInvalidException.java,4,20,6
Java,.\server\src\main\java\io\crate\exceptions\ClusterScopeException.java,3,24,6
Java,.\server\src\main\java\io\crate\exceptions\SubscriptionRestoreException.java,3,20,6
Java,.\server\src\main\java\io\crate\execution\dml\TranslogMappingUpdateException.java,4,20,6
Java,.\server\src\main\java\io\crate\execution\dsl\phases\UpstreamPhase.java,5,20,6
Java,.\server\src\main\java\io\crate\execution\engine\aggregation\impl\util\NumericValueHolder.java,4,20,6
Java,.\server\src\main\java\io\crate\execution\engine\collect\files\LineCollectorExpression.java,4,20,6
Java,.\server\src\main\java\io\crate\execution\engine\collect\stats\LogSink.java,6,20,6
Java,.\server\src\main\java\io\crate\execution\engine\export\FileOutputFactory.java,5,20,6
Java,.\server\src\main\java\io\crate\execution\jobs\DownstreamRXTask.java,4,23,6
Java,.\server\src\main\java\io\crate\execution\jobs\kill\KillAllListener.java,5,20,6
Java,.\server\src\main\java\io\crate\expression\reference\ReferenceResolver.java,4,20,6
Java,.\server\src\main\java\io\crate\expression\scalar\cast\CastMode.java,4,32,6
Java,.\server\src\main\java\io\crate\planner\distribution\DistributionType.java,2,20,6
Java,.\server\src\main\java\io\crate\protocols\ssl\SslConfigurationException.java,3,23,6
Java,.\server\src\main\java\org\elasticsearch\cluster\ack\AckedRequest.java,5,27,6
Java,.\server\src\main\java\org\elasticsearch\common\CheckedBiConsumer.java,3,21,6
Java,.\server\src\main\java\org\elasticsearch\common\CheckedConsumer.java,3,21,6
Java,.\server\src\main\java\org\elasticsearch\common\compress\NotCompressedException.java,4,21,6
Java,.\server\src\main\java\org\elasticsearch\common\lucene\uid\Versions.java,6,25,6
Java,.\server\src\main\java\org\elasticsearch\common\util\BigArray.java,5,20,6
Java,.\server\src\main\java\org\elasticsearch\common\util\concurrent\RefCounted.java,6,55,6
Java,.\server\src\main\java\org\elasticsearch\index\analysis\AnalyzerScope.java,2,18,6
Java,.\server\src\main\java\org\elasticsearch\index\analysis\CharFilterFactory.java,5,18,6
Java,.\server\src\main\java\org\elasticsearch\index\engine\MissingHistoryOperationsException.java,3,22,6
Java,.\server\src\main\java\org\elasticsearch\index\shard\IndexShardComponent.java,5,18,6
Java,.\server\src\main\java\org\elasticsearch\snapshots\AbortedSnapshotException.java,2,18,6
Java,.\extensions\jmx-monitoring\src\main\java\io\crate\beans\NodeStatusMBean.java,3,29,5
Java,.\libs\dex\src\main\java\io\crate\data\breaker\RowAccounting.java,4,34,5
Java,.\libs\guice\src\main\java\org\elasticsearch\common\inject\Lookups.java,4,21,5
Java,.\libs\guice\src\main\java\org\elasticsearch\common\inject\spi\HasDependencies.java,4,29,5
Java,.\libs\guice\src\main\java\org\elasticsearch\common\inject\spi\TypeConverter.java,4,24,5
Java,.\libs\guice\src\main\java\org\elasticsearch\common\inject\spi\TypeListener.java,5,37,5
Java,.\libs\shared\src\main\java\io\crate\common\FourFunction.java,2,38,5
Java,.\libs\sql-parser\src\main\java\io\crate\sql\tree\CascadeMode.java,2,20,5
Java,.\server\src\main\java\io\crate\analyze\ValuesResolver.java,4,23,5
Java,.\server\src\main\java\io\crate\concurrent\CompletionListenable.java,4,20,5
Java,.\server\src\main\java\io\crate\execution\engine\collect\CollectExpression.java,5,23,5
Java,.\server\src\main\java\io\crate\execution\engine\indexing\ItemFactory.java,3,20,5
Java,.\server\src\main\java\io\crate\execution\engine\indexing\ShardLocation.java,3,20,5
Java,.\server\src\main\java\io\crate\execution\engine\pipeline\LimitAndOffset.java,3,20,5
Java,.\server\src\main\java\io\crate\execution\engine\window\ComputeFrameBoundary.java,4,20,5
Java,.\server\src\main\java\io\crate\expression\operator\FourPredicate.java,3,20,5
Java,.\server\src\main\java\io\crate\expression\reference\information\ColumnContext.java,3,20,5
Java,.\server\src\main\java\io\crate\expression\scalar\ThreeParametersFunction.java,3,20,5
Java,.\server\src\main\java\io\crate\expression\symbol\format\Style.java,2,20,5
Java,.\server\src\main\java\io\crate\lucene\DisableGraphAttribute.java,3,24,5
Java,.\server\src\main\java\io\crate\metadata\IndexMappings.java,3,20,5
Java,.\server\src\main\java\io\crate\metadata\IndexUUID.java,4,20,5
Java,.\server\src\main\java\io\crate\metadata\expressions\RowCollectExpressionFactory.java,4,20,5
Java,.\server\src\main\java\io\crate\metadata\settings\session\SessionSettingProvider.java,5,24,5
Java,.\server\src\main\java\io\crate\planner\operators\PlanHint.java,3,63,5
Java,.\server\src\main\java\io\crate\session\parser\SQLParseElement.java,4,33,5
Java,.\server\src\main\java\org\elasticsearch\action\admin\indices\shrink\ResizeType.java,2,21,5
Java,.\server\src\main\java\org\elasticsearch\bootstrap\ConsoleCtrlHandler.java,4,24,5
Java,.\server\src\main\java\org\elasticsearch\cluster\ClusterStateApplier.java,4,29,5
Java,.\server\src\main\java\org\elasticsearch\cluster\Diff.java,4,24,5
Java,.\server\src\main\java\org\elasticsearch\cluster\routing\Preference.java,5,23,5
Java,.\server\src\main\java\org\elasticsearch\cluster\routing\ShardIterator.java,4,24,5
Java,.\server\src\main\java\org\elasticsearch\common\CheckedBiFunction.java,2,21,5
Java,.\server\src\main\java\org\elasticsearch\common\CheckedRunnable.java,2,21,5
Java,.\server\src\main\java\org\elasticsearch\common\SecureRandomHolder.java,3,19,5
Java,.\server\src\main\java\org\elasticsearch\common\TriFunction.java,2,35,5
Java,.\server\src\main\java\org\elasticsearch\common\blobstore\BlobStore.java,4,24,5
Java,.\server\src\main\java\org\elasticsearch\common\io\stream\BytesStream.java,4,18,5
Java,.\server\src\main\java\org\elasticsearch\common\util\ObjectArray.java,5,27,5
Java,.\server\src\main\java\org\elasticsearch\common\util\concurrent\XRejectedExecutionHandler.java,4,21,5
Java,.\server\src\main\java\org\elasticsearch\index\analysis\TokenizerFactory.java,3,18,5
Java,.\server\src\main\java\org\elasticsearch\index\engine\EngineFactory.java,4,21,5
Java,.\server\src\main\java\org\elasticsearch\monitor\NodeHealthService.java,3,18,5
Java,.\server\src\main\java\org\elasticsearch\plugins\ReloadablePlugin.java,3,46,5
Java,.\server\src\main\java\org\elasticsearch\repositories\RepositoryOperation.java,4,27,5
Java,.\server\src\main\java\org\elasticsearch\snapshots\SnapshotsInfoService.java,2,18,5
Java,.\server\src\main\java\org\elasticsearch\transport\RemoteClusterAwareRequest.java,5,25,5
Java,.\extensions\functions\src\main\java\io\crate\plugin\ExtraFunctionsPlugin.java,4,20,4
Java,.\libs\dex\src\main\java\io\crate\data\Input.java,3,20,4
Java,.\libs\guice\src\main\java\org\elasticsearch\common\inject\ConstructionProxyFactory.java,3,23,4
Java,.\libs\guice\src\main\java\org\elasticsearch\common\inject\MembersInjector.java,3,34,4
Java,.\libs\guice\src\main\java\org\elasticsearch\common\inject\Module.java,3,36,4
Java,.\libs\guice\src\main\java\org\elasticsearch\common\inject\Provider.java,3,44,4
Java,.\libs\guice\src\main\java\org\elasticsearch\common\inject\spi\InjectionListener.java,3,28,4
Java,.\libs\guice\src\main\java\org\elasticsearch\common\inject\spi\ProviderWithDependencies.java,3,21,4
Java,.\libs\guice\src\main\java\org\elasticsearch\common\inject\spi\UntargettedBinding.java,3,22,4
Java,.\libs\shared\src\main\java\io\crate\common\CheckedTriConsumer.java,2,23,4
Java,.\libs\shared\src\main\java\io\crate\common\TriConsumer.java,3,33,4
Java,.\server\src\main\java\io\crate\exceptions\CrateException.java,4,20,4
Java,.\server\src\main\java\io\crate\execution\jobs\PageResultListener.java,3,34,4
Java,.\server\src\main\java\io\crate\expression\reference\sys\job\ContextLog.java,3,20,4
Java,.\server\src\main\java\io\crate\types\FixedWidthType.java,3,34,4
Java,.\server\src\main\java\org\elasticsearch\ElasticsearchWrapperException.java,2,23,4
Java,.\server\src\main\java\org\elasticsearch\cluster\ClusterStateListener.java,3,26,4
Java,.\server\src\main\java\org\elasticsearch\cluster\NamedDiffable.java,3,21,4
Java,.\server\src\main\java\org\elasticsearch\common\CheckedTriFunction.java,3,28,4
Java,.\server\src\main\java\org\elasticsearch\common\UUIDGenerator.java,2,21,4
Java,.\server\src\main\java\org\elasticsearch\common\io\stream\NamedWriteable.java,3,26,4
Java,.\server\src\main\java\org\elasticsearch\common\util\concurrent\WrappedRunnable.java,2,18,4
Java,.\server\src\main\java\org\elasticsearch\index\IndexComponent.java,3,18,4
Java,.\server\src\main\java\org\elasticsearch\index\analysis\MultiTermAwareComponent.java,4,22,4
Java,.\server\src\main\java\org\elasticsearch\transport\TransportRequestHandler.java,4,18,4
Java,.\libs\sql-parser\src\main\java\io\crate\sql\tree\AnalyzerElement.java,2,20,3
Java,.\libs\sql-parser\src\main\java\io\crate\sql\tree\RerouteOption.java,2,20,3
Java,.\server\src\main\java\io\crate\exceptions\ConflictException.java,3,20,3
Java,.\server\src\main\java\io\crate\exceptions\ResourceUnknownException.java,2,20,3
Java,.\server\src\main\java\io\crate\planner\optimizer\matcher\Capture.java,2,20,3
Java,.\server\src\main\java\org\elasticsearch\action\support\WriteResponse.java,3,21,3
Java,.\server\src\main\java\org\elasticsearch\index\mapper\ArrayValueMapperParser.java,2,24,3
Java,.\libs\dex\src\main\java\io\crate\data\package-info.java,1,52,1
Java,.\libs\guice\src\main\java\org\elasticsearch\common\inject\assistedinject\package-info.java,1,19,1
Java,.\libs\guice\src\main\java\org\elasticsearch\common\inject\binder\package-info.java,1,19,1
Java,.\libs\guice\src\main\java\org\elasticsearch\common\inject\internal\package-info.java,2,18,1
Java,.\libs\guice\src\main\java\org\elasticsearch\common\inject\matcher\package-info.java,1,19,1
Java,.\libs\guice\src\main\java\org\elasticsearch\common\inject\multibindings\package-info.java,1,19,1
Java,.\libs\guice\src\main\java\org\elasticsearch\common\inject\name\package-info.java,1,18,1
Java,.\libs\guice\src\main\java\org\elasticsearch\common\inject\package-info.java,1,45,1
Java,.\libs\guice\src\main\java\org\elasticsearch\common\inject\spi\package-info.java,2,18,1
Java,.\libs\guice\src\main\java\org\elasticsearch\common\inject\util\package-info.java,1,18,1
Java,.\server\src\main\java\io\crate\collections\accountable\package-info.java,1,24,1
Java,.\server\src\main\java\io\crate\execution\dsl\package-info.java,1,109,1
Java,.\server\src\main\java\io\crate\execution\package-info.java,1,160,1
Java,.\server\src\main\java\io\crate\profile\package-info.java,1,24,1
Java,.\server\src\main\java\io\crate\replication\logical\package-info.java,2,41,1
Java,.\server\src\main\java\io\crate\statistics\package-info.java,1,55,1
Java,.\server\src\main\java\org\elasticsearch\action\admin\indices\create\package-info.java,1,21,1
Java,.\server\src\main\java\org\elasticsearch\action\admin\indices\delete\package-info.java,1,21,1
Java,.\server\src\main\java\org\elasticsearch\action\admin\indices\forcemerge\package-info.java,1,21,1
Java,.\server\src\main\java\org\elasticsearch\action\admin\indices\mapping\package-info.java,1,21,1
Java,.\server\src\main\java\org\elasticsearch\action\admin\indices\mapping\put\package-info.java,1,21,1
Java,.\server\src\main\java\org\elasticsearch\action\admin\indices\package-info.java,1,21,1
Java,.\server\src\main\java\org\elasticsearch\action\admin\indices\refresh\package-info.java,1,21,1
Java,.\server\src\main\java\org\elasticsearch\action\admin\indices\retention\package-info.java,2,27,1
Java,.\server\src\main\java\org\elasticsearch\action\admin\package-info.java,1,21,1
Java,.\server\src\main\java\org\elasticsearch\action\package-info.java,1,21,1
Java,.\server\src\main\java\org\elasticsearch\client\package-info.java,1,21,1
Java,.\server\src\main\java\org\elasticsearch\common\blobstore\package-info.java,1,231,1
Java,.\server\src\main\java\org\elasticsearch\common\io\stream\package-info.java,1,21,1
Java,.\server\src\main\java\org\elasticsearch\common\settings\package-info.java,1,21,1
Java,.\server\src\main\java\org\elasticsearch\monitor\package-info.java,1,22,1
Java,.\server\src\main\java\org\elasticsearch\node\package-info.java,1,22,1
Java,.\server\src\main\java\org\elasticsearch\package-info.java,1,21,1
Java,.\server\src\main\java\org\elasticsearch\plugins\package-info.java,1,22,1
Java,.\server\src\main\java\org\elasticsearch\plugins\spi\package-info.java,1,23,1
Java,.\server\src\main\java\org\elasticsearch\repositories\package-info.java,1,21,1
Java,.\server\src\main\java\org\elasticsearch\snapshots\package-info.java,1,137,1
Java,.\server\src\main\java\org\elasticsearch\tasks\package-info.java,1,22,1
SUM,,61292,116702,335926
